player_id,team,position,games_played,points_per_game,assists_per_game,rebounds_per_game,minutes_per_game,age,experience_years,salary_millions,play_style_score,efficiency_rating,usage_rate,market_value,win_shares
P0001,Team_F,Guard,76,14.2,0.1,5.0,18.5,37,8,4.36,65.9,25.2,0.257,11.97,5.9
P0002,Team_E,Forward,71,31.5,0.0,4.3,15.7,31,3,0.5,63.7,23.7,0.383,35.17,1.9
P0003,Team_G,Defender,76,17.9,5.3,7.7,27.7,22,4,2.3,52.3,11.6,0.35,12.54,0.0
P0004,Team_A,Guard,56,9.1,1.8,0.0,6.4,25,5,2.36,49.7,17.1,0.357,8.45,8.2
P0005,Team_I,Striker,35,24.0,5.4,6.6,39.3,33,5,1.03,28.2,24.6,0.229,29.45,8.8
P0006,Team_K,Forward,40,18.5,3.0,6.0,34.3,26,4,5.04,48.2,12.4,0.147,22.22,11.3
P0007,Team_H,Defender,72,18.3,5.1,6.1,28.5,36,11,7.26,37.8,9.0,0.268,33.93,9.3
P0008,Team_K,Guard,13,12.1,1.1,13.8,19.3,24,3,1.36,24.2,18.1,0.297,4.96,4.7
P0009,Team_F,Defender,37,4.7,0.2,10.0,18.8,25,1,1.49,22.7,11.9,0.145,1.0,3.7
P0010,Team_I,Center,27,12.7,0.0,2.0,27.8,25,1,1.4,34.7,8.6,0.165,18.58,9.7
P0011,Team_B,Defender,31,18.1,2.6,4.5,35.9,28,2,4.76,7.3,6.4,0.224,18.16,7.2
P0012,Team_K,Guard,42,20.5,9.3,3.7,6.1,31,8,2.31,74.7,16.8,0.301,34.72,6.3
P0013,Team_I,Midfielder,14,16.6,0.1,3.1,48.0,26,8,2.34,53.6,25.1,0.154,18.62,2.4
P0014,Team_J,Striker,65,2.7,0.0,8.3,48.0,30,2,4.02,15.7,7.4,0.154,1.0,3.0
P0015,Team_L,Striker,62,0.0,4.5,4.4,24.5,31,12,1.96,47.0,23.1,0.183,1.0,0.0
P0016,Team_I,Midfielder,58,0.0,13.5,8.9,25.4,24,15,2.62,44.1,6.0,0.338,1.0,0.5
P0017,Team_J,Striker,70,4.6,2.0,3.8,18.0,27,13,0.5,31.9,20.4,0.219,1.0,10.2
P0018,Team_D,Center,26,18.7,11.5,2.7,24.0,33,4,0.5,31.2,17.6,0.108,33.12,2.5
P0019,Team_D,Center,49,28.5,0.0,5.0,20.6,37,12,3.08,43.3,16.4,0.351,35.28,0.0
P0020,Team_B,Center,29,6.3,4.3,0.0,12.9,30,4,0.5,19.2,20.6,0.339,1.04,10.6
P0021,Team_I,Guard,44,10.5,2.9,4.9,23.9,23,11,0.64,12.8,14.1,0.31,5.71,3.5
P0022,Team_J,Center,22,6.5,5.6,6.3,20.9,24,9,9.78,41.1,14.7,0.325,3.66,9.8
P0023,Team_G,Forward,14,17.7,2.0,5.9,19.9,27,2,1.97,36.5,7.4,0.304,11.29,11.1
P0024,Team_A,Midfielder,34,19.9,7.4,6.2,26.2,33,8,0.75,47.9,22.8,0.301,25.27,10.7
P0025,Team_J,Guard,51,8.1,7.1,7.1,14.6,37,4,4.09,32.9,22.9,0.244,3.96,12.3
P0026,Team_H,Striker,53,17.2,2.2,3.0,34.3,27,2,1.22,75.7,6.7,0.202,22.1,5.7
P0027,Team_H,Midfielder,69,0.3,9.4,3.2,17.7,35,12,1.21,31.6,14.1,0.177,1.0,8.2
P0028,Team_H,Center,59,0.0,2.1,7.6,12.7,24,15,3.55,43.8,17.7,0.213,1.0,5.8
P0029,Team_E,Center,71,9.6,1.8,6.9,21.2,26,12,0.5,52.3,10.3,0.124,4.95,6.7
P0030,Team_D,Forward,22,31.9,0.0,17.9,19.8,31,6,1.96,38.2,9.9,0.328,36.37,5.2
P0031,Team_L,Center,50,19.5,0.0,7.0,9.1,27,2,0.5,55.7,18.4,0.39,18.8,0.0
P0032,Team_B,Forward,43,9.0,2.2,8.3,36.3,21,13,1.18,42.7,4.3,0.168,9.52,8.9
P0033,Team_D,Guard,68,10.4,8.2,5.9,27.9,35,13,5.0,59.4,17.2,0.399,11.97,8.1
P0034,Team_D,Striker,52,22.9,2.1,8.1,16.0,34,10,1.72,51.2,25.6,0.182,20.65,2.1
P0035,Team_B,Center,18,0.7,8.0,4.4,41.8,24,0,0.5,74.9,6.4,0.355,1.0,5.8
P0036,Team_I,Guard,64,20.7,0.1,6.5,28.2,24,14,1.43,54.9,26.2,0.39,17.31,4.8
P0037,Team_B,Striker,33,16.1,3.6,6.2,22.6,24,15,1.6,52.3,25.2,0.203,15.09,7.7
P0038,Team_G,Guard,27,15.7,4.1,4.5,32.2,26,15,0.61,52.1,9.3,0.354,35.46,8.9
P0039,Team_L,Midfielder,37,13.5,5.2,6.8,29.2,30,1,4.22,39.3,7.2,0.335,12.17,7.6
P0040,Team_I,Midfielder,80,14.5,0.0,4.6,18.9,29,7,0.5,81.6,8.9,0.394,13.71,1.8
P0041,Team_F,Defender,31,0.0,2.6,7.7,21.4,35,7,0.5,13.4,14.5,0.329,1.0,3.2
P0042,Team_B,Center,46,3.9,9.1,3.6,23.8,32,11,4.99,36.1,19.0,0.152,1.0,7.4
P0043,Team_B,Defender,50,2.8,2.6,7.9,33.0,25,15,0.52,51.1,25.4,0.136,1.0,0.3
P0044,Team_A,Defender,52,17.2,4.5,4.5,11.0,22,17,1.35,3.7,17.5,0.394,28.71,8.0
P0045,Team_A,Midfielder,55,5.8,5.6,4.3,37.5,25,17,4.52,62.4,32.1,0.235,8.58,2.2
P0046,Team_F,Forward,21,8.9,2.9,11.9,33.3,26,1,4.78,52.2,23.1,0.372,3.82,8.8
P0047,Team_G,Forward,63,12.0,0.8,2.3,48.0,30,0,6.19,65.6,11.8,0.381,4.65,6.0
P0048,Team_E,Forward,22,16.3,2.5,6.2,14.6,21,9,2.59,37.6,9.0,0.36,18.48,0.0
P0049,Team_B,Striker,41,5.1,4.4,15.5,29.7,32,12,1.55,45.0,26.0,0.17,8.48,3.6
P0050,Team_B,Guard,31,15.6,2.2,6.6,24.7,22,1,2.59,59.9,21.5,0.244,11.19,0.0
P0051,Team_C,Forward,62,31.5,5.3,7.2,6.5,21,14,4.74,86.2,13.4,0.396,43.85,6.3
P0052,Team_L,Striker,60,19.8,1.1,3.9,32.5,35,12,2.47,55.6,17.6,0.344,21.97,9.3
P0053,Team_C,Striker,70,4.4,2.6,9.9,13.9,25,10,6.71,57.0,31.9,0.239,13.02,3.8
P0054,Team_D,Forward,33,12.0,4.3,5.3,28.9,21,13,1.97,9.8,9.0,0.166,8.03,0.0
P0055,Team_B,Striker,24,14.8,1.7,8.1,35.1,34,15,0.73,14.8,25.3,0.386,16.37,1.9
P0056,Team_K,Guard,38,6.9,2.0,0.0,12.2,31,14,6.81,59.5,11.3,0.157,8.33,9.7
P0057,Team_J,Midfielder,17,23.2,5.6,8.1,18.3,24,5,10.11,42.8,18.4,0.154,34.93,0.0
P0058,Team_L,Defender,67,7.2,1.8,1.2,23.6,25,7,0.88,70.7,15.3,0.132,2.49,2.7
P0059,Team_H,Forward,30,2.9,2.3,4.1,12.1,26,9,2.38,41.7,10.9,0.132,1.0,3.3
P0060,Team_H,Striker,72,9.5,4.9,11.7,30.8,22,4,4.2,76.3,16.0,0.334,3.56,7.2
P0061,Team_E,Midfielder,67,12.1,6.0,2.8,48.0,26,1,4.13,59.0,13.5,0.151,20.3,1.5
P0062,Team_E,Defender,53,4.9,1.7,8.2,26.2,33,6,5.24,64.8,24.3,0.362,1.0,6.0
P0063,Team_K,Guard,62,23.3,7.6,8.0,29.0,31,14,7.41,99.3,12.2,0.339,28.67,5.0
P0064,Team_F,Forward,34,0.4,5.9,13.3,15.1,25,11,4.64,60.3,4.2,0.361,3.37,0.7
P0065,Team_G,Midfielder,22,7.7,5.0,7.1,41.5,24,6,3.05,31.1,0.0,0.241,9.92,1.7
P0066,Team_E,Midfielder,25,14.4,5.3,14.1,26.6,36,14,2.85,34.4,13.9,0.323,13.4,6.9
P0067,Team_J,Forward,52,13.9,3.1,8.8,24.2,20,9,0.73,70.6,0.0,0.339,22.41,3.0
P0068,Team_I,Midfielder,36,23.4,4.2,13.9,22.2,27,10,0.5,59.1,11.2,0.201,27.67,4.3
P0069,Team_J,Defender,33,15.1,6.8,0.6,32.5,29,13,0.68,31.3,28.1,0.228,13.16,2.8
P0070,Team_J,Midfielder,67,7.6,2.5,10.0,8.3,28,17,0.5,58.6,2.2,0.329,5.44,7.6
P0071,Team_A,Midfielder,65,5.5,8.3,4.6,48.0,26,16,3.3,22.0,6.0,0.11,9.28,3.7
P0072,Team_K,Striker,19,8.7,1.6,0.7,30.4,25,6,8.92,60.9,15.0,0.225,16.08,12.3
P0073,Team_I,Striker,54,10.4,2.4,7.1,38.3,28,8,0.5,47.0,10.7,0.324,12.65,2.5
P0074,Team_B,Center,76,14.5,10.8,7.0,25.3,32,15,0.5,46.6,12.2,0.206,20.27,0.1
P0075,Team_I,Center,64,1.7,6.5,5.5,29.6,28,12,3.64,29.1,16.2,0.28,2.99,5.7
P0076,Team_D,Defender,12,12.1,2.5,9.7,34.9,36,14,3.47,22.6,10.9,0.229,8.49,3.1
P0077,Team_A,Striker,37,15.2,0.6,7.9,24.0,34,4,3.95,53.6,9.2,0.133,14.92,3.6
P0078,Team_H,Center,61,11.6,3.8,3.0,17.3,27,2,2.59,32.0,14.8,0.208,10.92,5.2
P0079,Team_E,Guard,78,11.5,5.8,12.5,31.1,37,17,0.5,88.1,16.1,0.312,14.72,2.0
P0080,Team_A,Center,33,25.0,0.0,7.4,33.6,30,15,10.11,73.0,17.7,0.352,26.7,4.7
P0081,Team_L,Defender,19,10.6,0.6,8.8,30.8,36,8,0.5,65.2,22.9,0.266,4.06,6.1
P0082,Team_L,Guard,81,24.7,4.3,4.3,39.2,22,15,6.82,51.2,20.1,0.273,34.3,9.9
P0083,Team_H,Midfielder,31,12.6,6.8,10.3,12.6,22,16,0.92,37.8,11.5,0.174,23.7,3.0
P0084,Team_K,Guard,10,11.0,5.6,10.7,6.3,33,2,0.5,33.7,20.4,0.2,5.8,3.9
P0085,Team_H,Defender,50,0.6,1.0,1.6,25.1,35,10,3.02,43.5,20.3,0.253,1.0,8.8
P0086,Team_A,Striker,15,10.7,4.9,0.0,11.9,26,0,0.5,73.9,6.7,0.259,8.84,7.2
P0087,Team_J,Guard,53,0.0,4.1,4.0,41.3,37,14,0.81,59.8,27.1,0.207,1.0,6.5
P0088,Team_A,Guard,16,18.5,5.2,6.3,25.2,36,11,2.47,37.6,21.3,0.232,21.08,3.9
P0089,Team_K,Defender,29,17.1,2.1,6.7,21.4,37,16,0.5,41.4,21.9,0.166,5.1,4.5
P0090,Team_G,Defender,61,15.3,4.2,3.4,35.5,34,9,17.56,46.9,15.8,0.366,18.0,4.4
P0091,Team_F,Forward,11,0.0,3.7,9.1,31.2,32,8,3.5,81.8,13.3,0.113,1.0,5.1
P0092,Team_B,Defender,14,16.0,8.2,3.2,15.9,30,8,0.5,41.7,19.7,0.14,22.23,0.0
P0093,Team_J,Defender,81,17.5,0.0,0.0,31.3,23,16,5.0,92.8,15.8,0.243,16.99,7.7
P0094,Team_L,Guard,81,18.4,2.5,10.3,46.4,21,16,1.23,2.2,19.8,0.334,20.86,9.9
P0095,Team_I,Defender,37,13.2,6.4,4.1,27.2,27,13,4.34,83.4,18.9,0.102,11.77,0.6
P0096,Team_L,Striker,12,25.2,1.1,4.7,32.6,32,1,4.97,49.9,21.8,0.114,20.03,11.3
P0097,Team_D,Forward,23,11.4,4.0,11.4,21.5,22,9,2.77,46.7,10.3,0.237,19.86,6.8
P0098,Team_I,Guard,44,9.2,5.3,6.1,25.0,35,0,6.27,43.6,13.6,0.394,6.77,2.2
P0099,Team_C,Midfielder,53,9.8,7.3,3.3,30.9,35,9,0.84,27.7,21.2,0.159,8.99,10.7
P0100,Team_D,Forward,23,17.4,6.8,4.4,30.9,20,10,3.33,57.6,6.7,0.215,22.13,13.5
P0101,Team_D,Defender,28,7.3,6.4,9.1,11.3,32,4,4.54,30.9,19.3,0.117,12.48,3.9
P0102,Team_D,Guard,59,14.6,1.0,6.2,28.9,28,7,2.11,35.5,14.9,0.129,11.56,10.8
P0103,Team_K,Guard,76,14.3,0.0,9.6,18.0,35,10,1.16,59.1,17.2,0.163,15.52,6.0
P0104,Team_A,Striker,71,16.7,10.6,11.3,26.0,30,16,1.48,61.3,15.1,0.131,19.01,4.0
P0105,Team_A,Defender,77,9.7,5.2,0.9,17.1,29,5,5.01,22.2,3.4,0.28,8.82,3.2
P0106,Team_L,Striker,73,4.8,5.2,7.3,38.0,31,6,4.87,5.7,25.8,0.302,1.0,3.4
P0107,Team_A,Center,71,2.8,4.7,3.4,34.5,21,10,3.09,72.7,23.2,0.169,1.0,3.0
P0108,Team_H,Guard,50,7.0,0.0,1.7,42.3,25,10,5.2,60.0,2.8,0.312,1.0,0.4
P0109,Team_H,Midfielder,39,9.6,2.5,10.0,28.4,30,11,3.29,50.7,7.2,0.302,7.51,3.7
P0110,Team_G,Midfielder,52,7.7,1.4,0.0,15.0,23,3,0.54,48.5,19.1,0.287,16.48,5.9
P0111,Team_I,Defender,17,17.3,8.8,6.8,37.3,20,16,2.79,56.5,11.3,0.161,32.46,4.5
P0112,Team_I,Forward,42,20.9,7.8,0.8,22.1,37,6,0.5,33.3,14.2,0.308,22.61,0.0
P0113,Team_D,Guard,36,19.7,5.3,2.2,12.4,20,1,2.8,46.3,8.4,0.181,25.97,6.1
P0114,Team_B,Center,12,0.0,5.6,9.2,26.3,28,16,0.55,67.4,14.1,0.4,1.0,8.9
P0115,Team_K,Striker,16,20.2,5.5,6.8,10.1,33,5,0.66,65.7,14.2,0.263,26.46,3.6
P0116,Team_C,Center,52,19.0,6.3,16.1,26.8,37,12,3.78,44.1,4.7,0.171,31.61,8.7
P0117,Team_G,Striker,55,14.1,9.0,5.4,15.2,22,9,5.29,42.6,20.4,0.303,17.12,7.0
P0118,Team_F,Defender,57,0.0,3.6,4.7,31.2,33,12,3.01,44.9,13.7,0.24,1.0,5.5
P0119,Team_K,Midfielder,41,0.0,2.5,4.0,35.7,28,16,1.16,56.1,20.0,0.28,1.0,7.4
P0120,Team_G,Defender,79,11.5,3.4,10.2,24.3,21,13,3.16,73.9,14.3,0.386,21.17,0.0
P0121,Team_F,Forward,55,8.8,6.5,11.5,12.2,28,6,1.69,30.7,8.6,0.384,11.74,4.1
P0122,Team_D,Forward,38,20.7,5.3,8.4,27.1,35,3,4.97,23.7,26.6,0.241,18.4,1.5
P0123,Team_J,Defender,47,10.8,0.4,15.0,15.9,23,4,0.58,44.4,21.2,0.337,12.84,11.0
P0124,Team_I,Defender,25,23.6,0.9,0.0,12.1,26,4,3.48,42.7,31.9,0.271,29.17,6.3
P0125,Team_E,Defender,63,15.0,2.0,6.5,26.1,33,10,0.5,75.1,15.5,0.134,8.99,0.0
P0126,Team_H,Center,57,9.5,0.0,6.9,29.2,27,0,2.32,8.3,8.7,0.158,2.35,6.3
P0127,Team_E,Midfielder,74,0.6,5.2,6.7,39.5,37,7,7.11,42.5,14.0,0.194,1.0,2.8
P0128,Team_G,Midfielder,19,12.8,8.7,9.0,29.0,34,8,4.82,34.1,11.1,0.249,14.55,8.4
P0129,Team_D,Center,12,0.0,6.0,13.8,23.8,20,13,0.5,67.7,13.7,0.241,1.0,2.0
P0130,Team_J,Guard,17,17.8,4.3,0.0,17.3,24,10,4.28,24.6,20.1,0.383,26.79,4.1
P0131,Team_E,Striker,54,0.0,8.1,8.9,19.1,29,5,2.0,57.3,16.4,0.273,1.0,8.2
P0132,Team_B,Forward,54,9.7,0.8,7.6,44.6,29,9,7.37,49.4,32.8,0.16,4.77,0.0
P0133,Team_J,Guard,48,23.9,3.4,10.8,9.7,27,17,0.5,58.1,21.1,0.337,32.62,5.6
P0134,Team_F,Center,68,13.6,5.2,3.4,30.6,27,4,3.61,34.8,14.8,0.333,16.25,7.7
P0135,Team_B,Center,75,16.5,2.9,0.0,26.5,24,16,0.5,67.4,27.8,0.308,21.19,3.0
P0136,Team_E,Striker,18,9.8,2.5,6.1,26.6,26,13,5.02,85.1,19.0,0.137,4.54,2.8
P0137,Team_B,Striker,81,14.8,5.7,9.5,34.9,25,3,0.5,60.4,15.0,0.141,19.37,4.3
P0138,Team_D,Midfielder,47,19.3,9.5,8.3,32.2,37,17,0.91,4.5,20.1,0.255,21.3,2.7
P0139,Team_F,Guard,30,0.0,4.1,0.0,18.4,22,2,0.5,53.2,12.2,0.221,1.0,4.3
P0140,Team_D,Midfielder,61,15.8,6.4,9.9,29.4,26,7,1.14,38.2,16.0,0.303,12.42,6.9
P0141,Team_E,Guard,59,23.1,6.5,5.4,19.7,32,0,8.13,57.9,13.3,0.232,29.6,0.0
P0142,Team_L,Guard,29,11.5,9.0,8.7,13.4,26,6,3.3,55.8,17.3,0.313,15.93,0.0
P0143,Team_E,Forward,36,18.6,7.2,9.7,32.6,35,5,0.5,13.2,11.7,0.163,28.66,3.7
P0144,Team_I,Guard,75,5.3,3.1,17.3,23.6,33,1,3.88,66.3,25.2,0.109,1.0,9.3
P0145,Team_F,Center,79,22.8,4.4,5.3,25.8,27,0,3.92,75.1,14.1,0.116,27.24,0.0
P0146,Team_J,Forward,34,20.3,0.1,7.3,24.1,37,13,6.2,72.1,21.9,0.257,21.22,4.5
P0147,Team_K,Midfielder,39,14.9,1.0,8.0,24.0,31,15,14.37,94.1,16.5,0.243,16.35,11.9
P0148,Team_L,Midfielder,12,21.4,6.4,11.1,31.1,26,11,0.5,82.3,5.8,0.166,24.37,9.9
P0149,Team_H,Midfielder,44,11.0,10.9,0.0,45.3,29,9,3.29,58.0,13.5,0.337,23.09,9.9
P0150,Team_E,Midfielder,29,9.0,2.4,9.6,25.0,20,5,0.79,30.9,21.6,0.105,7.7,6.2
P0151,Team_E,Forward,28,1.4,4.8,5.4,32.7,30,9,3.92,43.7,0.0,0.228,3.88,0.7
P0152,Team_B,Defender,40,9.3,3.3,3.8,26.8,34,0,4.64,85.7,9.6,0.369,6.85,4.0
P0153,Team_F,Forward,15,11.7,2.9,0.6,15.5,34,3,7.27,22.7,13.5,0.183,18.92,4.5
P0154,Team_A,Forward,45,3.2,4.2,3.6,27.1,20,10,2.66,25.9,11.2,0.294,1.36,6.1
P0155,Team_G,Defender,73,11.3,3.6,5.8,15.6,34,3,3.89,57.4,13.8,0.164,17.87,1.3
P0156,Team_B,Defender,65,13.5,3.1,1.4,18.3,20,16,2.08,59.1,12.2,0.341,14.88,9.4
P0157,Team_L,Defender,46,2.5,0.0,5.9,21.5,20,11,4.76,52.1,0.7,0.128,1.0,8.4
P0158,Team_K,Defender,80,16.5,0.0,5.1,10.8,29,4,0.5,44.7,11.5,0.128,18.38,0.0
P0159,Team_I,Striker,52,2.5,3.0,8.6,36.1,20,1,0.88,34.4,13.3,0.398,1.0,0.0
P0160,Team_C,Defender,28,6.7,1.0,8.7,24.3,25,7,2.7,87.2,8.4,0.234,2.52,2.4
P0161,Team_I,Forward,78,21.9,6.2,2.1,32.1,29,15,0.56,54.2,11.7,0.354,27.77,7.7
P0162,Team_C,Striker,30,14.3,3.1,0.0,33.8,23,15,4.01,57.1,12.1,0.317,17.96,8.4
P0163,Team_I,Forward,68,0.5,9.7,5.4,25.8,31,16,2.99,19.1,9.8,0.16,1.0,5.6
P0164,Team_D,Center,45,0.0,0.1,8.8,19.1,20,16,2.53,51.9,28.2,0.25,1.0,5.2
P0165,Team_I,Defender,43,8.5,4.4,2.5,36.1,36,2,5.23,8.4,7.2,0.367,1.0,5.9
P0166,Team_B,Forward,60,12.3,7.0,3.2,25.2,31,12,0.5,22.2,17.3,0.389,24.48,1.9
P0167,Team_E,Guard,27,16.0,2.9,13.2,30.7,26,13,4.46,86.3,12.7,0.226,15.25,7.9
P0168,Team_H,Defender,22,14.0,3.3,6.3,24.8,30,9,2.24,39.4,17.4,0.386,12.91,10.4
P0169,Team_D,Midfielder,41,20.7,0.6,0.0,27.3,32,6,2.87,27.8,13.0,0.219,16.19,11.1
P0170,Team_H,Defender,55,5.8,8.8,5.1,19.1,32,1,3.3,54.9,9.1,0.137,7.14,0.7
P0171,Team_B,Midfielder,51,2.6,6.7,8.0,16.3,32,10,4.49,40.5,16.5,0.104,1.79,3.5
P0172,Team_J,Center,40,12.3,8.2,7.0,44.1,37,17,0.5,69.2,22.0,0.126,12.91,3.0
P0173,Team_F,Striker,80,16.9,8.8,6.0,27.7,22,14,0.5,69.7,22.4,0.314,18.88,8.8
P0174,Team_A,Striker,22,21.3,4.4,7.5,30.8,24,17,1.71,44.3,13.7,0.183,22.32,3.5
P0175,Team_A,Defender,39,16.3,8.5,6.2,22.8,28,2,5.28,94.1,20.9,0.148,26.81,2.1
P0176,Team_F,Center,62,21.7,4.6,7.4,41.3,25,1,0.5,52.1,13.1,0.216,28.58,8.1
P0177,Team_K,Defender,47,7.7,3.4,3.7,9.9,34,7,1.52,10.3,16.0,0.243,1.0,5.3
P0178,Team_D,Forward,70,5.4,5.4,0.0,29.5,27,7,1.63,76.4,11.4,0.244,5.19,5.0
P0179,Team_H,Center,55,9.2,3.0,4.3,45.7,20,16,1.59,81.7,8.5,0.141,9.24,6.1
P0180,Team_A,Guard,64,19.8,3.3,11.3,24.3,20,15,0.5,23.2,16.7,0.366,20.4,1.8
P0181,Team_L,Midfielder,60,8.4,1.0,11.1,23.3,29,1,1.05,30.7,8.1,0.156,3.17,7.4
P0182,Team_G,Forward,30,0.0,0.2,4.0,22.0,36,7,4.49,52.9,17.5,0.189,1.0,4.1
P0183,Team_J,Striker,39,13.1,6.0,8.8,21.6,24,17,0.5,56.5,18.8,0.235,24.17,7.9
P0184,Team_J,Defender,68,16.9,7.1,13.9,10.0,33,9,5.11,75.4,0.0,0.296,12.2,14.5
P0185,Team_C,Striker,35,10.6,1.7,8.9,9.7,27,8,2.99,80.4,15.5,0.288,1.72,5.7
P0186,Team_J,Defender,47,10.2,4.8,7.8,24.1,25,6,1.7,45.1,10.1,0.283,17.94,9.8
P0187,Team_E,Guard,33,15.5,5.1,0.0,40.3,36,12,1.28,44.6,0.0,0.225,17.67,0.0
P0188,Team_A,Forward,51,0.0,3.1,1.2,32.0,36,6,4.11,38.8,0.6,0.134,1.0,4.8
P0189,Team_H,Striker,52,0.0,4.1,7.0,16.6,32,16,2.17,56.7,12.6,0.296,1.0,12.4
P0190,Team_L,Center,64,14.1,3.5,13.7,24.7,34,17,0.5,43.8,17.4,0.149,18.52,4.8
P0191,Team_H,Striker,69,18.5,5.1,9.4,31.0,36,5,0.5,33.6,12.8,0.32,28.33,4.0
P0192,Team_H,Forward,42,3.8,0.0,0.8,38.4,25,3,1.95,26.1,15.7,0.356,1.0,0.1
P0193,Team_G,Striker,23,7.2,1.8,5.7,21.3,28,7,1.4,61.2,16.8,0.139,4.22,4.5
P0194,Team_L,Striker,76,0.0,4.3,7.5,20.6,33,1,12.66,77.4,21.9,0.166,1.0,2.4
P0195,Team_G,Midfielder,74,9.8,3.3,5.8,45.5,24,12,2.79,74.3,0.0,0.34,17.02,3.9
P0196,Team_B,Center,19,17.2,1.5,1.5,31.4,23,15,4.82,73.6,11.7,0.142,22.39,0.0
P0197,Team_J,Defender,71,0.9,2.4,7.1,21.5,36,5,0.5,44.2,16.3,0.151,1.49,2.9
P0198,Team_D,Center,74,23.0,2.0,2.2,18.4,32,10,9.44,73.1,8.0,0.343,28.35,0.0
P0199,Team_A,Striker,55,0.0,3.7,9.8,31.3,22,4,1.28,79.7,8.6,0.206,1.0,2.6
P0200,Team_A,Center,74,2.8,0.0,5.8,29.0,34,7,0.77,67.5,27.0,0.379,1.0,0.0
P0201,Team_I,Guard,29,19.0,6.9,0.4,33.9,31,2,3.83,32.1,6.7,0.164,19.88,4.1
P0202,Team_K,Center,36,21.9,6.3,1.2,39.5,25,12,1.36,8.7,19.5,0.132,24.67,3.8
P0203,Team_F,Midfielder,25,18.2,0.0,8.7,22.1,23,12,1.04,23.7,14.6,0.397,26.79,3.0
P0204,Team_A,Guard,33,19.8,4.7,5.9,24.9,36,15,1.94,42.8,9.3,0.202,20.35,3.4
P0205,Team_E,Center,54,23.0,7.1,6.6,17.4,34,15,6.19,46.0,26.3,0.237,34.08,10.3
P0206,Team_G,Guard,11,12.3,3.7,0.0,30.0,28,5,0.5,71.5,2.5,0.148,6.22,2.0
P0207,Team_L,Defender,16,6.2,0.0,6.3,15.5,35,3,2.34,68.8,20.6,0.326,1.0,6.3
P0208,Team_H,Center,13,8.3,2.5,2.8,38.8,20,10,9.67,25.9,4.4,0.227,5.62,5.0
P0209,Team_E,Center,63,10.5,0.0,8.6,17.8,22,9,6.36,60.8,27.0,0.158,11.96,9.7
P0210,Team_D,Defender,22,8.7,4.6,5.9,25.9,24,17,1.78,73.8,12.5,0.365,1.0,4.1
P0211,Team_J,Defender,10,6.5,7.4,1.1,25.5,30,9,0.5,56.4,22.1,0.118,6.35,0.5
P0212,Team_J,Midfielder,11,9.1,3.6,0.0,34.9,37,12,0.61,67.0,5.0,0.338,1.0,2.2
P0213,Team_K,Striker,59,14.9,0.0,2.6,33.0,32,10,1.08,24.3,11.8,0.248,13.93,4.6
P0214,Team_E,Striker,75,0.0,5.3,11.1,18.0,33,5,6.36,81.7,13.1,0.147,1.0,10.9
P0215,Team_I,Defender,80,3.6,3.9,5.4,26.8,20,9,1.0,64.1,21.7,0.194,3.63,0.0
P0216,Team_D,Guard,52,9.1,2.7,10.1,12.6,27,14,4.82,43.7,20.9,0.121,10.72,3.6
P0217,Team_D,Defender,35,6.0,1.4,3.8,15.1,31,14,4.31,12.7,20.9,0.253,1.0,5.9
P0218,Team_J,Center,37,13.1,2.6,4.4,21.8,28,15,3.83,67.4,9.1,0.241,20.18,1.7
P0219,Team_I,Center,81,15.1,0.7,3.4,23.1,22,16,1.92,50.8,0.0,0.211,17.3,6.4
P0220,Team_E,Midfielder,38,16.4,1.8,12.4,32.6,33,9,4.63,63.3,24.6,0.147,13.55,8.9
P0221,Team_C,Forward,17,7.4,2.0,3.4,10.6,24,17,3.65,36.3,23.3,0.21,1.97,5.4
P0222,Team_G,Midfielder,25,24.7,0.0,5.5,25.4,22,11,2.03,28.9,29.2,0.269,31.91,4.2
P0223,Team_I,Defender,61,12.3,0.0,12.9,26.0,36,13,1.84,21.2,17.5,0.158,7.74,5.3
P0224,Team_H,Center,37,14.3,0.1,5.9,37.3,31,2,2.84,74.3,15.7,0.203,17.65,9.0
P0225,Team_A,Defender,39,24.8,8.1,2.5,24.6,24,12,1.58,40.9,17.3,0.238,32.34,0.0
P0226,Team_K,Midfielder,80,0.0,5.4,0.5,24.0,29,16,2.13,71.6,3.2,0.126,1.0,2.6
P0227,Team_B,Guard,60,24.2,4.8,3.2,40.7,34,5,3.06,26.6,12.6,0.135,15.39,3.7
P0228,Team_K,Forward,38,7.0,1.7,12.2,26.7,26,10,6.8,60.9,10.4,0.363,2.86,4.3
P0229,Team_D,Center,27,8.6,6.2,6.8,21.5,23,13,2.08,49.6,14.3,0.363,21.07,5.3
P0230,Team_B,Forward,43,10.3,8.6,12.0,31.5,35,7,1.79,66.6,15.2,0.339,10.59,3.1
P0231,Team_K,Midfielder,64,14.9,3.7,7.4,17.1,25,6,10.6,54.0,16.7,0.278,20.1,0.0
P0232,Team_I,Striker,40,6.5,3.5,8.9,19.9,24,12,2.37,28.4,17.6,0.195,1.0,1.6
P0233,Team_H,Center,34,4.5,6.2,2.8,33.7,20,17,1.53,49.1,24.2,0.265,8.2,7.5
P0234,Team_K,Defender,66,20.0,2.1,4.0,42.7,20,15,2.19,27.0,9.9,0.14,32.35,8.4
P0235,Team_K,Guard,49,19.6,9.5,5.5,31.9,27,10,1.32,58.8,26.1,0.398,29.31,3.9
P0236,Team_H,Center,15,17.0,4.0,9.5,23.8,30,16,3.49,8.3,18.0,0.258,18.21,2.1
P0237,Team_F,Center,43,22.0,0.0,5.9,38.3,34,17,3.66,66.8,11.7,0.22,17.25,5.9
P0238,Team_F,Striker,52,15.6,4.8,9.9,20.8,31,6,8.12,97.8,17.0,0.378,9.09,7.8
P0239,Team_C,Striker,21,3.6,3.9,10.3,9.1,27,11,2.1,39.3,14.1,0.297,4.38,3.4
P0240,Team_C,Striker,38,24.8,5.2,3.9,21.2,25,16,12.55,47.8,23.4,0.229,43.48,2.6
P0241,Team_L,Striker,32,9.8,3.5,3.4,23.6,22,3,3.52,48.9,11.8,0.219,3.87,4.7
P0242,Team_H,Defender,37,17.3,0.4,7.7,30.9,21,2,0.5,100.0,20.6,0.159,25.97,4.5
P0243,Team_G,Midfielder,59,3.7,0.0,0.7,32.8,31,16,6.13,25.0,13.6,0.248,1.0,9.4
P0244,Team_D,Striker,79,17.5,0.4,9.2,47.5,32,11,5.19,93.5,16.0,0.286,22.84,5.7
P0245,Team_G,Center,81,18.3,3.3,6.3,24.3,20,16,2.04,50.4,16.7,0.348,24.14,13.2
P0246,Team_A,Striker,13,30.8,3.8,7.3,18.5,30,14,1.27,20.5,24.0,0.196,44.04,4.0
P0247,Team_K,Midfielder,38,5.8,0.0,0.0,25.5,21,5,0.54,76.0,15.0,0.309,1.0,3.3
P0248,Team_E,Forward,41,13.0,10.8,9.5,26.3,34,0,3.15,30.9,15.3,0.248,19.6,4.0
P0249,Team_B,Defender,67,7.2,4.9,4.1,10.5,36,13,3.71,54.6,10.6,0.395,3.39,0.6
P0250,Team_A,Midfielder,21,9.1,9.1,10.2,40.6,31,6,0.86,74.1,20.3,0.262,4.69,8.9
P0251,Team_J,Center,53,4.0,6.4,11.9,36.2,37,11,5.24,81.1,24.9,0.382,1.0,3.6
P0252,Team_K,Midfielder,54,3.7,2.8,0.7,15.9,25,6,7.18,59.7,10.0,0.25,1.94,0.6
P0253,Team_A,Midfielder,42,0.0,7.9,0.0,31.1,37,12,4.23,40.6,29.1,0.115,1.0,0.0
P0254,Team_H,Striker,49,19.8,0.7,3.4,22.3,36,0,0.55,54.6,10.2,0.161,22.69,6.8
P0255,Team_K,Guard,65,1.0,8.0,7.1,12.4,30,11,2.95,40.7,27.1,0.103,3.39,0.0
P0256,Team_G,Striker,17,7.5,1.0,5.6,29.7,21,1,5.09,82.6,0.5,0.39,4.35,4.1
P0257,Team_G,Center,53,8.7,0.7,3.5,33.9,27,11,8.16,62.8,0.9,0.283,17.48,6.8
P0258,Team_J,Center,75,24.3,1.7,1.7,16.8,32,10,2.05,23.3,18.3,0.267,28.98,3.6
P0259,Team_J,Striker,42,15.1,6.1,12.6,34.7,33,10,1.71,59.0,17.5,0.399,11.35,0.0
P0260,Team_B,Midfielder,35,3.6,2.9,2.4,24.7,31,17,2.69,22.6,27.2,0.229,1.0,10.4
P0261,Team_E,Center,11,9.4,0.6,4.2,38.0,25,15,4.57,91.9,14.9,0.158,8.24,0.7
P0262,Team_I,Striker,33,12.0,7.3,6.8,42.7,27,13,0.88,34.8,28.3,0.1,14.81,3.5
P0263,Team_F,Striker,17,17.5,3.7,0.0,37.4,21,8,2.43,47.5,16.8,0.392,24.38,0.3
P0264,Team_H,Center,72,5.0,2.4,10.1,20.0,36,7,4.1,52.4,13.2,0.286,3.11,3.0
P0265,Team_B,Center,78,18.5,1.8,3.4,11.7,27,8,2.54,24.6,4.1,0.363,18.21,1.0
P0266,Team_C,Striker,27,5.5,5.7,7.4,25.2,32,8,13.2,37.9,9.2,0.135,3.39,0.0
P0267,Team_G,Defender,32,1.9,2.5,15.6,25.8,37,3,1.06,100.0,26.5,0.137,1.0,1.3
P0268,Team_K,Center,18,14.8,2.6,12.6,9.9,20,5,3.0,64.1,17.3,0.314,17.75,2.6
P0269,Team_K,Striker,72,11.6,6.4,13.2,27.5,32,17,4.7,50.0,14.8,0.233,9.84,13.2
P0270,Team_D,Striker,77,19.9,0.0,5.5,17.9,31,12,0.91,14.9,33.9,0.341,16.23,4.1
P0271,Team_H,Midfielder,34,15.4,2.6,10.8,29.7,20,17,3.0,50.3,28.8,0.298,19.17,9.4
P0272,Team_B,Midfielder,78,3.9,5.3,9.3,26.5,34,17,1.23,39.8,15.3,0.177,1.0,0.7
P0273,Team_H,Defender,80,10.9,5.9,10.6,26.0,33,16,0.52,57.4,10.8,0.202,3.54,9.4
P0274,Team_J,Forward,69,0.0,10.8,15.1,25.1,20,5,1.0,12.5,17.6,0.139,8.07,6.7
P0275,Team_E,Center,15,5.6,4.8,3.4,26.0,24,0,3.0,49.0,14.3,0.376,1.0,3.0
P0276,Team_L,Guard,15,15.7,3.8,0.2,32.9,29,7,0.5,79.2,17.7,0.132,22.25,3.0
P0277,Team_A,Forward,42,11.2,5.2,4.6,13.8,30,11,0.5,39.6,10.3,0.347,9.86,4.1
P0278,Team_E,Guard,43,6.1,3.7,7.7,21.8,29,2,7.81,7.9,10.6,0.388,4.76,0.1
P0279,Team_G,Guard,53,11.1,3.2,3.7,29.6,21,0,0.99,93.7,9.3,0.14,14.86,0.0
P0280,Team_L,Center,25,0.0,2.4,0.2,22.6,29,6,2.65,16.3,13.1,0.155,1.0,5.9
P0281,Team_I,Defender,51,17.3,3.8,1.3,39.7,37,5,1.76,69.4,24.5,0.167,15.34,4.2
P0282,Team_C,Center,39,0.0,0.0,2.9,11.2,37,8,9.41,52.5,15.3,0.261,1.0,8.9
P0283,Team_F,Striker,79,3.9,3.0,2.2,21.7,31,13,4.53,52.7,9.4,0.101,6.57,1.8
P0284,Team_H,Guard,56,0.0,3.4,10.2,31.4,31,3,7.67,36.3,19.5,0.273,1.0,0.0
P0285,Team_I,Striker,58,11.7,4.3,0.7,25.9,20,0,2.47,45.7,9.0,0.107,13.81,3.9
P0286,Team_A,Guard,30,8.5,3.4,4.4,28.2,24,3,3.45,31.8,9.3,0.232,5.04,0.0
P0287,Team_I,Center,53,3.4,2.0,11.4,32.4,31,5,1.64,83.6,17.7,0.29,1.83,13.1
P0288,Team_L,Midfielder,29,22.1,10.4,8.4,29.8,31,15,0.5,39.1,21.7,0.171,35.76,0.6
P0289,Team_A,Guard,73,22.4,7.9,5.5,28.7,37,17,3.47,70.7,8.9,0.299,29.52,8.9
P0290,Team_A,Guard,37,0.0,6.1,7.5,25.3,21,3,2.32,73.0,6.7,0.337,2.58,2.3
P0291,Team_J,Striker,18,7.4,0.8,6.4,25.7,22,0,3.75,73.5,22.8,0.182,1.0,0.0
P0292,Team_L,Center,63,5.2,8.7,6.5,26.4,30,12,2.75,67.7,11.2,0.206,7.88,0.0
P0293,Team_K,Midfielder,31,30.7,2.8,10.9,31.3,28,11,4.66,80.6,23.7,0.366,31.95,0.9
P0294,Team_G,Defender,40,13.5,6.5,2.1,25.3,31,12,0.5,24.9,16.4,0.295,17.6,0.0
P0295,Team_L,Forward,75,17.2,6.4,9.0,16.1,28,3,3.04,66.5,23.1,0.376,30.29,4.7
P0296,Team_A,Striker,26,3.1,5.0,8.5,7.3,24,1,0.56,28.2,8.0,0.385,1.0,10.5
P0297,Team_C,Center,69,1.3,7.1,13.6,37.5,37,15,5.99,35.6,22.1,0.302,1.0,0.0
P0298,Team_D,Forward,79,22.4,0.0,6.1,25.3,37,3,4.12,46.4,31.6,0.346,19.73,7.1
P0299,Team_H,Striker,59,13.0,3.9,8.2,26.4,20,14,3.23,64.3,12.1,0.337,13.19,0.0
P0300,Team_J,Center,10,12.7,6.0,11.9,34.5,29,16,1.33,30.6,12.6,0.173,20.07,2.3
P0301,Team_J,Midfielder,77,18.7,2.7,4.1,25.0,31,3,1.08,47.7,3.9,0.385,23.26,6.6
P0302,Team_E,Defender,61,9.6,1.8,8.2,24.0,32,0,1.91,29.7,12.3,0.195,7.46,7.4
P0303,Team_E,Striker,29,13.8,1.8,0.4,21.1,33,16,0.91,100.0,17.5,0.27,12.81,0.0
P0304,Team_D,Guard,66,24.1,3.5,6.4,40.3,34,11,2.58,48.7,17.0,0.231,14.51,0.3
P0305,Team_B,Striker,39,8.6,2.7,3.0,27.6,37,16,4.62,99.2,31.5,0.11,4.73,10.2
P0306,Team_L,Center,57,20.6,8.1,5.6,35.6,30,7,6.41,48.5,18.4,0.297,34.89,14.6
P0307,Team_J,Forward,62,24.6,1.3,10.7,17.3,37,3,3.35,37.6,8.8,0.209,28.45,4.0
P0308,Team_B,Center,67,6.5,0.8,14.6,28.9,21,16,2.3,13.9,0.0,0.211,1.0,1.3
P0309,Team_A,Midfielder,63,3.6,4.1,6.4,35.6,26,1,0.5,66.9,20.4,0.239,12.42,9.5
P0310,Team_J,Center,25,17.0,2.5,8.3,20.3,34,8,0.5,46.5,13.3,0.264,19.59,9.7
P0311,Team_C,Defender,66,6.2,6.2,6.7,5.0,27,9,8.7,45.1,27.4,0.333,2.11,3.2
P0312,Team_D,Defender,49,9.1,7.1,7.0,39.6,21,16,3.66,29.5,10.4,0.106,8.51,7.0
P0313,Team_B,Guard,48,7.8,1.6,1.1,13.9,29,16,5.89,63.5,10.0,0.19,1.42,4.8
P0314,Team_B,Striker,54,10.1,1.8,0.0,22.9,25,17,0.5,37.7,16.0,0.129,10.4,3.7
P0315,Team_D,Midfielder,57,9.6,0.0,11.9,27.3,20,13,2.76,51.4,10.0,0.172,4.75,4.3
P0316,Team_C,Center,71,14.2,0.0,2.8,19.9,30,8,4.39,43.1,9.3,0.238,17.5,8.2
P0317,Team_C,Forward,25,0.0,4.7,0.1,39.2,25,11,3.77,45.8,15.6,0.364,1.0,2.3
P0318,Team_E,Defender,35,12.9,9.9,0.0,32.2,29,2,0.83,36.9,8.6,0.253,16.6,10.2
P0319,Team_D,Midfielder,15,25.5,1.7,5.0,17.9,25,12,3.6,49.2,28.4,0.127,36.02,9.8
P0320,Team_A,Midfielder,61,18.9,4.6,7.8,23.2,24,11,0.5,42.2,11.0,0.374,16.73,8.1
P0321,Team_B,Midfielder,44,15.3,3.3,5.7,33.3,25,6,13.39,50.9,22.4,0.306,19.06,0.0
P0322,Team_E,Center,60,23.9,4.9,4.6,17.5,27,0,0.5,47.2,15.1,0.268,26.11,10.9
P0323,Team_C,Forward,46,7.6,2.1,6.1,30.0,24,17,0.94,45.5,11.8,0.122,2.38,12.3
P0324,Team_H,Guard,62,27.0,10.5,4.2,30.9,25,4,6.92,95.0,19.5,0.378,31.06,7.2
P0325,Team_C,Midfielder,74,17.3,1.9,2.8,10.1,34,9,3.14,56.0,3.0,0.22,22.16,2.9
P0326,Team_I,Guard,17,22.5,1.5,3.8,33.7,36,9,1.29,49.8,15.5,0.253,25.02,1.1
P0327,Team_G,Defender,79,12.0,2.5,2.0,23.9,20,16,12.19,23.1,5.0,0.391,7.41,10.4
P0328,Team_A,Striker,57,17.5,6.7,8.1,19.9,37,4,0.5,61.1,17.6,0.328,21.97,9.8
P0329,Team_J,Midfielder,75,25.2,4.2,9.9,29.8,29,10,6.05,51.2,0.0,0.209,32.2,6.6
P0330,Team_I,Striker,51,19.7,0.0,6.5,25.8,24,2,3.41,45.5,18.2,0.197,25.95,2.0
P0331,Team_F,Center,35,21.3,1.7,7.0,25.1,33,17,2.18,51.5,28.3,0.261,11.16,8.4
P0332,Team_J,Center,49,0.0,3.5,11.4,18.8,29,11,2.46,52.2,14.8,0.294,1.0,4.6
P0333,Team_I,Midfielder,73,12.2,4.1,11.2,20.2,37,14,2.97,61.2,9.4,0.197,6.33,10.7
P0334,Team_C,Defender,22,12.3,4.5,10.7,33.6,22,5,3.65,52.5,10.0,0.378,23.24,7.4
P0335,Team_L,Guard,25,19.4,0.0,3.6,20.0,26,0,1.52,73.9,24.4,0.131,17.43,0.9
P0336,Team_B,Guard,26,18.0,5.7,8.3,27.5,27,9,1.07,50.3,4.5,0.241,16.79,10.4
P0337,Team_K,Striker,27,20.3,2.6,3.4,31.3,35,15,3.01,63.6,16.5,0.285,17.87,3.0
P0338,Team_C,Midfielder,68,18.8,1.5,10.0,21.6,31,15,2.26,59.8,17.5,0.278,23.93,1.8
P0339,Team_B,Center,78,3.2,1.5,5.4,19.8,27,6,1.25,28.1,17.6,0.385,2.44,9.7
P0340,Team_A,Forward,64,3.3,4.4,2.6,19.0,31,1,16.11,12.1,6.0,0.341,1.0,1.8
P0341,Team_L,Guard,19,22.7,0.1,10.6,23.5,30,1,2.29,89.8,13.7,0.12,19.96,7.4
P0342,Team_G,Center,72,3.9,1.1,10.1,29.8,27,15,5.09,15.1,2.1,0.206,1.0,11.1
P0343,Team_C,Striker,75,4.7,7.1,8.9,18.2,21,10,1.83,52.4,10.6,0.392,12.9,3.0
P0344,Team_G,Forward,76,5.6,3.2,10.4,16.1,31,3,0.5,27.8,15.0,0.201,3.61,0.3
P0345,Team_D,Defender,21,0.1,2.6,7.0,14.6,37,13,1.06,9.3,13.3,0.191,1.0,0.0
P0346,Team_G,Striker,61,13.7,0.0,8.6,25.3,20,5,1.6,66.9,16.5,0.259,13.05,11.6
P0347,Team_E,Forward,38,8.1,11.0,5.2,17.1,21,15,1.17,23.6,24.3,0.104,13.62,4.2
P0348,Team_K,Center,16,5.3,3.5,4.9,21.3,36,11,4.86,72.4,17.2,0.212,1.0,5.0
P0349,Team_E,Guard,79,9.4,4.1,9.1,13.1,37,6,3.55,22.9,5.7,0.302,7.08,7.1
P0350,Team_B,Defender,21,7.9,2.6,5.0,26.2,20,14,1.89,26.7,12.6,0.363,13.11,7.5
P0351,Team_K,Midfielder,61,3.1,1.8,10.1,18.4,28,7,7.07,39.8,14.5,0.259,2.88,4.2
P0352,Team_J,Center,46,23.1,6.5,5.1,33.2,22,8,1.48,27.2,18.7,0.361,30.99,4.0
P0353,Team_B,Forward,75,9.3,0.2,6.1,25.6,31,10,1.41,45.7,18.8,0.381,9.22,0.0
P0354,Team_G,Striker,25,21.3,12.0,9.5,35.6,22,15,1.94,29.0,22.6,0.267,40.58,7.4
P0355,Team_C,Guard,74,16.0,0.0,7.3,36.7,21,5,0.93,100.0,2.8,0.208,17.66,0.0
P0356,Team_D,Midfielder,15,10.4,0.4,8.1,29.5,28,1,4.45,44.8,9.4,0.194,11.71,8.8
P0357,Team_G,Striker,48,15.8,4.0,3.7,35.7,37,7,5.14,42.3,19.9,0.184,25.62,5.3
P0358,Team_D,Midfielder,35,4.5,5.4,4.0,25.7,32,17,4.06,54.0,32.3,0.38,5.06,1.4
P0359,Team_E,Forward,24,3.4,8.6,8.3,32.8,25,13,0.5,32.8,12.7,0.224,9.68,11.4
P0360,Team_A,Center,45,18.6,5.7,13.4,16.5,22,11,1.66,54.3,14.0,0.245,28.56,1.8
P0361,Team_J,Midfielder,70,21.9,4.4,1.6,14.3,30,11,1.25,47.2,14.8,0.111,19.87,5.1
P0362,Team_A,Striker,10,7.3,2.3,6.8,31.3,35,10,0.5,54.4,20.5,0.156,1.0,0.1
P0363,Team_J,Center,44,14.6,4.3,1.7,29.8,34,15,3.02,44.1,17.9,0.172,15.24,3.5
P0364,Team_F,Forward,73,23.9,5.2,3.7,21.3,25,12,1.67,9.9,1.2,0.235,37.44,1.2
P0365,Team_L,Guard,26,15.1,5.5,4.0,9.8,30,4,0.5,28.9,21.3,0.278,18.26,11.5
P0366,Team_J,Striker,51,22.7,3.1,1.4,30.4,27,5,1.11,68.0,22.7,0.15,25.65,3.3
P0367,Team_D,Guard,36,6.3,0.0,6.4,23.6,24,2,2.41,54.6,19.9,0.264,5.58,3.4
P0368,Team_G,Guard,25,16.8,3.9,4.2,24.5,27,7,0.5,30.5,15.8,0.178,17.21,7.5
P0369,Team_F,Guard,12,1.9,0.8,3.8,33.1,25,2,8.14,23.6,21.6,0.385,1.0,4.4
P0370,Team_E,Striker,54,12.1,5.8,3.0,27.5,20,14,4.2,38.1,15.8,0.234,21.19,2.6
P0371,Team_H,Forward,29,19.2,2.9,12.2,30.5,37,6,3.23,36.1,8.7,0.201,23.68,2.2
P0372,Team_C,Center,50,0.6,7.3,0.0,31.8,33,9,3.39,27.2,32.3,0.345,6.69,10.8
P0373,Team_I,Defender,29,13.6,1.2,7.9,20.6,22,2,2.72,65.7,8.6,0.36,16.76,0.0
P0374,Team_K,Center,22,16.8,0.6,5.0,32.5,37,10,0.5,59.4,12.0,0.106,20.0,8.4
P0375,Team_D,Forward,63,9.5,3.8,5.7,14.6,34,12,2.57,58.1,28.6,0.227,2.48,0.0
P0376,Team_G,Defender,25,8.1,7.0,3.9,6.9,37,7,0.52,68.4,5.5,0.241,12.47,0.3
P0377,Team_F,Midfielder,44,22.1,0.0,4.1,21.6,37,0,5.33,35.2,11.7,0.256,20.04,0.0
P0378,Team_A,Forward,74,18.1,5.1,3.6,22.4,37,12,5.81,81.4,20.9,0.185,20.59,10.9
P0379,Team_A,Defender,53,1.3,8.1,7.7,36.4,20,11,6.44,18.4,6.2,0.383,8.85,4.8
P0380,Team_B,Striker,48,15.3,6.8,8.5,21.5,30,6,0.77,21.2,27.2,0.338,11.89,0.0
P0381,Team_H,Forward,74,6.5,4.5,1.6,28.2,27,8,8.82,40.9,10.7,0.264,5.49,3.7
P0382,Team_J,Defender,19,20.7,2.0,7.3,30.1,31,16,1.65,60.6,20.3,0.302,25.95,7.7
P0383,Team_H,Guard,42,9.1,9.2,5.3,27.0,35,7,14.02,79.5,6.8,0.28,5.25,14.8
P0384,Team_F,Midfielder,65,7.5,4.7,4.1,18.8,21,10,12.41,68.2,4.0,0.233,13.87,7.0
P0385,Team_B,Defender,30,13.1,7.3,7.4,48.0,22,16,2.53,58.4,12.5,0.351,28.29,6.1
P0386,Team_F,Center,66,15.0,4.0,11.6,23.9,34,13,0.5,54.2,14.6,0.386,5.43,0.0
P0387,Team_A,Guard,66,16.7,4.9,2.3,25.8,28,2,0.5,18.1,0.8,0.268,19.71,9.8
P0388,Team_I,Forward,18,3.0,3.9,0.0,23.0,23,5,0.69,53.4,2.5,0.336,3.46,6.3
P0389,Team_A,Forward,39,19.2,10.4,6.7,43.9,35,13,4.28,31.4,22.0,0.134,34.81,6.9
P0390,Team_C,Forward,23,18.4,3.6,2.4,16.9,21,14,0.5,25.6,16.3,0.166,24.83,1.1
P0391,Team_H,Midfielder,46,24.5,8.8,13.9,37.0,22,10,0.93,8.4,18.7,0.211,41.66,3.7
P0392,Team_K,Center,30,16.1,3.0,10.4,17.2,26,4,0.5,46.0,8.8,0.312,19.62,8.2
P0393,Team_C,Guard,16,12.0,0.3,3.7,21.1,29,4,4.19,45.4,10.1,0.368,19.75,6.5
P0394,Team_H,Guard,77,15.3,1.0,6.0,40.9,28,16,4.98,56.3,16.1,0.35,15.52,4.2
P0395,Team_D,Midfielder,70,0.1,8.8,1.7,24.3,37,12,0.7,47.6,19.4,0.107,1.0,10.6
P0396,Team_J,Forward,38,6.6,1.3,11.8,32.8,36,13,4.58,48.4,6.8,0.111,6.93,7.7
P0397,Team_C,Defender,38,6.4,0.0,8.6,16.1,24,10,0.5,49.3,2.9,0.149,1.0,0.2
P0398,Team_I,Striker,18,13.0,1.6,6.9,24.0,30,10,2.33,52.1,16.0,0.281,14.38,0.0
P0399,Team_J,Forward,26,16.2,2.7,0.0,24.7,21,14,3.54,50.3,12.9,0.1,16.32,0.0
P0400,Team_H,Guard,58,13.6,3.4,16.6,14.0,21,3,1.72,78.1,21.2,0.395,19.76,12.9
P0401,Team_C,Defender,24,11.1,3.1,10.3,17.3,29,14,6.63,75.7,10.3,0.161,12.13,2.6
P0402,Team_L,Center,47,0.0,1.8,1.4,31.1,29,2,0.7,48.6,21.8,0.26,1.0,3.4
P0403,Team_G,Guard,49,24.3,5.0,5.1,24.2,20,16,4.56,76.8,14.3,0.104,33.85,5.8
P0404,Team_C,Striker,53,11.4,2.8,6.0,31.8,30,4,0.5,72.6,26.7,0.297,10.08,3.8
P0405,Team_A,Striker,46,18.4,4.0,1.6,21.6,28,8,1.06,63.0,3.3,0.204,21.04,5.7
P0406,Team_J,Defender,22,2.1,6.1,0.0,31.4,27,3,0.58,66.3,17.7,0.167,1.0,11.2
P0407,Team_B,Guard,18,12.4,6.0,6.8,13.3,29,15,0.62,47.0,14.5,0.361,18.98,2.1
P0408,Team_K,Defender,41,8.2,5.1,5.1,25.9,30,13,1.19,63.0,27.3,0.221,12.78,6.0
P0409,Team_I,Forward,45,14.1,1.9,9.1,40.3,21,7,7.92,62.1,26.1,0.197,20.43,1.3
P0410,Team_A,Forward,24,13.8,0.0,7.4,12.6,28,2,0.58,75.4,11.4,0.14,13.37,11.0
P0411,Team_A,Guard,39,6.8,7.6,0.5,13.8,33,14,2.65,72.2,13.0,0.212,11.06,0.0
P0412,Team_A,Defender,31,20.2,5.9,6.3,16.0,35,16,0.5,69.6,23.0,0.149,27.15,4.7
P0413,Team_J,Guard,48,12.3,4.8,14.4,13.4,26,7,1.83,75.2,19.0,0.347,14.72,12.6
P0414,Team_L,Forward,70,15.8,6.2,2.7,34.6,22,16,2.52,74.1,12.3,0.331,25.55,6.4
P0415,Team_G,Guard,11,12.7,5.5,10.4,22.7,26,5,1.67,7.7,4.6,0.297,19.1,8.2
P0416,Team_D,Forward,63,12.0,0.0,8.9,13.8,27,3,1.06,74.0,3.3,0.311,6.51,6.9
P0417,Team_F,Defender,26,19.5,4.8,4.6,21.9,33,2,8.08,0.5,25.7,0.119,23.94,3.3
P0418,Team_L,Center,58,15.0,3.3,0.0,35.2,33,16,4.46,53.2,10.4,0.36,14.5,7.5
P0419,Team_K,Striker,76,5.6,0.0,6.7,24.5,35,5,0.58,77.6,18.8,0.397,6.21,10.3
P0420,Team_E,Guard,28,8.7,1.9,10.2,37.0,36,1,3.45,73.2,16.3,0.205,8.25,15.7
P0421,Team_K,Striker,39,6.6,2.8,8.6,46.5,20,2,0.72,53.3,34.8,0.241,3.23,0.0
P0422,Team_D,Defender,41,1.5,2.7,0.0,34.6,37,17,0.71,82.4,16.9,0.296,1.0,8.3
P0423,Team_H,Forward,57,6.8,6.5,2.2,38.6,30,5,2.02,61.7,4.2,0.186,9.52,4.5
P0424,Team_J,Striker,34,17.0,6.3,7.3,30.5,31,1,3.4,38.8,21.3,0.197,20.73,4.8
P0425,Team_A,Midfielder,36,14.1,2.6,0.6,37.2,28,4,0.54,49.0,18.5,0.22,17.76,3.1
P0426,Team_F,Defender,55,0.8,3.1,2.9,42.7,26,16,3.31,60.5,5.3,0.276,3.12,4.6
P0427,Team_E,Guard,17,8.8,4.3,9.7,9.8,37,17,0.74,88.3,20.4,0.115,9.88,0.0
P0428,Team_I,Striker,35,19.3,4.2,9.7,34.4,32,8,2.62,58.6,19.6,0.34,31.48,2.1
P0429,Team_J,Defender,29,37.8,5.9,4.4,39.2,35,12,0.58,63.1,25.2,0.35,49.64,2.6
P0430,Team_I,Midfielder,48,5.6,9.4,6.3,21.6,36,0,0.5,33.5,19.6,0.222,1.0,10.1
P0431,Team_C,Striker,48,11.0,1.7,10.8,5.4,33,17,3.79,61.2,25.6,0.317,7.92,7.4
P0432,Team_D,Guard,47,28.2,1.7,8.1,38.9,25,6,0.5,39.2,7.7,0.202,32.67,4.5
P0433,Team_F,Striker,53,14.0,6.2,4.0,8.5,25,14,9.74,49.7,12.1,0.246,16.17,9.0
P0434,Team_E,Defender,68,7.0,5.4,5.6,14.6,27,5,0.5,76.4,15.8,0.194,1.81,2.8
P0435,Team_E,Defender,41,6.4,0.5,6.9,26.6,31,1,2.65,37.5,1.3,0.367,1.0,1.5
P0436,Team_A,Defender,48,11.4,6.3,2.5,31.1,24,9,0.59,80.2,9.4,0.125,18.97,3.8
P0437,Team_A,Striker,76,12.3,4.0,2.1,27.0,22,10,3.22,38.3,12.3,0.266,16.27,7.3
P0438,Team_G,Center,50,11.7,0.6,8.4,29.5,25,12,0.5,53.9,14.8,0.395,14.86,9.9
P0439,Team_I,Defender,25,5.9,1.4,5.9,21.7,25,10,0.98,68.3,0.0,0.341,1.0,2.4
P0440,Team_B,Guard,77,18.3,9.1,2.9,29.4,36,5,1.96,48.0,5.4,0.311,19.79,9.0
P0441,Team_D,Forward,42,2.8,4.1,4.9,6.7,36,4,0.67,48.7,2.4,0.385,1.0,7.0
P0442,Team_K,Midfielder,38,22.3,6.7,8.4,9.2,29,1,3.88,53.7,15.8,0.294,30.71,3.6
P0443,Team_K,Midfielder,49,8.2,5.0,3.5,27.2,20,11,0.6,44.2,11.8,0.221,15.96,11.2
P0444,Team_J,Defender,11,24.3,5.0,10.5,36.4,20,3,5.25,50.9,14.3,0.279,35.9,0.0
P0445,Team_J,Striker,59,13.7,4.9,6.9,15.4,27,14,3.18,59.9,12.8,0.289,14.75,2.3
P0446,Team_H,Center,15,15.5,3.0,2.7,30.4,26,5,0.5,39.0,20.6,0.307,12.53,0.0
P0447,Team_J,Defender,61,10.8,6.6,8.3,21.9,37,5,5.89,54.4,14.2,0.119,12.72,4.5
P0448,Team_I,Center,23,9.3,2.3,9.6,13.5,27,17,5.99,16.7,14.4,0.355,7.03,4.5
P0449,Team_I,Guard,21,7.2,5.9,9.8,22.0,28,6,2.87,42.0,13.9,0.399,4.76,5.9
P0450,Team_L,Defender,50,4.6,3.5,4.5,22.8,30,16,1.38,40.3,15.1,0.213,1.0,8.2
P0451,Team_D,Forward,23,10.7,4.1,9.7,21.1,22,14,0.5,40.8,26.1,0.232,15.77,0.0
P0452,Team_F,Striker,49,25.2,0.9,4.9,28.5,23,4,7.08,97.6,17.9,0.348,28.86,8.7
P0453,Team_H,Center,72,18.7,6.4,8.3,22.6,24,14,0.81,32.9,19.6,0.127,24.58,1.0
P0454,Team_D,Striker,64,15.0,5.8,10.7,21.8,27,11,5.86,68.9,16.6,0.233,23.45,0.0
P0455,Team_D,Striker,56,8.6,4.8,4.9,19.9,32,7,0.62,93.0,7.6,0.346,9.11,6.6
P0456,Team_E,Center,34,33.2,3.4,5.8,25.7,32,15,2.78,36.0,13.2,0.128,42.61,9.7
P0457,Team_E,Guard,38,8.3,5.5,7.1,28.7,37,5,1.87,53.9,16.2,0.105,1.0,5.3
P0458,Team_A,Striker,68,9.9,2.5,5.2,40.4,31,4,0.57,41.0,15.1,0.23,8.42,4.6
P0459,Team_H,Defender,59,16.5,2.2,6.8,23.4,22,12,1.7,66.4,18.9,0.128,19.11,0.0
P0460,Team_E,Forward,59,17.6,2.7,1.0,20.4,20,3,0.55,66.1,15.2,0.177,21.7,6.7
P0461,Team_L,Midfielder,80,2.7,3.4,5.7,6.7,28,15,7.15,47.5,17.7,0.368,1.0,1.4
P0462,Team_D,Center,32,13.6,5.3,10.3,29.9,36,0,0.5,51.8,4.9,0.3,17.18,10.0
P0463,Team_K,Forward,24,13.6,1.4,6.5,20.1,30,14,0.5,67.5,26.1,0.119,12.81,2.2
P0464,Team_H,Forward,76,6.5,1.2,6.9,19.4,37,9,1.49,68.7,30.3,0.233,1.0,5.9
P0465,Team_F,Guard,23,7.7,1.3,13.9,24.9,35,11,0.5,51.4,15.7,0.101,9.74,6.7
P0466,Team_L,Forward,76,23.5,1.6,1.5,16.6,26,14,3.11,24.9,8.2,0.337,27.79,0.0
P0467,Team_L,Striker,78,15.6,5.3,5.1,23.2,27,2,2.49,44.3,10.9,0.251,17.39,5.4
P0468,Team_I,Defender,48,10.2,2.2,6.3,16.6,29,17,5.67,60.2,6.5,0.329,6.36,3.6
P0469,Team_E,Midfielder,24,17.1,9.3,3.5,27.0,34,13,9.89,49.9,11.2,0.217,16.49,5.8
P0470,Team_I,Midfielder,62,11.0,6.3,9.0,30.0,24,7,8.55,56.5,28.6,0.294,17.29,12.2
P0471,Team_I,Defender,62,0.0,2.8,8.6,9.9,20,2,0.95,66.0,3.9,0.204,2.83,4.5
P0472,Team_E,Center,58,16.7,3.9,0.7,33.5,24,0,0.5,62.1,26.9,0.269,30.48,3.0
P0473,Team_A,Defender,71,13.9,4.5,7.4,30.3,20,14,1.3,24.0,19.3,0.307,15.11,10.5
P0474,Team_J,Guard,81,7.7,3.9,9.3,32.0,32,15,1.62,37.2,18.5,0.221,5.69,6.7
P0475,Team_G,Guard,40,30.6,5.0,1.8,29.3,37,13,0.5,34.6,20.9,0.383,36.57,0.7
P0476,Team_A,Forward,33,9.5,1.6,9.1,38.2,23,13,3.59,76.1,21.2,0.31,16.29,3.3
P0477,Team_J,Forward,33,0.0,1.5,0.0,16.4,37,10,3.07,56.8,7.5,0.295,1.0,2.2
P0478,Team_D,Forward,48,15.0,7.5,6.1,30.1,21,6,0.5,43.6,16.9,0.165,20.72,11.8
P0479,Team_G,Defender,74,5.0,6.5,0.0,32.0,22,0,3.39,55.5,23.4,0.25,1.0,0.5
P0480,Team_L,Center,30,7.4,3.8,0.0,5.0,21,2,3.49,50.2,22.7,0.328,2.23,2.2
P0481,Team_E,Center,47,15.3,3.4,4.2,19.9,20,10,2.95,26.8,8.0,0.109,10.62,13.6
P0482,Team_K,Forward,70,18.7,3.9,13.2,7.0,25,17,3.33,59.6,15.5,0.271,24.02,0.9
P0483,Team_E,Guard,28,16.6,3.3,4.3,31.3,21,10,2.7,46.4,15.8,0.346,21.18,1.7
P0484,Team_D,Center,10,11.5,0.9,6.4,12.4,33,7,1.19,21.5,23.7,0.285,6.03,1.8
P0485,Team_H,Defender,71,9.6,5.2,7.5,14.9,34,9,3.43,10.9,7.8,0.233,13.18,3.7
P0486,Team_D,Striker,46,1.4,5.2,6.8,22.1,32,0,2.51,51.4,19.1,0.311,1.0,8.1
P0487,Team_A,Midfielder,29,8.8,1.1,9.5,25.8,23,5,1.25,47.6,8.7,0.363,17.12,6.8
P0488,Team_L,Defender,15,13.2,5.7,2.8,8.2,25,4,8.94,57.5,15.9,0.202,17.37,2.9
P0489,Team_H,Guard,59,18.2,8.0,6.6,30.9,31,9,2.78,53.1,15.2,0.378,25.42,6.6
P0490,Team_K,Midfielder,59,16.7,6.0,0.0,24.6,26,11,1.24,56.9,14.6,0.282,30.37,0.6
P0491,Team_G,Guard,39,8.2,2.3,8.4,38.7,21,8,1.51,63.8,3.1,0.144,2.08,3.3
P0492,Team_B,Guard,63,13.1,2.3,0.0,8.7,26,14,17.86,73.7,10.6,0.397,7.31,2.0
P0493,Team_A,Defender,53,17.2,1.8,3.6,22.9,30,14,2.23,73.4,13.9,0.388,13.67,1.9
P0494,Team_L,Defender,44,15.3,0.1,3.0,24.4,22,0,1.08,71.8,20.1,0.13,22.6,0.6
P0495,Team_F,Guard,77,17.8,4.9,16.8,31.6,32,8,0.6,69.7,20.7,0.257,25.48,14.2
P0496,Team_B,Forward,15,8.6,2.8,6.4,17.0,35,4,8.79,47.4,26.9,0.286,4.86,7.9
P0497,Team_K,Guard,55,9.9,3.7,2.7,42.2,21,3,3.28,31.7,11.3,0.299,19.55,1.4
P0498,Team_F,Midfielder,74,8.5,5.4,1.1,19.2,28,4,0.5,32.4,15.2,0.267,2.29,3.1
P0499,Team_L,Forward,78,3.4,6.8,3.5,30.2,24,2,6.74,69.9,14.7,0.102,1.0,0.0
P0500,Team_F,Midfielder,76,2.6,2.6,5.7,8.4,27,9,3.11,35.8,9.6,0.321,4.2,3.9
P0501,Team_B,Striker,42,27.0,7.5,8.2,18.2,36,13,3.1,31.5,12.4,0.208,33.54,4.7
P0502,Team_C,Forward,46,25.6,4.7,2.1,43.2,25,7,4.56,46.8,24.4,0.353,37.21,2.8
P0503,Team_F,Striker,32,3.0,4.1,3.8,19.7,36,0,0.5,64.8,14.4,0.211,1.0,1.4
P0504,Team_C,Center,48,9.5,3.0,0.0,7.9,25,6,0.5,57.3,13.1,0.345,1.0,4.3
P0505,Team_I,Defender,72,11.3,2.6,3.7,16.6,34,17,4.72,51.5,18.4,0.34,6.76,6.5
P0506,Team_A,Forward,12,8.9,2.9,12.3,20.8,33,0,18.71,41.7,17.0,0.102,1.0,8.5
P0507,Team_J,Defender,43,5.4,4.2,5.2,11.4,22,13,2.52,27.1,11.1,0.131,1.0,1.5
P0508,Team_K,Midfielder,21,19.4,2.5,2.4,26.1,31,12,3.93,49.5,13.3,0.34,30.42,9.9
P0509,Team_K,Midfielder,62,5.4,1.0,6.2,16.0,21,10,3.97,87.3,7.0,0.306,1.0,6.3
P0510,Team_G,Guard,59,9.1,0.7,11.2,28.2,21,12,0.5,70.8,12.3,0.373,4.42,6.7
P0511,Team_H,Forward,62,19.8,3.7,11.4,40.0,37,13,0.54,48.9,22.1,0.346,33.54,0.0
P0512,Team_I,Striker,14,16.3,3.8,5.1,30.0,26,8,6.2,34.1,12.0,0.153,24.29,5.3
P0513,Team_B,Guard,22,8.6,2.8,6.4,30.2,30,12,1.67,39.2,15.8,0.26,16.61,0.0
P0514,Team_E,Midfielder,48,14.1,5.1,4.6,27.0,28,12,2.66,60.3,0.0,0.294,25.2,4.6
P0515,Team_F,Midfielder,28,0.0,3.5,4.8,25.4,22,7,2.28,45.3,28.6,0.313,1.0,7.4
P0516,Team_B,Forward,16,22.1,2.1,0.2,18.1,26,14,0.5,52.6,35.0,0.197,22.81,4.8
P0517,Team_C,Center,35,5.0,5.0,11.1,29.6,30,0,0.5,56.4,19.2,0.385,1.0,0.0
P0518,Team_I,Midfielder,50,7.6,0.0,11.5,18.5,28,11,1.48,50.3,25.6,0.355,8.05,0.0
P0519,Team_H,Center,71,10.0,2.3,3.3,41.6,20,4,2.23,24.4,14.9,0.292,8.23,5.6
P0520,Team_G,Midfielder,10,10.3,8.2,1.5,15.7,30,10,9.48,38.4,12.9,0.316,15.38,5.0
P0521,Team_G,Striker,72,17.1,8.3,4.6,29.3,25,17,0.5,51.8,18.2,0.389,24.7,2.9
P0522,Team_A,Striker,79,3.2,4.3,5.4,23.1,22,9,1.77,55.4,17.3,0.253,1.0,9.4
P0523,Team_B,Forward,28,8.8,4.5,6.8,22.1,23,13,3.17,54.3,13.5,0.124,10.63,6.9
P0524,Team_E,Center,51,11.5,8.9,5.4,39.7,32,9,2.56,65.0,19.1,0.381,17.89,3.0
P0525,Team_F,Guard,13,14.4,3.5,4.6,25.2,36,16,0.5,62.3,0.1,0.261,20.06,13.0
P0526,Team_D,Defender,37,8.5,0.0,9.4,19.2,29,12,1.09,44.2,21.8,0.361,3.94,5.3
P0527,Team_K,Striker,29,7.6,2.3,1.3,48.0,26,0,0.5,48.7,12.6,0.173,5.03,3.6
P0528,Team_A,Forward,50,13.5,5.5,5.8,39.0,21,8,2.93,41.9,6.9,0.266,15.91,6.1
P0529,Team_C,Defender,81,21.9,8.0,10.2,24.7,20,10,2.38,23.9,13.1,0.398,36.66,11.4
P0530,Team_I,Striker,34,10.0,0.0,2.9,10.6,33,10,2.13,26.4,6.4,0.298,13.86,4.2
P0531,Team_K,Center,41,9.5,0.0,9.2,35.1,33,6,5.94,72.3,25.5,0.15,4.94,3.0
P0532,Team_I,Midfielder,69,4.6,6.8,1.3,31.8,35,17,7.42,59.4,24.0,0.384,1.0,2.1
P0533,Team_B,Forward,42,11.2,2.0,10.9,28.8,31,7,0.5,69.5,26.9,0.394,9.31,0.0
P0534,Team_F,Midfielder,10,28.2,4.9,3.3,10.6,21,17,3.08,50.8,21.5,0.256,39.7,12.5
P0535,Team_K,Defender,49,18.6,2.2,0.3,38.6,36,9,1.83,52.0,19.2,0.184,12.86,4.0
P0536,Team_A,Guard,14,3.8,6.6,4.1,42.3,34,10,1.37,22.2,21.7,0.104,9.24,4.6
P0537,Team_I,Midfielder,45,20.3,1.6,12.7,29.7,36,13,13.61,42.0,20.0,0.14,11.63,1.0
P0538,Team_A,Guard,12,37.9,3.1,3.8,45.1,36,15,0.5,52.1,29.5,0.134,49.56,3.2
P0539,Team_A,Forward,73,2.2,8.1,4.2,6.0,36,1,1.59,45.6,12.4,0.175,1.0,0.0
P0540,Team_L,Defender,50,4.1,6.8,8.2,25.1,24,5,4.03,59.0,14.2,0.294,11.31,3.2
P0541,Team_A,Defender,51,12.7,3.5,1.6,10.8,24,17,0.5,72.4,18.0,0.372,16.88,8.1
P0542,Team_C,Center,75,17.3,1.9,10.5,48.0,28,3,4.09,26.0,11.9,0.207,15.97,2.4
P0543,Team_L,Defender,49,4.5,2.0,3.0,26.5,36,9,2.72,54.6,16.3,0.328,3.52,0.0
P0544,Team_D,Guard,55,14.2,6.6,5.2,26.9,34,4,2.13,27.9,19.7,0.283,17.87,6.4
P0545,Team_G,Forward,63,11.6,7.4,10.4,24.1,28,14,0.5,43.5,20.3,0.26,13.3,3.8
P0546,Team_E,Striker,53,8.3,3.4,9.4,36.7,20,10,3.97,72.6,0.0,0.18,10.57,4.3
P0547,Team_E,Forward,53,19.7,5.6,14.8,6.8,24,4,0.5,74.2,17.5,0.208,26.19,1.9
P0548,Team_G,Guard,47,14.0,2.9,2.9,26.7,21,17,1.05,20.2,20.7,0.371,10.03,0.0
P0549,Team_F,Guard,47,6.2,7.2,10.0,18.6,30,8,0.5,100.0,30.0,0.124,4.03,13.1
P0550,Team_B,Midfielder,36,14.6,1.0,5.5,37.0,29,7,1.71,53.7,21.2,0.159,15.85,10.3
P0551,Team_I,Midfielder,72,0.0,4.8,3.8,9.9,22,7,0.5,53.6,13.6,0.106,1.0,7.3
P0552,Team_A,Forward,42,4.1,1.1,5.8,48.0,26,13,0.5,65.2,21.4,0.143,1.12,3.2
P0553,Team_F,Center,77,0.0,8.3,8.6,17.3,27,4,5.86,26.2,13.0,0.157,1.0,6.5
P0554,Team_H,Midfielder,51,1.4,6.5,12.2,9.1,24,5,0.5,43.0,20.0,0.164,10.1,7.2
P0555,Team_G,Forward,33,22.2,9.5,0.0,20.4,28,0,2.74,34.8,15.6,0.158,40.33,0.0
P0556,Team_J,Defender,53,0.0,5.5,3.4,17.4,35,10,0.5,38.9,20.8,0.324,3.17,0.0
P0557,Team_C,Center,40,0.3,3.2,6.1,36.0,22,14,1.7,85.9,12.8,0.201,1.0,1.4
P0558,Team_C,Center,53,12.6,5.5,6.0,32.6,24,15,0.83,36.4,18.4,0.222,18.91,3.6
P0559,Team_J,Defender,38,25.7,6.1,4.3,19.4,21,1,0.81,52.6,6.3,0.189,28.49,2.8
P0560,Team_F,Guard,19,21.4,7.2,4.6,5.0,25,16,0.5,38.0,10.3,0.136,31.19,7.6
P0561,Team_F,Forward,41,16.6,7.0,7.1,37.8,23,10,2.98,19.0,12.0,0.219,17.07,9.7
P0562,Team_H,Striker,49,11.8,2.4,4.8,40.8,33,10,4.62,44.4,5.8,0.206,15.26,9.3
P0563,Team_I,Striker,45,14.2,1.6,0.7,28.8,30,1,3.91,0.0,26.6,0.367,13.89,6.7
P0564,Team_H,Midfielder,33,18.2,2.3,4.8,22.5,20,7,2.43,23.4,20.1,0.311,18.98,10.6
P0565,Team_E,Striker,39,0.0,9.6,10.0,13.0,26,14,0.5,50.8,8.5,0.298,1.0,6.4
P0566,Team_E,Striker,36,24.1,1.3,2.4,23.6,29,11,1.36,22.7,13.9,0.293,33.72,4.9
P0567,Team_E,Center,49,20.5,2.5,7.5,31.7,30,11,3.27,60.5,16.2,0.341,7.56,7.1
P0568,Team_J,Forward,16,13.9,1.6,9.3,31.3,24,16,0.51,61.2,15.6,0.146,28.84,11.5
P0569,Team_E,Midfielder,70,8.1,3.3,3.7,25.6,26,10,6.98,67.4,15.3,0.156,7.13,0.0
P0570,Team_D,Striker,35,0.0,5.3,5.0,33.8,27,2,2.78,26.4,0.0,0.178,1.0,11.5
P0571,Team_E,Center,24,0.0,2.4,4.2,25.8,23,1,8.19,51.8,14.1,0.12,2.17,6.4
P0572,Team_D,Guard,65,16.5,6.5,4.2,19.2,28,3,0.5,72.6,13.8,0.366,31.89,0.0
P0573,Team_J,Midfielder,58,16.0,4.7,3.0,27.5,29,5,2.63,68.1,13.7,0.383,24.43,7.0
P0574,Team_L,Guard,57,11.8,7.3,11.6,35.1,26,17,0.67,18.4,13.6,0.396,18.21,3.4
