application_id,annual_income,loan_amount,loan_purpose,home_ownership,employment_length,state,dti_ratio,age,months_at_address,default_flag,n_accounts,avg_balance,max_balance,avg_utilization,max_utilization,pct_accounts_delinquent,has_charge_off,has_90plus_delinquency,latest_report_date,earliest_report_date,fico_score,total_accounts,delinquencies_2yrs,inquiries_6mo,public_records,revolving_balance,revolving_utilization,oldest_account_months,credit_age_months
APP_00001,66040,24438,Medical,Mortgage,3-5 years,OH,7.3,44,122,1,14,14836.272142857142,26537.61,67.4,98.9,0.0,0,0,2023-06-06,2018-03-28,720,23,2,1,0,36328.83,63.3,183,238
APP_00002,45118,13959,Business,Own,10+ years,VA,42.5,22,197,1,3,12378.263333333334,23817.88,45.166666666666664,82.1,0.0,0,0,2023-07-31,2019-11-09,729,8,0,4,0,38541.78,20.6,351,89
APP_00003,49678,10532,Education,Rent,1-3 years,AZ,36.4,71,113,1,8,10054.560000000001,26977.81,60.925,97.1,0.0,0,0,2023-04-24,2018-01-19,656,19,0,0,2,15115.28,61.2,305,133
APP_00004,37923,10236,Debt Consolidation,Own,3-5 years,IL,23.0,38,137,1,6,11955.413333333332,27217.47,47.333333333333336,96.9,0.0,0,0,2024-08-15,2018-07-06,601,28,0,2,0,35008.08,17.8,122,205
APP_00005,51900,10616,Home Improvement,Own,5-10 years,MA,32.3,64,13,0,15,15286.75,28972.42,52.193333333333335,99.8,0.0,0,0,2024-09-29,2019-03-29,824,22,1,0,0,27335.8,17.0,135,106
APP_00006,73042,2221,Car Purchase,Mortgage,1-3 years,FL,17.5,26,59,0,15,13966.642,27911.95,46.18666666666666,99.3,0.0,0,0,2024-01-22,2018-02-14,595,4,1,0,0,28009.63,88.9,23,132
APP_00007,22094,10741,Home Improvement,Mortgage,1-3 years,FL,28.9,68,20,0,5,15123.182,23385.5,64.4,81.8,0.0,0,0,2024-10-24,2018-05-24,769,12,1,2,0,41940.32,16.8,165,23
APP_00008,55166,3352,Vacation,Mortgage,10+ years,IL,20.5,38,116,0,12,18136.336666666666,29907.28,55.15833333333333,99.4,0.0,0,0,2024-08-07,2018-01-12,815,22,1,1,0,28613.63,27.2,85,150
APP_00009,37183,5942,Education,Mortgage,1-3 years,WA,8.0,27,14,1,3,19276.563333333335,20538.79,72.86666666666666,83.7,0.0,0,0,2023-07-08,2018-06-13,676,19,0,3,0,24677.41,8.5,283,205
APP_00010,92436,35919,Education,Mortgage,< 1 year,NY,33.3,55,168,1,9,17884.98888888889,27727.63,47.01111111111111,99.6,0.0,0,0,2024-02-16,2018-02-12,711,14,1,4,0,34377.84,3.4,23,192
APP_00011,29627,12922,Education,Mortgage,< 1 year,OH,31.8,57,104,0,5,13496.070000000002,23024.96,51.44,70.1,0.0,0,0,2024-02-14,2019-10-15,665,22,0,3,1,15657.45,24.7,213,112
APP_00012,40719,12447,Car Purchase,Rent,3-5 years,IL,43.9,23,6,0,18,15413.864444444444,28996.43,50.7,97.7,0.0,0,0,2023-08-17,2018-04-28,755,3,1,2,0,6300.91,78.2,343,32
APP_00013,27993,4327,Business,Mortgage,3-5 years,MI,22.6,71,68,0,18,14788.835555555554,29475.64,38.144444444444446,81.4,0.0,0,0,2024-09-03,2018-02-04,653,12,1,0,0,30956.59,50.4,30,132
APP_00014,78474,35251,Debt Consolidation,Mortgage,3-5 years,AZ,10.6,59,148,0,5,13109.063999999998,19367.17,50.67999999999999,98.4,0.0,0,0,2024-07-09,2019-07-11,846,21,1,1,0,2131.55,61.0,277,73
APP_00015,30529,2098,Business,Rent,10+ years,MI,37.3,73,139,0,13,12534.073076923076,28469.42,39.169230769230765,83.1,0.0,0,0,2023-02-17,2018-05-14,659,19,1,0,0,24734.77,69.1,37,130
APP_00016,76590,18026,Education,Mortgage,10+ years,NJ,18.0,48,222,0,16,13367.063125,24304.83,46.28125,91.2,0.0,0,0,2024-04-02,2018-11-09,702,13,2,1,0,41574.52,19.4,98,188
APP_00017,32169,4438,Car Purchase,Own,1-3 years,NY,5.3,28,160,0,11,14634.90090909091,28969.17,47.13636363636363,97.7,0.0,0,0,2022-07-16,2018-07-18,582,28,2,3,1,32704.7,26.1,175,72
APP_00018,40271,8987,Medical,Rent,1-3 years,GA,42.7,74,165,0,17,17829.59411764706,29596.89,49.22941176470588,92.6,0.0,0,0,2024-07-06,2018-05-24,741,26,2,1,0,24800.07,19.2,348,67
APP_00019,152011,18817,Debt Consolidation,Mortgage,1-3 years,OH,24.9,69,106,0,6,15743.965000000002,26397.44,52.68333333333334,91.2,0.0,0,0,2024-04-13,2018-12-06,651,27,1,1,0,20172.62,81.4,92,102
APP_00020,54434,8467,Debt Consolidation,Mortgage,10+ years,VA,7.1,57,229,0,19,14373.00947368421,29756.68,43.699999999999996,98.7,0.0,0,0,2024-10-31,2018-05-02,779,26,0,1,1,21399.1,62.1,183,195
APP_00021,43677,4019,Education,Mortgage,3-5 years,OH,31.9,31,189,0,3,10611.973333333333,15073.97,49.73333333333333,80.3,0.0,0,0,2023-05-27,2018-03-06,646,8,1,0,1,40975.56,42.1,309,23
APP_00022,58743,7742,Vacation,Rent,3-5 years,TX,30.3,31,149,0,9,18553.501111111113,29088.48,55.12222222222223,95.1,0.0,0,0,2023-11-26,2018-11-23,668,4,0,2,0,7628.86,22.2,147,231
APP_00023,36458,4213,Medical,Rent,1-3 years,FL,5.7,23,152,1,8,14991.59375,24719.93,32.6625,58.7,0.0,0,0,2024-10-27,2018-04-11,606,21,1,0,0,33090.24,66.3,144,177
APP_00024,85297,15521,Vacation,Mortgage,5-10 years,OH,42.5,21,16,0,18,15801.144999999999,26298.41,53.355555555555554,91.9,0.0,0,0,2024-11-02,2018-03-19,840,11,1,0,0,10592.45,45.7,330,230
APP_00025,30639,14241,Car Purchase,Rent,1-3 years,MI,44.3,72,65,1,6,17697.453333333335,25426.43,50.449999999999996,85.1,0.0,0,0,2024-08-01,2018-10-05,509,10,0,2,0,33907.89,72.2,271,184
APP_00026,40407,6008,Debt Consolidation,Own,10+ years,IL,40.3,29,238,1,14,16715.797142857144,27986.03,33.48571428571429,74.1,0.0,0,0,2024-06-12,2018-01-19,724,16,1,3,0,21048.59,19.5,338,231
APP_00027,106898,44958,Car Purchase,Rent,3-5 years,NJ,42.4,56,171,1,4,19106.065,26544.24,29.35,40.4,0.0,0,0,2023-11-06,2019-08-19,658,3,2,0,0,40598.22,4.5,287,238
APP_00028,29135,10076,Car Purchase,Own,< 1 year,NY,43.9,38,133,1,19,17420.806315789476,29539.63,37.357894736842105,99.8,0.0,0,0,2024-06-05,2018-05-19,605,11,1,3,1,36751.93,57.6,318,55
APP_00029,44990,10638,Medical,Mortgage,5-10 years,CA,24.8,68,153,1,6,15412.356666666667,26530.3,57.81666666666666,87.0,0.0,0,0,2024-05-30,2018-08-03,666,4,1,2,1,47924.07,37.6,45,230
APP_00030,15355,3447,Vacation,Rent,1-3 years,VA,25.4,42,124,0,4,16457.555,25705.06,49.425,75.0,0.0,0,0,2022-01-24,2019-04-17,666,21,1,2,0,46132.31,26.8,26,147
APP_00031,67762,33186,Business,Rent,3-5 years,TX,19.0,53,33,1,19,13846.27052631579,29197.83,46.363157894736844,98.8,0.0,0,0,2023-11-13,2018-01-25,595,4,3,1,0,34892.84,16.6,197,181
APP_00032,19950,7003,Debt Consolidation,Mortgage,5-10 years,NY,27.9,69,22,1,6,12456.203333333333,29862.65,32.800000000000004,79.7,0.0,0,0,2024-05-07,2018-07-23,733,20,0,1,1,26739.09,27.0,73,172
APP_00033,48681,7525,Car Purchase,Mortgage,< 1 year,GA,18.2,66,186,1,15,12279.782000000001,29594.62,47.446666666666665,95.8,0.0,0,0,2024-11-02,2018-03-09,682,21,1,3,0,3209.56,52.3,55,89
APP_00034,54959,16154,Education,Rent,1-3 years,IL,12.6,53,72,1,8,18151.54,29788.3,42.7,91.5,0.0,0,0,2021-10-03,2018-06-01,678,4,0,0,0,41293.17,72.7,105,16
APP_00035,55740,26154,Home Improvement,Rent,< 1 year,TX,29.6,42,156,0,3,16731.043333333335,27889.49,54.23333333333333,71.4,0.0,0,0,2023-09-19,2019-06-07,655,23,0,0,0,38129.08,73.9,233,20
APP_00036,23215,2485,Business,Mortgage,1-3 years,GA,32.9,63,181,0,4,11679.04,16619.38,44.925,80.8,0.0,0,0,2024-07-01,2018-02-18,590,3,0,0,1,26176.27,88.5,278,64
APP_00037,16628,4070,Home Improvement,Rent,10+ years,MI,5.2,56,178,0,8,17552.99375,29971.48,47.4,93.2,0.0,0,0,2023-04-19,2018-06-12,690,15,0,3,0,30778.48,89.8,347,93
APP_00038,64901,7110,Car Purchase,Rent,10+ years,OH,6.1,54,71,0,13,9487.296153846155,21621.75,68.14615384615385,97.3,0.0,0,0,2024-04-21,2018-07-27,722,4,1,2,0,39946.86,50.0,205,71
APP_00039,152318,17079,Home Improvement,Mortgage,1-3 years,MI,39.4,69,185,0,18,17019.174444444445,28618.1,42.75555555555556,98.4,0.0,0,0,2023-06-24,2019-02-16,767,29,1,2,0,8386.03,44.4,270,103
APP_00040,32679,1595,Vacation,Mortgage,< 1 year,CA,38.1,64,113,0,6,16180.043333333333,29748.73,36.03333333333333,69.2,0.0,0,0,2023-09-18,2018-11-03,591,2,1,2,0,34304.41,86.5,359,8
APP_00041,31627,1765,Education,Mortgage,5-10 years,GA,34.0,33,119,0,16,15229.616875,29980.51,53.33125,98.4,0.0,0,0,2024-09-03,2018-03-03,688,20,0,2,0,4652.67,85.0,344,129
APP_00042,55819,14893,Car Purchase,Own,1-3 years,NY,22.6,46,234,0,4,11144.56,25767.97,44.4,99.6,0.0,0,0,2024-05-22,2023-07-26,553,2,0,2,0,36642.63,39.8,204,238
APP_00043,142739,3851,Home Improvement,Mortgage,1-3 years,AZ,8.8,45,237,0,13,17596.94923076923,27502.68,52.07692307692308,95.9,0.0,0,0,2024-09-26,2018-04-27,801,9,0,1,1,28774.05,58.1,272,44
APP_00044,32648,15322,Debt Consolidation,Rent,5-10 years,MA,22.4,49,200,0,11,12984.717272727274,29407.84,58.24545454545455,99.8,0.0,0,0,2023-03-22,2018-03-20,688,5,0,2,0,48186.68,56.3,68,192
APP_00045,31620,12223,Debt Consolidation,Mortgage,< 1 year,MA,6.6,66,195,1,14,13258.635,28567.8,52.33571428571429,96.1,0.0,0,0,2023-10-18,2018-02-07,766,11,0,1,0,13049.27,5.7,40,116
APP_00046,22743,8297,Education,Own,5-10 years,IL,23.9,53,227,0,17,13284.871764705882,29349.92,39.38823529411765,94.5,0.0,0,0,2024-10-29,2018-09-16,765,29,1,0,0,24184.6,13.1,248,130
APP_00047,38100,18132,Education,Own,1-3 years,MI,42.3,52,6,1,7,9975.41142857143,15291.78,56.25714285714286,99.9,0.0,0,0,2023-11-04,2018-03-25,606,24,1,1,1,49000.44,4.7,39,223
APP_00048,53290,14832,Medical,Mortgage,< 1 year,OH,42.8,48,133,1,5,21804.670000000002,26662.4,40.14,74.6,0.0,0,0,2021-01-06,2019-01-06,614,13,1,2,0,40719.16,10.2,299,226
APP_00049,99058,33862,Business,Rent,3-5 years,NY,37.8,32,72,0,19,15447.495789473684,27618.84,39.54210526315789,95.5,0.0,0,0,2024-08-24,2018-08-17,831,5,1,4,0,17277.94,48.6,156,65
APP_00050,67429,27839,Home Improvement,Mortgage,1-3 years,VA,9.0,22,40,1,5,21646.21,28226.4,56.94,98.1,0.0,0,0,2024-10-27,2021-10-04,739,14,3,1,0,2171.5,2.7,129,84
APP_00051,102552,19884,Home Improvement,Own,5-10 years,NC,24.8,73,119,1,19,14097.706842105263,24263.98,43.92631578947368,96.8,0.0,0,0,2024-10-20,2018-03-31,441,12,1,1,0,32646.73,34.7,154,217
APP_00052,22590,7474,Medical,Own,3-5 years,WA,16.3,30,106,1,13,19028.826923076922,29754.95,51.55384615384616,89.2,0.0,0,0,2024-09-28,2018-04-26,477,22,0,1,0,4333.83,72.2,157,233
APP_00053,76755,38022,Education,Mortgage,5-10 years,GA,39.7,52,42,1,16,18073.25875,29501.62,46.45625,92.5,0.0,0,0,2024-09-09,2018-02-04,685,29,1,3,2,22048.93,85.8,231,50
APP_00054,70701,9195,Vacation,Rent,5-10 years,NC,20.1,69,67,0,4,17893.2425,27758.65,57.25,67.6,0.0,0,0,2023-03-10,2018-12-25,710,26,2,3,0,43299.05,58.8,292,58
APP_00055,11226,2372,Business,Mortgage,< 1 year,NC,38.9,29,204,0,9,13740.393333333333,26451.27,60.44444444444444,95.5,0.0,0,0,2022-08-27,2018-05-19,665,27,0,1,0,15160.74,8.4,81,32
APP_00056,46820,22441,Vacation,Rent,3-5 years,MA,8.3,25,104,1,7,16680.984285714287,28097.11,53.528571428571425,87.0,0.0,0,0,2023-02-19,2019-09-19,850,11,2,1,0,7331.61,5.5,147,89
APP_00057,96194,11018,Medical,Rent,5-10 years,WA,42.2,59,147,0,18,16722.317222222224,26957.91,58.82777777777778,97.3,0.0,0,0,2024-10-21,2018-01-24,547,10,1,0,0,7743.15,84.8,69,196
APP_00058,177357,27926,Medical,Rent,3-5 years,NJ,9.7,32,14,0,3,13175.210000000001,19843.99,13.433333333333335,29.1,0.0,0,0,2019-10-08,2018-04-15,650,28,0,1,0,39975.6,71.3,78,127
APP_00059,70848,4481,Vacation,Mortgage,1-3 years,NC,37.9,22,10,0,3,10684.72,24827.44,59.96666666666666,85.8,0.0,0,0,2019-12-31,2018-08-27,719,17,2,2,0,9401.87,65.2,239,192
APP_00060,110716,26152,Car Purchase,Rent,1-3 years,CA,40.2,37,76,1,6,17071.791666666668,28313.22,52.31666666666666,97.3,0.0,0,0,2023-01-15,2018-02-06,611,17,2,0,0,41571.14,67.3,53,67
APP_00061,31854,12600,Car Purchase,Rent,1-3 years,NY,9.4,23,178,1,16,17256.914375,28973.11,52.375,96.8,0.0,0,0,2024-07-31,2018-10-04,662,12,2,4,1,24860.15,2.0,90,201
APP_00062,43128,1233,Education,Mortgage,5-10 years,GA,9.7,61,172,0,16,18391.1825,28099.84,43.36875,97.8,0.0,0,0,2024-10-04,2018-08-11,591,7,1,5,0,11798.56,13.1,339,138
APP_00063,66943,32243,Vacation,Mortgage,< 1 year,CA,13.9,26,63,0,6,12311.275,26467.05,45.18333333333333,72.2,0.0,0,0,2024-09-23,2018-07-24,516,28,0,1,0,5058.18,43.0,181,37
APP_00064,122963,1595,Medical,Own,10+ years,PA,42.0,57,169,0,14,15202.575714285715,27855.23,42.542857142857144,85.0,0.0,0,0,2024-04-15,2018-01-10,658,8,0,1,0,10116.14,9.2,54,120
APP_00065,65132,17512,Debt Consolidation,Mortgage,1-3 years,CA,30.1,74,8,0,6,14374.363333333333,23550.21,50.916666666666664,93.3,0.0,0,0,2022-07-04,2019-02-06,476,10,0,5,0,34061.63,78.3,103,64
APP_00066,50645,22918,Debt Consolidation,Rent,10+ years,GA,20.8,44,161,1,10,13509.559,29837.83,51.57000000000001,92.4,0.0,0,0,2024-10-17,2018-12-28,610,14,0,1,1,21416.42,15.5,344,214
APP_00067,27110,9121,Home Improvement,Mortgage,1-3 years,IL,44.0,47,196,0,8,13415.967499999999,28353.67,49.837500000000006,95.9,0.0,0,0,2023-04-28,2018-01-30,703,12,1,1,0,41014.66,89.8,261,87
APP_00068,36508,10249,Debt Consolidation,Mortgage,3-5 years,WA,10.3,55,139,1,11,13113.182727272728,26706.62,51.709090909090904,82.3,0.0,0,0,2023-01-30,2018-04-17,566,24,2,2,0,15838.14,19.6,39,151
APP_00069,22200,10420,Home Improvement,Mortgage,1-3 years,GA,20.1,21,151,0,10,17303.406,28419.21,59.81,96.8,0.0,0,0,2024-03-05,2018-09-28,793,3,0,1,0,16514.78,78.5,335,23
APP_00070,147101,49376,Debt Consolidation,Mortgage,5-10 years,NC,43.8,47,182,1,17,13955.685882352942,29777.93,40.01176470588236,98.2,0.0,0,0,2024-05-24,2018-02-15,437,25,1,1,0,33301.18,55.3,214,14
APP_00071,45765,10077,Debt Consolidation,Own,< 1 year,VA,37.5,51,138,1,11,19672.024545454544,28373.24,42.37272727272727,96.1,0.0,0,0,2024-08-23,2018-04-22,630,23,2,6,0,34977.19,21.5,31,220
APP_00072,103021,49835,Medical,Mortgage,5-10 years,MI,39.0,37,90,1,19,13532.449999999999,28669.18,49.626315789473686,86.1,0.0,0,0,2024-05-30,2019-01-19,723,16,2,3,0,46384.18,35.4,42,179
APP_00073,25833,12368,Medical,Mortgage,10+ years,GA,29.7,48,100,0,8,18689.0175,26512.86,56.8375,87.1,0.0,0,0,2022-09-21,2019-04-12,603,28,1,1,0,23321.61,80.7,285,37
APP_00074,45006,3441,Home Improvement,Mortgage,3-5 years,NY,25.8,32,198,0,9,14273.817777777778,27932.71,39.36666666666667,72.3,0.0,0,0,2024-07-01,2018-03-26,522,26,1,4,1,36072.93,15.5,243,141
APP_00075,168796,43956,Debt Consolidation,Mortgage,3-5 years,OH,35.2,41,147,1,6,13839.235,26822.99,47.65,66.4,0.0,0,0,2024-10-10,2018-01-04,636,10,1,0,2,12536.44,6.1,290,220
APP_00076,140533,35499,Business,Rent,3-5 years,TX,19.0,54,87,0,11,23040.80181818182,29927.48,61.96363636363637,94.4,0.0,0,0,2024-10-20,2019-03-19,775,2,2,4,0,33384.33,80.5,299,78
APP_00077,24101,10991,Education,Mortgage,3-5 years,MA,20.9,62,56,0,5,9112.84,18699.43,48.14,81.2,0.0,0,0,2023-02-12,2020-02-07,669,26,1,3,0,46318.52,8.2,167,75
APP_00078,14421,5332,Medical,Own,10+ years,MI,35.8,40,221,1,11,14035.836363636365,23093.17,44.127272727272725,99.7,0.0,0,0,2024-05-29,2019-03-03,690,11,0,2,0,16313.06,25.4,172,186
APP_00079,52935,9847,Car Purchase,Rent,1-3 years,NY,26.5,43,188,0,15,12451.21,29477.37,51.333333333333336,99.0,0.0,0,0,2024-10-17,2018-07-07,448,2,1,0,0,15497.15,69.3,304,135
APP_00080,36724,11152,Business,Own,3-5 years,GA,32.9,45,200,1,17,11993.251176470587,26072.97,45.8235294117647,90.6,0.0,0,0,2024-06-25,2018-02-13,469,10,1,1,0,26291.16,8.6,55,77
APP_00081,50323,24511,Medical,Mortgage,< 1 year,IL,18.8,62,66,1,6,14337.755,25463.03,49.03333333333333,80.2,0.0,0,0,2023-11-19,2018-05-15,706,24,0,1,0,90.81,53.1,265,198
APP_00082,93359,2452,Car Purchase,Own,3-5 years,MI,40.8,69,83,0,17,14563.178235294117,29946.67,47.85294117647059,100.0,0.0,0,0,2024-09-23,2018-05-07,749,28,2,0,0,45035.77,62.9,339,225
APP_00083,23597,1996,Vacation,Rent,< 1 year,AZ,11.3,68,66,0,11,16481.40090909091,29731.7,59.32727272727273,89.4,0.0,0,0,2024-09-24,2019-10-23,743,4,2,1,0,30300.78,19.0,202,153
APP_00084,24435,1029,Education,Rent,5-10 years,WA,44.5,67,132,0,14,10943.630000000001,28543.28,41.378571428571426,95.1,0.0,0,0,2024-04-09,2018-03-03,690,17,1,0,0,4953.85,86.2,299,150
APP_00085,47996,18477,Car Purchase,Mortgage,5-10 years,AZ,10.9,71,12,0,3,24501.809999999998,29647.86,40.6,97.4,0.0,0,0,2020-05-07,2020-03-30,577,18,2,0,0,22356.58,59.8,140,102
APP_00086,50712,17736,Vacation,Mortgage,3-5 years,WA,39.7,58,232,1,19,11373.592631578947,29680.22,52.21052631578947,99.6,0.0,0,0,2024-02-17,2018-01-19,650,5,0,5,0,17948.05,89.9,175,190
APP_00087,29063,10978,Education,Own,1-3 years,OH,8.6,64,30,0,15,16113.475333333334,27045.17,44.56666666666667,92.7,0.0,0,0,2024-05-09,2018-07-21,717,23,1,2,0,22009.04,73.1,134,220
APP_00088,42785,19160,Education,Mortgage,1-3 years,NC,24.9,67,233,0,6,11240.873333333335,28683.99,58.51666666666667,89.8,0.0,0,0,2023-12-28,2018-05-19,577,7,0,0,0,25142.03,50.9,338,154
APP_00089,203739,37526,Debt Consolidation,Mortgage,1-3 years,IL,19.5,46,69,1,14,15711.042857142858,27895.76,47.135714285714286,89.2,0.0,0,0,2023-03-21,2018-02-09,615,15,1,5,0,27413.35,58.7,143,54
APP_00090,90103,26143,Business,Rent,3-5 years,CA,5.3,41,203,0,9,14961.150000000001,28657.28,54.96666666666667,99.7,0.0,0,0,2024-04-09,2018-10-31,746,8,3,6,0,34107.74,53.1,211,107
APP_00091,43315,18575,Car Purchase,Mortgage,1-3 years,OH,38.7,23,36,0,17,16259.81705882353,29828.64,36.8235294117647,98.6,0.0,0,0,2024-08-16,2018-01-12,603,12,0,1,0,26917.34,24.7,199,57
APP_00092,12496,3153,Education,Rent,10+ years,FL,43.8,24,84,1,8,17317.635000000002,27286.66,49.150000000000006,92.3,0.0,0,0,2024-01-06,2019-03-01,510,9,1,4,0,2457.23,55.5,193,131
APP_00093,34680,3792,Business,Rent,5-10 years,NJ,27.9,71,178,0,13,11733.585384615384,27437.53,51.45384615384615,96.5,0.0,0,0,2024-07-03,2018-01-27,643,12,1,0,0,1275.38,70.4,71,15
APP_00094,77129,29905,Car Purchase,Rent,5-10 years,FL,25.3,69,145,1,12,15341.449166666667,28749.83,49.800000000000004,96.1,0.0,0,0,2024-05-11,2019-01-20,646,15,0,1,2,20726.32,87.3,201,133
APP_00095,57287,8978,Medical,Mortgage,10+ years,WA,26.3,53,139,0,5,10107.206,26450.24,70.44000000000001,94.7,0.0,0,0,2023-03-26,2018-06-24,798,6,1,2,0,30286.87,67.8,158,123
APP_00096,28492,5458,Home Improvement,Mortgage,3-5 years,TX,17.9,22,89,1,14,12670.465,26500.49,44.69285714285714,97.7,0.0,0,0,2024-07-10,2018-01-13,647,23,3,2,0,21737.11,18.9,329,92
APP_00097,80936,31004,Business,Mortgage,3-5 years,NY,19.0,69,74,0,18,9983.485,22908.46,40.07222222222222,89.9,0.0,0,0,2024-07-07,2018-06-29,773,12,2,2,0,28904.2,42.7,22,65
APP_00098,24888,10505,Education,Mortgage,10+ years,NJ,42.5,32,232,1,7,16001.212857142857,29767.26,26.214285714285715,69.2,0.0,0,0,2023-04-22,2019-06-10,702,7,0,1,2,14367.13,43.9,138,168
APP_00099,51634,15256,Medical,Own,5-10 years,AZ,37.0,55,218,0,16,14779.94125,29592.42,59.5625,98.0,0.0,0,0,2024-06-25,2020-02-01,784,10,0,3,0,30794.63,49.9,152,95
APP_00100,44649,4974,Business,Rent,3-5 years,FL,17.6,62,94,0,8,15503.358750000001,22646.18,58.237500000000004,95.4,0.0,0,0,2024-07-18,2018-01-11,699,18,4,0,0,24285.55,14.3,108,215
APP_00101,36298,13240,Business,Rent,3-5 years,MA,25.1,45,150,1,6,11185.448333333334,20516.8,42.333333333333336,97.8,0.0,0,0,2024-08-13,2018-04-20,714,26,1,2,0,42331.43,8.0,155,33
APP_00102,153923,45079,Vacation,Mortgage,< 1 year,GA,30.0,71,203,0,6,15082.693333333335,28593.74,54.23333333333333,81.9,0.0,0,0,2022-12-06,2019-08-19,850,20,0,0,0,1651.45,22.9,73,33
APP_00103,54128,9728,Education,Rent,3-5 years,FL,34.7,47,169,1,13,14474.979230769231,29915.11,61.607692307692304,94.4,0.0,0,0,2024-11-04,2019-10-02,661,21,3,1,0,15885.4,3.4,306,236
APP_00104,68965,34405,Debt Consolidation,Mortgage,1-3 years,OH,10.7,24,91,1,5,20078.622,28517.76,68.11999999999999,98.6,0.0,0,0,2023-05-19,2019-03-06,596,13,0,2,0,6216.09,59.4,61,108
APP_00105,47521,18175,Car Purchase,Rent,< 1 year,FL,23.3,72,189,1,18,14761.654999999999,28162.8,54.05,95.4,0.0,0,0,2024-09-15,2018-01-03,464,16,0,1,0,39001.04,17.5,159,194
APP_00106,147940,25612,Medical,Mortgage,3-5 years,WA,33.8,51,120,0,15,13936.491333333333,26798.0,57.57333333333334,95.7,0.0,0,0,2024-09-09,2018-04-24,749,16,0,1,0,22737.84,80.8,239,159
APP_00107,62822,8657,Medical,Rent,10+ years,GA,28.3,28,28,0,14,13234.441428571428,27138.16,54.55714285714286,85.6,0.0,0,0,2024-04-29,2019-01-03,850,18,0,0,0,33852.4,8.2,20,98
APP_00108,151157,23638,Car Purchase,Rent,10+ years,GA,25.2,45,230,0,17,12468.953529411765,25245.47,50.49411764705882,97.1,0.0,0,0,2024-10-09,2018-06-17,550,3,1,1,0,32919.48,34.7,110,189
APP_00109,52346,18536,Medical,Rent,1-3 years,VA,20.0,29,56,1,16,11631.04375,27545.79,55.05,97.9,0.0,0,0,2024-05-25,2019-05-24,510,22,1,1,0,15563.4,63.4,283,231
APP_00110,75770,28163,Debt Consolidation,Rent,3-5 years,AZ,14.4,46,115,0,15,12567.662,29666.27,50.12,90.9,0.0,0,0,2024-08-22,2018-03-15,693,14,0,1,0,22676.27,53.7,226,24
APP_00111,63026,11134,Car Purchase,Mortgage,3-5 years,IL,20.2,73,142,0,6,15153.701666666666,25775.67,38.11666666666667,80.3,0.0,0,0,2022-12-23,2019-09-26,786,14,1,1,0,49062.84,2.0,19,42
APP_00112,38809,4783,Debt Consolidation,Own,1-3 years,MA,21.6,46,80,0,17,10671.874117647058,29615.04,43.758823529411764,93.6,0.0,0,0,2024-06-01,2018-03-07,643,16,0,0,0,13069.04,68.5,292,131
APP_00113,47132,11850,Business,Mortgage,1-3 years,VA,41.5,74,157,1,15,13073.346,27930.58,47.093333333333334,93.9,0.0,0,0,2024-10-11,2019-01-30,601,25,0,2,0,34901.24,1.3,323,191
APP_00114,79574,23404,Education,Mortgage,10+ years,CA,36.2,63,155,0,11,17092.111818181816,29144.53,53.945454545454545,95.7,0.0,0,0,2024-06-21,2018-08-03,536,27,0,0,0,32240.15,20.8,145,86
APP_00115,32745,8919,Debt Consolidation,Rent,< 1 year,PA,39.4,60,54,1,18,17145.70111111111,29186.83,52.17222222222222,90.8,0.0,0,0,2024-08-26,2018-08-15,811,5,2,1,1,20432.47,39.8,209,50
APP_00116,33088,5656,Medical,Mortgage,3-5 years,GA,40.9,52,163,1,6,14310.348333333333,29447.37,67.41666666666667,95.3,0.0,0,0,2024-05-05,2019-07-11,580,16,1,3,0,1510.29,55.1,187,14
APP_00117,229109,4219,Car Purchase,Rent,3-5 years,PA,22.6,70,227,0,7,12751.497142857144,18246.4,52.142857142857146,94.8,0.0,0,0,2024-06-22,2020-03-02,622,21,1,0,0,40107.04,89.8,288,226
APP_00118,25228,7499,Vacation,Own,1-3 years,OH,42.8,52,15,0,17,16788.85411764706,29556.22,60.60588235294117,99.0,0.0,0,0,2024-07-03,2018-01-29,718,26,2,3,0,2860.92,59.2,341,175
APP_00119,80816,17107,Vacation,Rent,5-10 years,OH,31.4,21,62,0,4,12833.485,25410.36,33.2,61.2,0.0,0,0,2023-01-26,2018-10-01,653,7,1,1,0,48248.07,27.7,132,150
APP_00120,22116,3232,Vacation,Rent,< 1 year,PA,18.6,57,72,0,12,16212.058333333334,26645.7,57.88333333333333,97.2,0.0,0,0,2023-01-30,2019-03-23,605,3,2,1,0,27799.94,40.6,274,215
APP_00121,53419,19531,Business,Mortgage,5-10 years,GA,37.3,36,201,1,18,14313.891666666666,28950.95,40.71666666666667,88.9,0.0,0,0,2024-10-27,2018-04-16,812,13,3,3,0,42714.44,77.2,197,85
APP_00122,88165,41687,Car Purchase,Mortgage,1-3 years,TX,5.5,27,166,0,8,23364.1425,29377.86,60.525,94.2,0.0,0,0,2024-08-30,2019-07-24,814,9,1,0,0,18941.36,19.3,231,108
APP_00123,59616,13140,Home Improvement,Rent,3-5 years,NJ,15.4,22,200,0,10,8596.695,27247.76,63.36,97.6,0.0,0,0,2024-07-21,2018-01-28,654,11,1,1,0,28070.78,27.6,256,227
APP_00124,23140,7239,Education,Rent,1-3 years,AZ,19.5,73,177,1,17,18636.988823529413,29055.41,69.86470588235295,96.9,0.0,0,0,2024-10-05,2019-05-03,707,28,5,0,1,36127.46,25.4,261,109
APP_00125,39615,11640,Business,Rent,5-10 years,CA,24.4,37,19,1,4,10480.994999999999,20110.61,33.650000000000006,66.0,0.0,0,0,2022-09-19,2021-06-05,658,7,0,1,0,45031.02,4.2,186,62
APP_00126,57209,21473,Home Improvement,Rent,1-3 years,PA,30.8,66,9,0,9,9385.722222222223,29813.19,54.922222222222224,95.2,0.0,0,0,2024-10-13,2018-04-19,850,21,0,2,0,43513.9,85.0,134,130
APP_00127,95017,39257,Medical,Rent,3-5 years,TX,27.2,45,235,1,3,14647.230000000001,24436.61,45.333333333333336,61.2,0.0,0,0,2024-02-12,2019-03-11,664,9,1,3,2,14032.03,5.9,113,85
APP_00128,97817,40751,Vacation,Own,< 1 year,NJ,41.0,26,224,1,17,15269.182352941178,24585.54,39.04117647058824,85.8,0.0,0,0,2024-10-24,2018-03-26,653,3,0,1,0,11324.18,63.0,248,122
APP_00129,129614,33586,Vacation,Mortgage,5-10 years,IL,20.3,66,69,0,8,15262.26125,28465.38,34.175,74.8,0.0,0,0,2024-10-26,2018-02-01,641,25,1,2,1,34173.95,85.4,357,92
APP_00130,125780,18339,Car Purchase,Rent,< 1 year,FL,35.8,49,154,0,5,16821.344,25144.78,31.46,71.7,0.0,0,0,2023-04-04,2020-12-06,850,19,2,2,0,32515.14,76.0,51,86
APP_00131,42830,19690,Business,Mortgage,3-5 years,TX,20.9,44,155,0,11,13186.010000000002,29777.7,43.08181818181818,93.7,0.0,0,0,2024-07-17,2018-04-02,683,7,0,2,1,26903.3,87.3,88,65
APP_00132,101169,36896,Debt Consolidation,Mortgage,3-5 years,NY,28.8,63,86,0,6,13398.099999999999,28505.42,41.46666666666666,89.8,0.0,0,0,2024-03-13,2018-03-23,698,3,1,2,0,35124.26,11.7,240,216
APP_00133,227760,17377,Home Improvement,Mortgage,1-3 years,GA,34.1,45,66,0,6,19154.446666666667,26314.65,49.73333333333333,65.1,0.0,0,0,2023-08-23,2019-03-25,526,19,0,3,0,14332.92,54.2,274,149
APP_00134,46275,16239,Home Improvement,Mortgage,< 1 year,TX,37.0,64,184,1,19,15187.63210526316,28465.92,37.11052631578948,97.9,0.0,0,0,2023-12-05,2018-02-28,730,27,0,1,0,41733.71,82.4,148,179
APP_00135,71188,13487,Education,Rent,10+ years,CA,43.0,69,52,1,13,11882.795384615385,25006.19,62.80769230769231,97.0,0.0,0,0,2024-10-29,2018-06-18,602,13,1,2,0,43267.51,26.2,130,32
APP_00136,19108,1741,Business,Rent,5-10 years,OH,34.0,36,203,0,4,14205.432499999999,22504.51,50.325,90.4,0.0,0,0,2024-10-07,2018-01-31,614,5,0,1,0,22023.77,42.9,198,25
APP_00137,110515,3528,Home Improvement,Own,5-10 years,OH,45.0,46,218,0,11,15565.506363636365,26248.0,62.38181818181818,92.9,0.0,0,0,2024-10-03,2019-06-24,600,6,1,1,0,42682.97,80.2,186,10
APP_00138,90870,22027,Vacation,Own,5-10 years,NC,12.7,28,64,0,7,13928.992857142857,28459.68,66.44285714285715,93.1,0.0,0,0,2024-04-18,2018-07-10,721,4,1,1,1,3299.8,84.5,21,230
APP_00139,47871,20771,Vacation,Mortgage,3-5 years,OH,6.5,51,157,0,15,13934.637333333334,28584.12,43.3,76.7,0.0,0,0,2024-09-17,2018-01-23,697,12,1,2,0,43179.55,17.6,151,51
APP_00140,73784,9255,Education,Mortgage,10+ years,NJ,18.6,43,113,0,8,22176.90625,29579.23,55.7875,95.3,0.0,0,0,2024-04-25,2019-04-28,818,11,1,0,0,25471.85,32.1,43,105
APP_00141,109132,27381,Car Purchase,Mortgage,3-5 years,WA,29.6,22,60,1,19,14785.847894736842,28309.01,39.47894736842105,94.0,0.0,0,0,2024-06-04,2018-01-30,701,7,2,1,0,18288.68,64.3,286,174
APP_00142,59319,14239,Home Improvement,Own,10+ years,WA,20.4,52,232,0,3,10250.073333333332,16751.76,60.300000000000004,87.4,0.0,0,0,2020-01-13,2018-08-02,609,24,0,0,0,43876.78,37.9,163,67
APP_00143,48311,14447,Education,Rent,5-10 years,NC,18.5,40,138,1,16,13168.196875,29129.26,44.525,86.7,0.0,0,0,2024-10-06,2018-12-27,609,19,0,0,0,42628.84,34.1,253,217
APP_00144,35131,13130,Debt Consolidation,Own,1-3 years,AZ,39.1,38,195,1,16,18834.925,29717.85,45.4625,96.4,0.0,0,0,2024-05-09,2018-10-22,752,28,2,2,2,46408.88,61.4,332,50
APP_00145,18867,8677,Vacation,Mortgage,1-3 years,GA,10.0,57,66,0,7,17036.092857142856,27766.33,54.885714285714286,75.8,0.0,0,0,2024-10-29,2018-08-05,618,4,0,2,0,9441.44,74.2,337,144
APP_00146,71824,10041,Education,Mortgage,10+ years,AZ,29.0,33,231,0,7,18517.794285714284,29578.81,41.84285714285714,70.5,0.0,0,0,2024-09-06,2018-09-27,669,5,3,2,1,31742.8,18.6,109,130
APP_00147,98741,25798,Home Improvement,Own,1-3 years,NC,12.5,23,125,0,15,14849.420666666667,27933.94,58.13333333333333,99.9,0.0,0,0,2024-08-24,2018-01-24,744,3,1,3,0,10199.69,44.4,160,225
APP_00148,129659,18156,Medical,Rent,1-3 years,NC,42.1,69,66,0,9,12546.481111111112,24367.19,44.41111111111111,91.7,0.0,0,0,2024-07-26,2018-10-26,720,15,2,3,0,735.82,43.2,293,73
APP_00149,52323,13358,Debt Consolidation,Mortgage,5-10 years,PA,29.9,67,94,0,10,14016.643,26183.89,43.989999999999995,90.4,0.0,0,0,2024-10-06,2018-04-17,623,21,1,2,0,46457.96,13.2,277,160
APP_00150,17583,5619,Car Purchase,Rent,3-5 years,GA,15.6,48,34,1,19,15563.516842105264,29902.01,36.90526315789473,95.1,0.0,0,0,2024-02-13,2018-04-23,626,25,2,2,0,8625.28,11.0,102,199
APP_00151,58192,19409,Medical,Rent,1-3 years,VA,19.9,28,138,1,6,16737.216666666664,29548.14,48.416666666666664,93.6,0.0,0,0,2024-05-15,2020-03-23,647,21,0,2,0,46973.13,82.3,356,217
APP_00152,59914,2412,Home Improvement,Own,1-3 years,WA,40.8,33,86,0,18,15927.131666666666,29844.39,52.55555555555556,98.7,0.0,0,0,2024-10-07,2018-03-12,601,22,0,0,0,28815.91,29.3,297,119
APP_00153,84499,24566,Home Improvement,Mortgage,10+ years,CA,40.1,39,85,1,15,13210.147333333332,27796.71,40.2,99.6,0.0,0,0,2024-08-22,2018-05-11,739,22,0,2,1,4051.86,72.0,315,196
APP_00154,50087,16831,Debt Consolidation,Mortgage,1-3 years,WA,38.5,45,186,0,9,13407.771111111111,27476.72,26.833333333333332,67.8,0.0,0,0,2023-11-28,2018-09-26,850,27,0,0,0,12259.32,41.1,183,89
APP_00155,89779,34036,Vacation,Rent,10+ years,NC,6.2,43,175,0,14,20262.117857142857,27839.07,57.26428571428572,93.9,0.0,0,0,2024-09-11,2018-08-03,850,19,2,2,0,25829.03,26.2,304,197
APP_00156,122886,7314,Business,Mortgage,10+ years,TX,37.7,34,82,0,13,13525.68923076923,28734.58,56.01538461538462,98.3,0.0,0,0,2024-10-02,2018-07-25,628,2,3,1,0,29197.92,19.5,50,202
APP_00157,42811,6857,Car Purchase,Mortgage,3-5 years,GA,15.4,44,114,0,4,11161.300000000001,23198.29,63.55,80.2,0.0,0,0,2023-01-17,2018-05-30,653,13,2,1,0,37929.57,67.8,146,178
APP_00158,49121,19373,Car Purchase,Mortgage,< 1 year,NC,43.5,48,65,0,9,14230.367777777778,25567.1,39.766666666666666,96.1,0.0,0,0,2024-06-06,2018-11-16,704,14,1,4,0,3351.97,51.6,340,13
APP_00159,68480,27219,Education,Rent,< 1 year,NJ,11.7,32,155,0,15,18095.675333333333,29084.18,51.88,96.9,0.0,0,0,2024-05-29,2018-02-07,800,25,0,0,0,41919.73,70.5,108,213
APP_00160,32133,11675,Car Purchase,Mortgage,3-5 years,NJ,39.1,34,197,1,16,16975.88625,29696.02,56.30625,93.6,0.0,0,0,2024-09-09,2018-01-16,584,11,0,2,0,13111.13,51.4,38,145
APP_00161,34477,11515,Education,Rent,< 1 year,NJ,37.9,67,84,1,7,16373.275714285714,29198.4,52.57142857142857,88.2,0.0,0,0,2024-10-06,2018-03-23,531,6,1,0,0,3592.64,13.3,287,176
APP_00162,154273,41120,Business,Rent,3-5 years,AZ,23.7,24,214,0,7,21014.34857142857,27484.48,48.771428571428565,83.1,0.0,0,0,2024-11-04,2019-02-23,588,19,0,0,0,33898.87,51.9,165,30
APP_00163,106851,15620,Home Improvement,Rent,1-3 years,NJ,15.9,37,131,0,17,14799.627647058824,26134.14,55.78823529411765,97.9,0.0,0,0,2024-10-14,2018-02-17,582,14,0,1,1,20390.15,19.1,73,136
APP_00164,52292,4798,Education,Rent,10+ years,IL,30.5,26,152,0,3,11444.38,22700.75,45.199999999999996,79.5,0.0,0,0,2024-06-02,2019-12-24,695,8,1,2,1,39395.92,76.4,192,185
APP_00165,84013,10429,Medical,Mortgage,10+ years,GA,19.7,35,213,0,9,10693.582222222223,25200.25,44.65555555555555,98.6,0.0,0,0,2024-10-18,2018-02-24,697,5,0,1,0,33289.17,39.0,70,38
APP_00166,43306,12219,Education,Mortgage,10+ years,IL,11.1,47,179,0,6,15170.705,20396.19,54.1,99.2,0.0,0,0,2023-02-07,2018-03-26,740,10,0,0,0,15943.17,39.2,232,69
APP_00167,39256,15842,Education,Own,10+ years,NY,12.4,35,158,1,12,13253.7025,27452.3,45.583333333333336,94.8,0.0,0,0,2024-04-09,2018-10-13,509,29,1,3,0,36004.95,56.2,341,180
APP_00168,49711,1029,Vacation,Own,5-10 years,FL,27.3,68,193,0,10,16208.543,28256.25,54.21,94.1,0.0,0,0,2024-09-18,2018-03-25,542,22,2,0,0,46160.27,59.6,200,37
APP_00169,52937,7850,Business,Rent,< 1 year,IL,7.9,38,115,1,16,15912.0225,28913.26,41.23125,81.4,0.0,0,0,2024-04-06,2018-02-03,581,16,1,1,0,16827.73,66.1,246,127
APP_00170,32577,15901,Car Purchase,Mortgage,5-10 years,CA,43.1,61,141,0,17,12864.461764705882,26885.93,50.05294117647059,97.5,0.0,0,0,2024-05-21,2018-02-20,850,9,1,2,0,13624.35,25.9,342,230
APP_00171,86155,7140,Education,Rent,< 1 year,PA,29.7,40,166,0,8,18020.64875,28403.14,59.225,94.3,0.0,0,0,2022-11-27,2018-04-23,680,4,1,0,1,2674.43,15.4,109,65
APP_00172,81438,23228,Home Improvement,Mortgage,3-5 years,CA,40.3,50,166,0,13,15416.00076923077,27258.32,55.93076923076923,96.0,0.0,0,0,2024-11-02,2019-02-05,681,20,0,2,0,41984.2,13.4,205,124
APP_00173,36950,6628,Car Purchase,Mortgage,5-10 years,TX,37.9,62,124,0,4,14168.825,26444.24,28.875,55.3,0.0,0,0,2023-10-11,2020-08-25,713,26,1,0,0,32017.11,80.5,203,96
APP_00174,93439,31649,Business,Own,10+ years,NC,42.4,59,228,1,8,17492.09875,29945.94,29.799999999999997,97.3,0.0,0,0,2024-09-11,2019-02-11,743,20,1,0,0,11900.67,30.2,27,107
APP_00175,145391,43677,Home Improvement,Rent,5-10 years,MA,37.6,27,208,0,10,14407.425,29229.53,57.11,99.0,0.0,0,0,2023-08-08,2019-01-27,709,28,0,1,0,46878.29,10.8,340,107
APP_00176,60764,27291,Education,Mortgage,5-10 years,MA,30.7,61,193,0,9,13390.66,29275.56,58.46666666666667,98.1,0.0,0,0,2024-10-27,2018-01-28,545,2,0,1,1,27402.38,63.2,62,61
APP_00177,39272,2124,Vacation,Rent,3-5 years,NY,13.8,66,105,0,5,13246.367999999999,29929.51,61.08,97.6,0.0,0,0,2021-07-01,2018-12-21,753,7,0,1,0,33915.95,19.2,275,48
APP_00178,55421,20880,Medical,Rent,5-10 years,NY,11.5,26,151,0,17,17903.587647058823,28591.4,43.182352941176475,93.8,0.0,0,0,2024-04-14,2018-01-07,709,14,1,4,0,42917.15,39.0,277,99
APP_00179,22320,6511,Business,Rent,1-3 years,NY,13.8,74,196,1,19,11507.628421052632,29594.61,33.90526315789474,95.9,0.0,0,0,2024-10-31,2018-06-11,659,18,0,1,0,10655.04,59.4,130,193
APP_00180,100616,10975,Vacation,Mortgage,10+ years,MA,21.6,44,153,0,15,17720.658,27831.36,54.50666666666667,90.1,0.0,0,0,2024-07-29,2018-04-23,573,8,0,0,0,37120.55,6.9,117,170
APP_00181,112495,38618,Education,Own,10+ years,NC,22.5,73,103,0,15,14093.04,28140.84,60.473333333333336,98.8,0.0,0,0,2024-10-09,2018-04-08,755,7,0,0,0,18369.51,8.4,141,204
APP_00182,77224,19304,Home Improvement,Mortgage,5-10 years,OH,16.1,71,191,0,12,16173.438333333334,29745.23,38.93333333333333,73.0,0.0,0,0,2024-10-06,2018-03-08,768,6,2,0,0,17427.48,23.0,112,115
APP_00183,118886,36922,Business,Rent,3-5 years,AZ,12.2,64,19,0,11,16710.814545454545,29734.55,39.47272727272727,93.8,0.0,0,0,2024-01-17,2018-03-12,674,3,3,4,0,41148.29,2.5,21,193
APP_00184,112201,48598,Vacation,Mortgage,< 1 year,NC,14.9,67,19,1,18,16140.222777777779,29855.15,48.43333333333333,90.9,0.0,0,0,2024-05-26,2018-03-23,578,6,2,3,0,40216.51,67.7,308,157
APP_00185,12827,4209,Car Purchase,Rent,1-3 years,VA,15.3,57,10,1,14,16425.635714285712,29842.41,51.0,99.8,0.0,0,0,2024-06-29,2019-07-15,747,28,2,3,0,15557.26,19.5,290,37
APP_00186,56450,9853,Education,Own,10+ years,MA,14.4,30,200,0,8,16600.510000000002,29314.36,41.9875,94.6,0.0,0,0,2022-12-29,2018-03-29,762,11,1,2,0,21781.92,5.2,205,163
APP_00187,15503,4029,Education,Rent,3-5 years,FL,28.5,32,6,0,12,13633.1825,27784.37,43.708333333333336,93.8,0.0,0,0,2024-10-18,2018-06-27,659,21,1,0,0,26209.4,71.0,76,208
APP_00188,33035,4918,Car Purchase,Mortgage,< 1 year,IL,19.3,32,170,0,4,20798.1575,25564.19,47.35,90.8,0.0,0,0,2024-08-19,2018-09-12,776,2,2,0,0,12155.08,57.3,216,65
APP_00189,74931,17277,Vacation,Rent,1-3 years,WA,6.4,34,135,0,4,14694.227499999999,25273.42,29.424999999999997,63.8,0.0,0,0,2024-07-23,2018-08-25,755,8,0,1,0,31377.36,82.4,331,102
APP_00190,87744,6272,Medical,Rent,< 1 year,OH,14.0,57,64,0,11,14400.853636363638,29411.75,34.74545454545454,88.2,0.0,0,0,2024-10-10,2019-05-22,695,13,3,0,0,47625.82,43.2,190,105
APP_00191,51389,2026,Home Improvement,Mortgage,3-5 years,NJ,5.2,54,222,0,12,13741.963333333333,22931.98,45.19166666666666,89.4,0.0,0,0,2024-03-09,2019-02-07,555,2,2,2,0,34508.54,62.1,217,52
APP_00192,14780,5083,Debt Consolidation,Mortgage,1-3 years,NJ,24.6,64,43,0,15,16904.022,29448.32,56.31333333333334,99.8,0.0,0,0,2024-03-31,2018-02-02,708,5,2,0,0,1932.98,34.1,164,222
APP_00193,95311,10417,Vacation,Mortgage,1-3 years,OH,31.9,52,107,0,7,12450.048571428571,24996.65,36.25714285714286,76.8,0.0,0,0,2024-10-27,2018-05-16,696,17,0,0,2,736.76,29.3,157,163
APP_00194,26266,11533,Car Purchase,Mortgage,5-10 years,OH,42.8,30,163,0,7,10569.151428571427,24676.08,69.21428571428571,98.5,0.0,0,0,2024-03-19,2019-10-20,787,24,1,1,0,33470.65,13.4,25,28
APP_00195,207326,43576,Debt Consolidation,Own,10+ years,AZ,41.7,21,152,1,15,12175.030666666666,24971.56,46.24666666666667,88.7,0.0,0,0,2024-09-14,2018-03-30,755,10,1,2,0,18273.68,15.5,246,146
APP_00196,47355,22336,Car Purchase,Mortgage,5-10 years,MI,18.9,22,197,1,19,12326.686315789475,29866.48,53.62105263157895,97.7,0.0,0,0,2024-08-16,2018-01-25,672,8,0,5,0,29912.96,79.1,185,79
APP_00197,89597,35267,Medical,Mortgage,< 1 year,TX,21.2,66,137,0,14,12546.475,28497.74,42.22857142857142,97.8,0.0,0,0,2024-10-16,2018-05-17,850,18,0,0,0,18054.04,87.7,319,53
APP_00198,42132,14395,Car Purchase,Rent,10+ years,OH,22.4,31,134,0,16,17431.285625,29497.73,66.04375,98.7,0.0,0,0,2024-04-14,2018-03-29,733,24,1,3,2,30377.42,80.9,317,21
APP_00199,52696,1145,Vacation,Rent,3-5 years,MA,32.8,49,222,0,15,14073.662666666667,29077.26,61.36666666666667,99.6,0.0,0,0,2024-06-06,2018-02-01,564,29,0,2,0,49749.22,27.5,182,179
APP_00200,26444,8290,Debt Consolidation,Mortgage,< 1 year,NJ,29.1,66,211,1,13,14979.883076923077,27294.13,55.42307692307692,91.2,0.0,0,0,2024-08-26,2019-02-25,692,10,0,1,2,30881.15,30.3,157,43
APP_00201,32438,6779,Home Improvement,Rent,5-10 years,VA,6.0,46,158,1,9,12489.74,25458.83,51.67777777777778,92.0,0.0,0,0,2024-06-25,2019-08-02,601,29,3,1,0,19802.1,21.4,337,191
APP_00202,189370,19629,Home Improvement,Mortgage,1-3 years,FL,29.3,68,92,0,8,16117.86,29566.21,56.325,93.6,0.0,0,0,2024-09-15,2018-09-13,669,5,0,2,0,25137.76,45.8,48,68
APP_00203,70042,33507,Medical,Rent,3-5 years,MA,7.9,35,30,1,12,14608.376666666665,29599.16,57.041666666666664,98.4,0.0,0,0,2024-09-24,2018-05-08,533,14,0,4,0,28124.32,76.0,324,183
APP_00204,81801,27122,Business,Own,10+ years,PA,12.8,34,130,0,4,4536.1,6275.58,38.849999999999994,76.1,0.0,0,0,2023-03-21,2018-10-22,642,26,1,3,0,46888.73,72.1,81,50
APP_00205,64667,21996,Medical,Rent,3-5 years,MI,29.4,38,7,1,4,11367.315,17530.54,72.25,92.2,0.0,0,0,2022-05-27,2018-07-12,711,13,0,2,0,5439.1,48.8,52,143
APP_00206,200431,14358,Education,Rent,3-5 years,OH,32.2,30,44,0,8,14033.35,28925.29,59.9,99.1,0.0,0,0,2024-06-07,2019-09-11,790,8,0,1,0,17591.58,68.1,263,67
APP_00207,148445,6236,Home Improvement,Mortgage,10+ years,FL,24.3,27,59,0,11,19989.129090909093,29446.24,50.290909090909096,97.8,0.0,0,0,2024-02-14,2018-03-10,710,23,2,1,0,36008.85,36.6,154,22
APP_00208,56014,15859,Medical,Rent,10+ years,OH,30.5,41,219,1,15,14534.302,27944.88,60.626666666666665,99.6,0.0,0,0,2024-05-14,2019-04-09,636,6,1,3,1,16952.25,8.9,139,43
APP_00209,108571,32683,Home Improvement,Mortgage,10+ years,GA,19.1,46,96,0,12,11386.234166666667,24564.99,46.14166666666667,94.4,0.0,0,0,2024-09-06,2018-11-07,624,23,0,0,0,29655.18,35.1,71,164
APP_00210,63146,24863,Home Improvement,Rent,10+ years,OH,31.7,38,152,1,6,17220.801666666666,25073.62,59.65,91.9,0.0,0,0,2024-05-13,2021-06-26,697,5,3,1,0,15658.73,48.6,23,224
APP_00211,29696,9123,Vacation,Mortgage,10+ years,CA,13.7,37,155,1,7,18229.2,29714.15,64.77142857142857,99.7,0.0,0,0,2024-08-04,2018-03-17,748,16,0,0,0,21405.11,86.8,277,70
APP_00212,177564,2158,Vacation,Mortgage,1-3 years,NJ,14.3,34,82,0,15,13097.945333333333,27565.59,56.24,97.3,0.0,0,0,2024-05-10,2018-01-16,605,28,0,1,0,26275.9,51.8,189,73
APP_00213,46491,22973,Business,Mortgage,5-10 years,MI,22.1,59,174,0,12,13648.920833333332,28670.06,46.708333333333336,96.6,0.0,0,0,2024-11-02,2018-12-25,796,21,0,3,0,45731.19,8.9,276,216
APP_00214,230458,34929,Vacation,Mortgage,5-10 years,FL,34.0,62,37,0,12,17254.91833333333,28631.36,54.30833333333334,96.8,0.0,0,0,2024-04-05,2018-01-18,591,12,1,1,0,35861.08,16.1,128,160
APP_00215,39047,2586,Debt Consolidation,Mortgage,3-5 years,CA,14.1,61,236,0,13,17544.92692307692,29819.93,50.26153846153846,95.3,0.0,0,0,2023-01-02,2019-03-19,850,17,0,1,0,47677.31,46.1,222,160
APP_00216,43384,2436,Debt Consolidation,Rent,5-10 years,VA,14.3,41,13,0,11,16812.27,26302.5,53.88181818181818,99.3,0.0,0,0,2024-05-18,2018-04-08,762,19,2,0,0,18590.08,63.5,173,166
APP_00217,59786,16398,Medical,Mortgage,1-3 years,TX,44.8,22,107,0,18,16069.126666666665,29286.94,43.22777777777778,97.9,0.0,0,0,2024-07-09,2018-04-12,761,19,0,2,0,46119.56,46.2,25,44
APP_00218,80831,22985,Home Improvement,Mortgage,1-3 years,PA,27.5,56,202,0,5,11590.822,25656.91,55.32000000000001,93.5,0.0,0,0,2024-01-12,2018-06-10,702,8,1,0,0,10118.16,3.4,198,179
APP_00219,67727,7603,Home Improvement,Own,3-5 years,VA,18.9,32,141,0,4,13407.465,17865.08,61.45,89.9,0.0,0,0,2024-06-13,2018-02-28,624,4,2,0,0,25660.95,88.7,345,41
APP_00220,28214,11425,Car Purchase,Mortgage,1-3 years,GA,5.8,40,109,0,11,12022.583636363635,26947.77,57.38181818181818,89.4,0.0,0,0,2024-05-02,2018-03-13,653,29,0,1,0,46715.97,34.4,203,107
APP_00221,31195,10803,Education,Rent,< 1 year,OH,39.6,73,21,1,15,16437.254,29742.45,56.480000000000004,89.4,0.0,0,0,2024-09-12,2019-04-27,713,13,2,1,0,21183.9,29.6,132,144
APP_00222,78715,20441,Education,Rent,< 1 year,CA,14.1,65,71,0,17,12928.461764705882,26920.17,49.76470588235294,91.1,0.0,0,0,2024-10-22,2019-03-25,590,15,1,2,0,14819.7,3.8,94,164
APP_00223,19499,3091,Debt Consolidation,Mortgage,1-3 years,OH,42.7,38,60,0,7,15449.307142857142,27900.81,72.91428571428571,98.6,0.0,0,0,2024-04-10,2019-05-30,693,10,2,0,2,45337.45,86.7,291,55
APP_00224,23995,2779,Car Purchase,Mortgage,10+ years,IL,20.6,32,54,0,5,13931.420000000002,28161.32,49.32,93.8,0.0,0,0,2024-05-10,2021-05-05,622,25,2,3,0,13665.63,32.5,70,95
APP_00225,51487,10417,Home Improvement,Rent,5-10 years,OH,17.2,29,148,0,10,17261.234,27935.9,39.57,75.9,0.0,0,0,2024-10-16,2018-03-25,642,15,0,3,0,20062.91,23.2,253,118
APP_00226,46196,9905,Home Improvement,Mortgage,1-3 years,AZ,44.0,30,30,0,9,12981.231111111112,27504.7,54.68888888888889,93.5,0.0,0,0,2023-04-18,2018-03-22,638,20,0,3,0,42988.35,33.9,323,39
APP_00227,31783,5671,Vacation,Mortgage,3-5 years,PA,38.2,72,136,0,14,16456.907142857144,28093.69,42.44285714285714,80.3,0.0,0,0,2024-06-05,2018-02-09,590,25,1,2,0,49275.63,1.6,278,46
APP_00228,237406,47687,Car Purchase,Own,1-3 years,GA,24.1,24,30,1,10,9067.569,26699.92,43.760000000000005,98.3,0.0,0,0,2024-02-14,2018-08-27,518,18,0,1,2,21772.17,47.2,348,235
APP_00229,45943,18065,Education,Mortgage,3-5 years,TX,16.1,26,165,1,5,14254.764000000001,27631.03,37.019999999999996,88.8,0.0,0,0,2024-10-24,2018-06-15,520,11,3,3,0,46890.48,23.2,16,123
APP_00230,47038,5864,Car Purchase,Rent,1-3 years,MA,7.5,39,167,0,14,18595.89642857143,29619.47,49.83571428571429,99.3,0.0,0,0,2023-10-17,2018-07-10,700,7,1,2,0,28218.78,71.6,286,203
APP_00231,32428,16135,Medical,Rent,1-3 years,OH,14.6,55,154,1,8,12736.30625,29901.79,21.9375,58.4,0.0,0,0,2024-06-09,2018-03-30,820,25,1,0,0,17018.66,41.8,125,113
APP_00232,47212,3744,Car Purchase,Mortgage,1-3 years,VA,29.7,24,108,0,19,15376.303684210527,29274.96,50.82631578947369,99.8,0.0,0,0,2024-07-26,2019-01-27,700,16,1,0,0,28633.12,79.2,43,116
APP_00233,31577,4265,Medical,Rent,3-5 years,OH,34.0,57,121,1,14,15061.427142857143,25684.49,50.25714285714286,98.7,0.0,0,0,2024-09-04,2018-01-04,567,4,1,0,1,1435.9,56.9,358,7
APP_00234,31383,6947,Medical,Mortgage,3-5 years,PA,38.1,57,91,0,7,9819.574285714287,25587.99,33.48571428571429,59.8,0.0,0,0,2023-08-14,2019-09-24,695,2,0,0,0,15894.1,38.1,273,31
APP_00235,42633,17056,Medical,Rent,< 1 year,OH,29.8,33,218,1,9,17054.894444444442,27966.83,53.91111111111111,90.3,0.0,0,0,2024-08-22,2018-11-08,774,10,0,1,0,15740.89,33.9,76,127
APP_00236,26163,11079,Medical,Rent,5-10 years,WA,6.7,37,232,0,9,16875.34222222222,28519.37,45.8,88.9,0.0,0,0,2024-06-05,2018-04-18,440,19,1,1,0,46608.31,9.1,256,188
APP_00237,79991,20471,Vacation,Own,< 1 year,TX,18.0,38,237,0,15,11040.45,28770.25,47.526666666666664,98.3,0.0,0,0,2024-05-03,2018-04-14,804,3,2,2,0,4614.72,38.9,211,107
APP_00238,22363,9253,Medical,Mortgage,3-5 years,IL,43.2,69,110,1,19,15181.874210526315,28608.1,50.94210526315789,95.2,0.0,0,0,2024-01-30,2018-06-16,767,3,2,0,1,34597.26,9.5,92,17
APP_00239,58388,27582,Home Improvement,Mortgage,1-3 years,MI,42.2,60,26,0,5,22251.95,27738.03,61.519999999999996,96.1,0.0,0,0,2024-04-09,2019-03-14,749,11,0,1,0,35429.9,3.5,14,123
APP_00240,31621,13220,Vacation,Rent,10+ years,GA,14.1,37,193,0,9,12020.771111111111,29756.24,56.32222222222222,98.5,0.0,0,0,2024-07-17,2019-05-23,843,9,0,2,0,24146.03,36.2,121,34
APP_00241,89905,5645,Education,Mortgage,5-10 years,WA,6.5,43,48,0,8,11865.05875,28554.23,36.4,69.7,0.0,0,0,2024-05-16,2018-05-02,717,18,1,1,0,14695.37,4.8,236,228
APP_00242,45328,15277,Business,Own,< 1 year,IL,25.3,60,63,1,14,17783.33357142857,27096.25,47.91428571428571,78.2,0.0,0,0,2024-03-24,2018-02-24,476,3,1,1,2,17873.88,56.4,36,146
APP_00243,56469,27437,Business,Rent,1-3 years,NJ,21.5,25,99,0,18,18525.312222222223,27812.07,56.02777777777778,99.5,0.0,0,0,2024-10-17,2018-02-10,764,6,0,2,0,37272.29,10.5,279,26
APP_00244,48486,20304,Home Improvement,Own,< 1 year,VA,41.0,28,109,1,16,16951.210625,29077.08,49.7875,99.4,0.0,0,0,2023-12-06,2018-02-27,850,10,1,0,1,17198.59,27.9,341,157
APP_00245,20887,2942,Debt Consolidation,Mortgage,1-3 years,NC,30.8,70,15,0,3,13480.14,19000.16,45.76666666666667,80.7,0.0,0,0,2023-08-28,2019-02-19,753,15,2,1,0,6014.65,54.3,355,50
APP_00246,120668,40136,Education,Mortgage,< 1 year,WA,28.3,51,149,0,4,24701.8975,29631.48,51.175,83.0,0.0,0,0,2022-02-15,2019-09-16,599,18,0,2,0,47598.64,88.0,212,167
APP_00247,67709,5208,Vacation,Own,3-5 years,NC,19.9,34,129,0,13,14533.195384615383,26267.29,53.30769230769231,97.8,0.0,0,0,2024-09-13,2018-01-14,501,16,1,1,0,32372.01,40.1,22,40
APP_00248,93293,18740,Home Improvement,Rent,1-3 years,IL,32.0,71,179,1,4,14385.7325,18236.39,64.8,82.6,0.0,0,0,2024-10-11,2018-07-02,600,16,2,0,0,12767.48,18.2,316,40
APP_00249,23683,10532,Education,Rent,1-3 years,WA,13.8,28,51,0,16,15860.0175,27909.21,66.1625,95.4,0.0,0,0,2024-08-05,2018-05-18,729,14,1,0,1,6332.23,0.2,152,79
APP_00250,96886,35561,Vacation,Mortgage,< 1 year,PA,35.1,45,27,0,14,10565.405,28867.92,62.37142857142857,96.0,0.0,0,0,2024-10-31,2018-11-08,713,8,1,2,0,33819.51,10.4,127,120
APP_00251,138404,6289,Medical,Rent,5-10 years,MA,24.5,43,93,0,18,14176.861666666668,29129.52,55.43888888888889,98.8,0.0,0,0,2024-04-12,2018-07-18,734,17,1,4,0,7652.83,56.9,119,129
APP_00252,58695,10705,Car Purchase,Mortgage,3-5 years,GA,29.5,74,24,0,5,21374.086,28485.64,75.34,97.2,0.0,0,0,2024-02-04,2018-12-29,596,15,0,3,0,37507.29,81.6,213,138
APP_00253,89426,19962,Home Improvement,Mortgage,5-10 years,VA,34.1,21,137,0,12,13080.82,23406.2,54.44166666666666,96.6,0.0,0,0,2024-07-25,2018-04-04,592,23,1,1,0,22997.98,65.1,288,99
APP_00254,55437,3649,Home Improvement,Rent,1-3 years,IL,34.3,59,224,0,12,11512.379166666666,25978.98,53.89166666666667,77.7,0.0,0,0,2024-06-03,2018-02-07,506,20,1,0,0,6192.93,13.4,349,153
APP_00255,35997,14323,Education,Mortgage,5-10 years,MI,6.4,37,211,0,7,11951.930000000002,23380.9,48.0,75.5,0.0,0,0,2024-07-24,2018-07-08,738,16,2,2,0,34908.6,13.0,44,27
APP_00256,25181,3346,Home Improvement,Rent,5-10 years,NY,38.7,26,61,0,16,16791.713125,29273.68,43.275,93.4,0.0,0,0,2023-11-03,2018-03-13,722,20,1,2,1,8094.47,67.8,290,180
APP_00257,25777,5581,Education,Rent,10+ years,NY,10.5,58,218,0,16,17667.2425,27656.65,47.95625,90.7,0.0,0,0,2024-09-12,2018-01-17,713,27,0,3,0,24130.51,14.2,59,166
APP_00258,49193,1044,Vacation,Own,3-5 years,FL,12.3,65,25,0,7,16638.294285714284,26358.93,60.6,94.3,0.0,0,0,2024-02-05,2018-04-27,732,16,0,3,0,41768.31,53.2,206,16
APP_00259,88281,23006,Business,Own,3-5 years,OH,33.1,44,167,1,15,14031.828,25745.35,54.88666666666667,93.2,0.0,0,0,2024-09-01,2019-04-30,593,6,1,1,0,44415.5,9.2,50,71
APP_00260,42043,13000,Business,Mortgage,5-10 years,CA,30.5,39,155,0,16,14225.910625,29961.7,56.1625,96.1,0.0,0,0,2024-09-10,2019-02-26,570,12,0,1,0,48077.51,48.3,189,225
APP_00261,93019,45688,Medical,Rent,3-5 years,WA,10.9,69,188,1,5,21080.303999999996,25353.17,48.52,78.8,0.0,0,0,2021-11-16,2019-04-19,629,14,0,0,2,17369.95,12.3,111,87
APP_00262,81552,10381,Vacation,Mortgage,3-5 years,NJ,35.7,74,50,0,15,12759.246666666668,26377.47,31.09333333333333,74.3,0.0,0,0,2024-08-06,2018-07-01,746,3,1,1,0,2162.15,33.7,132,77
APP_00263,64435,16489,Vacation,Own,3-5 years,AZ,34.9,59,142,0,10,14545.446,28992.58,41.38,99.0,0.0,0,0,2024-06-17,2018-01-05,796,20,1,0,0,8530.0,5.1,168,8
APP_00264,25616,12221,Medical,Mortgage,1-3 years,TX,11.6,63,118,1,19,14815.051578947367,27291.29,49.136842105263156,94.2,0.0,0,0,2024-06-08,2018-05-03,580,20,0,2,0,36651.91,4.1,149,16
APP_00265,134887,35185,Business,Mortgage,10+ years,MI,39.1,46,74,1,9,18773.29666666667,29612.66,54.400000000000006,95.7,0.0,0,0,2022-04-06,2018-10-08,641,22,0,0,0,39490.01,9.7,224,120
APP_00266,133835,42254,Medical,Mortgage,3-5 years,IL,33.2,46,9,0,13,14337.456153846153,27348.24,63.86923076923077,93.5,0.0,0,0,2024-09-07,2018-11-12,782,5,1,1,0,25221.03,26.4,56,68
APP_00267,52049,1175,Debt Consolidation,Mortgage,3-5 years,VA,21.0,40,157,0,7,12714.9,25569.14,56.885714285714286,91.5,0.0,0,0,2023-11-03,2018-06-03,787,8,1,5,0,28299.82,32.0,22,74
APP_00268,53507,13157,Medical,Own,< 1 year,AZ,6.5,27,168,0,8,20029.6125,26228.16,31.8,46.7,0.0,0,0,2024-07-03,2018-01-23,787,3,1,0,0,20408.62,68.7,40,156
APP_00269,83432,40691,Car Purchase,Mortgage,5-10 years,PA,7.6,65,233,1,16,12987.830625,29507.95,44.74375,79.6,0.0,0,0,2024-09-09,2018-05-31,702,24,1,2,0,29806.28,72.5,253,155
APP_00270,32351,1510,Education,Rent,3-5 years,IL,26.3,53,224,0,10,12613.956,25700.95,54.7,95.6,0.0,0,0,2024-01-24,2018-12-01,559,4,0,1,0,34615.33,53.6,318,26
APP_00271,76275,1810,Business,Rent,3-5 years,OH,20.7,46,125,0,9,14599.307777777776,29968.29,36.84444444444445,76.4,0.0,0,0,2024-04-09,2018-01-17,676,23,0,1,0,16432.76,22.9,69,200
APP_00272,41406,6125,Debt Consolidation,Mortgage,10+ years,IL,31.2,46,170,1,15,18547.738666666668,28420.35,55.093333333333334,96.7,0.0,0,0,2022-07-16,2018-01-06,706,22,1,2,0,39586.54,55.8,221,51
APP_00273,22028,10733,Education,Mortgage,< 1 year,TX,33.8,62,76,1,6,16020.365,27132.15,51.449999999999996,76.5,0.0,0,0,2024-09-17,2018-06-09,616,17,1,1,0,27174.64,77.2,23,233
APP_00274,208746,34503,Debt Consolidation,Mortgage,< 1 year,TX,21.2,63,174,0,4,10145.647500000001,14981.87,64.32499999999999,80.6,0.0,0,0,2021-08-16,2019-01-17,604,9,0,0,0,32269.49,14.4,298,180
APP_00275,56589,17728,Car Purchase,Mortgage,3-5 years,IL,10.6,42,117,0,10,20005.142,27160.53,53.14,88.2,0.0,0,0,2023-09-16,2018-02-14,650,28,2,1,0,37108.3,63.4,145,7
APP_00276,115565,11588,Home Improvement,Mortgage,3-5 years,WA,35.0,32,93,1,15,19332.66933333333,29825.21,50.21333333333334,98.6,0.0,0,0,2023-12-30,2018-01-17,602,3,4,1,0,33767.9,85.2,299,226
APP_00277,40890,7921,Business,Own,5-10 years,OH,39.9,46,132,1,6,12624.656666666668,25020.21,57.699999999999996,93.1,0.0,0,0,2023-10-01,2019-05-18,745,26,2,2,0,19699.0,60.9,168,236
APP_00278,56056,21498,Education,Mortgage,1-3 years,IL,31.4,72,97,1,18,16160.332222222221,29931.05,37.06111111111111,96.6,0.0,0,0,2024-08-13,2018-08-15,714,16,2,2,0,14884.86,34.8,234,218
APP_00279,126697,28341,Home Improvement,Own,3-5 years,GA,16.3,62,232,0,3,17430.176666666666,24745.09,73.2,96.7,0.0,0,0,2021-08-03,2019-02-07,742,23,2,1,0,14481.94,16.8,73,24
APP_00280,61569,4141,Education,Mortgage,1-3 years,NJ,36.0,71,16,0,10,15466.895,28487.85,44.0,83.4,0.0,0,0,2024-06-03,2018-03-24,660,28,1,2,0,19610.76,65.4,352,193
APP_00281,52468,8245,Education,Rent,1-3 years,GA,36.9,67,148,0,19,15473.542631578946,27769.91,55.22631578947368,98.6,0.0,0,0,2024-10-31,2018-01-01,639,7,0,0,0,3005.89,15.7,78,146
APP_00282,20682,9547,Home Improvement,Mortgage,5-10 years,VA,11.6,36,136,1,15,16587.223333333335,27284.97,50.17333333333333,99.1,0.0,0,0,2024-03-08,2018-06-15,576,8,1,0,0,2343.04,76.6,35,69
APP_00283,78695,7475,Car Purchase,Own,1-3 years,GA,40.8,68,112,0,18,17034.086666666666,26893.12,44.25,93.4,0.0,0,0,2024-10-04,2018-10-19,658,21,0,1,0,45573.22,5.1,43,89
APP_00284,41641,7207,Car Purchase,Rent,< 1 year,NC,37.1,66,124,1,12,17037.170000000002,29089.85,47.59166666666667,94.3,0.0,0,0,2023-02-06,2018-01-30,650,14,1,1,1,23714.52,12.8,138,210
APP_00285,46733,23011,Medical,Rent,1-3 years,VA,40.3,51,64,1,7,13699.154285714287,25387.38,54.028571428571425,98.2,0.0,0,0,2024-08-07,2018-03-17,607,25,1,0,0,5069.1,3.0,187,110
APP_00286,64306,6054,Business,Rent,< 1 year,FL,33.8,54,159,0,6,10465.546666666667,20348.69,65.33333333333333,98.2,0.0,0,0,2023-08-09,2018-05-08,781,9,2,0,0,35782.91,59.7,151,106
APP_00287,55084,5974,Medical,Mortgage,10+ years,PA,33.4,64,126,0,17,14190.878235294118,29960.83,56.317647058823525,89.7,0.0,0,0,2024-02-29,2018-01-27,702,8,2,1,0,7682.16,16.4,239,133
APP_00288,39660,9872,Vacation,Rent,1-3 years,GA,24.8,23,81,0,8,17251.02125,26676.04,38.9875,75.2,0.0,0,0,2024-10-27,2018-03-21,659,22,1,1,0,14226.15,34.2,233,231
APP_00289,26914,9869,Home Improvement,Own,1-3 years,FL,41.2,71,180,1,16,15309.27125,29884.52,39.85,96.4,0.0,0,0,2024-08-04,2018-03-01,500,24,2,0,0,49272.52,65.3,288,184
APP_00290,36211,4271,Business,Rent,3-5 years,PA,34.5,64,144,0,6,15910.991666666667,27331.5,58.9,84.4,0.0,0,0,2024-10-31,2018-08-27,782,25,0,4,1,47679.9,29.5,56,236
APP_00291,36820,1541,Medical,Rent,1-3 years,GA,5.2,67,172,0,15,11885.288,27049.33,53.84666666666667,99.6,0.0,0,0,2023-09-28,2018-02-23,734,2,0,2,0,46351.48,7.0,279,223
APP_00292,73120,6943,Education,Mortgage,5-10 years,OH,8.1,23,9,0,11,18754.696363636365,29445.63,40.43636363636364,85.3,0.0,0,0,2024-09-27,2018-01-25,736,14,0,2,0,27216.56,78.7,352,199
APP_00293,40071,7859,Medical,Own,1-3 years,AZ,35.4,56,209,0,17,12556.720588235294,29964.78,56.65882352941177,98.7,0.0,0,0,2024-07-19,2018-03-04,846,11,2,2,0,16526.41,14.8,26,164
APP_00294,63553,8163,Debt Consolidation,Rent,5-10 years,TX,31.0,26,224,1,16,17090.99375,29721.28,53.09375,92.2,0.0,0,0,2024-10-14,2019-02-22,593,13,1,1,0,4098.65,44.2,267,115
APP_00295,27452,6689,Car Purchase,Mortgage,1-3 years,AZ,20.2,50,83,0,14,13207.094285714285,24876.92,57.385714285714286,90.9,0.0,0,0,2024-07-17,2018-03-19,651,28,2,0,0,35336.37,33.5,330,127
APP_00296,53641,13369,Debt Consolidation,Own,5-10 years,MI,43.6,42,181,0,14,10709.808571428572,25868.78,60.92142857142857,94.7,0.0,0,0,2024-06-15,2018-01-13,461,27,2,0,0,24157.21,85.2,275,232
APP_00297,67813,28623,Medical,Rent,5-10 years,NJ,30.1,39,180,1,3,17241.743333333336,20293.75,89.7,99.6,0.0,0,0,2024-03-20,2020-03-09,695,25,3,1,0,14770.4,42.5,257,215
APP_00298,83353,19298,Car Purchase,Own,< 1 year,CA,14.7,53,125,1,8,14889.24875,29721.72,55.575,89.4,0.0,0,0,2024-09-08,2018-04-01,668,12,2,0,0,27698.44,31.5,326,110
APP_00299,80658,3919,Debt Consolidation,Mortgage,5-10 years,FL,7.6,48,13,0,14,9788.159285714286,29474.07,56.135714285714286,91.7,0.0,0,0,2024-10-09,2018-02-05,640,7,1,3,0,15035.56,44.4,351,137
APP_00300,35182,15554,Medical,Mortgage,10+ years,MA,30.0,36,226,1,6,15589.588333333333,24619.8,28.083333333333332,59.8,0.0,0,0,2023-10-07,2019-12-28,636,16,0,1,0,27981.65,9.2,42,179
APP_00301,36210,8341,Business,Rent,10+ years,MA,31.4,68,25,0,3,16960.8,26316.1,46.9,62.4,0.0,0,0,2024-03-02,2020-02-17,701,20,0,1,0,25088.5,12.1,107,87
APP_00302,78987,9477,Education,Own,< 1 year,WA,6.3,55,214,0,6,16899.803333333333,27036.11,39.96666666666667,76.3,0.0,0,0,2024-10-04,2018-05-08,770,11,1,1,0,34670.68,20.5,268,13
APP_00303,25027,4923,Education,Mortgage,3-5 years,NY,22.8,49,184,0,17,14478.278823529412,26877.92,50.92352941176471,91.3,0.0,0,0,2023-12-04,2018-03-19,690,24,1,0,0,19515.16,85.4,203,41
APP_00304,45891,6210,Vacation,Own,1-3 years,VA,24.5,42,199,0,8,15181.7875,24738.47,43.25,88.4,0.0,0,0,2024-05-07,2018-01-10,625,13,2,1,1,21331.77,81.9,216,132
APP_00305,43278,21305,Vacation,Mortgage,10+ years,TX,19.5,32,11,0,11,15086.27909090909,29323.07,51.21818181818182,97.3,0.0,0,0,2024-02-23,2018-11-09,749,5,0,1,0,16273.5,32.5,116,141
APP_00306,17154,1345,Business,Mortgage,10+ years,WA,23.9,55,173,0,3,23798.67,27946.18,49.333333333333336,91.2,0.0,0,0,2024-03-17,2019-12-19,535,2,4,0,0,27958.1,61.3,156,180
APP_00307,10824,3092,Debt Consolidation,Mortgage,< 1 year,AZ,7.0,28,48,0,15,17837.916666666668,29288.15,51.10666666666667,90.1,0.0,0,0,2024-05-12,2018-01-27,582,11,1,1,0,40593.64,87.8,92,30
APP_00308,20538,8822,Debt Consolidation,Mortgage,5-10 years,CA,13.7,62,112,0,8,12952.655,25037.87,59.0125,90.5,0.0,0,0,2023-10-26,2018-06-26,655,6,4,0,0,1177.41,57.8,243,203
APP_00309,34597,14335,Medical,Mortgage,3-5 years,NC,6.2,31,152,1,11,15738.651818181817,29437.34,53.01818181818182,99.0,0.0,0,0,2024-09-28,2018-04-18,580,18,1,4,0,15793.91,30.8,335,111
APP_00310,81815,18982,Vacation,Mortgage,1-3 years,VA,34.2,28,205,1,6,9823.778333333334,24650.14,53.5,94.0,0.0,0,0,2024-07-01,2018-12-22,678,17,1,0,0,12992.05,4.7,214,90
APP_00311,24120,8461,Debt Consolidation,Rent,10+ years,MI,33.9,45,96,1,9,14602.875555555556,24252.07,53.48888888888889,85.4,0.0,0,0,2023-12-28,2019-01-12,589,15,0,1,0,22378.19,88.8,97,58
APP_00312,80926,1083,Car Purchase,Mortgage,< 1 year,MA,39.9,38,199,0,14,15217.804999999998,26738.79,47.82857142857143,98.0,0.0,0,0,2024-06-30,2018-03-05,672,10,1,3,0,4262.9,32.2,23,238
APP_00313,93509,31319,Medical,Own,3-5 years,FL,41.0,32,127,1,14,12553.545,27378.53,42.478571428571435,96.9,0.0,0,0,2024-06-25,2018-01-21,594,28,0,3,0,42398.89,26.5,132,237
APP_00314,69941,11907,Debt Consolidation,Rent,5-10 years,NC,30.9,71,80,0,6,16209.345000000001,26551.94,49.48333333333333,77.1,0.0,0,0,2024-08-14,2018-04-26,807,25,1,0,0,37876.44,48.7,215,175
APP_00315,50682,4380,Debt Consolidation,Rent,10+ years,FL,30.5,73,7,0,7,16054.087142857143,29119.55,45.51428571428572,94.4,0.0,0,0,2021-04-17,2018-01-15,606,9,2,0,0,15664.62,41.9,116,21
APP_00316,225956,26969,Business,Mortgage,< 1 year,CA,32.8,32,168,0,15,14225.245333333332,29610.26,54.440000000000005,96.7,0.0,0,0,2024-10-13,2018-03-10,728,8,0,3,0,33290.22,81.0,297,68
APP_00317,29685,6528,Medical,Own,3-5 years,MA,23.7,44,43,0,16,16353.503125000001,28979.31,39.76875,95.8,0.0,0,0,2024-08-12,2019-02-17,461,29,1,2,0,13672.9,9.1,45,182
APP_00318,46086,19639,Car Purchase,Rent,3-5 years,WA,16.0,73,235,0,10,15744.147,27752.6,72.47999999999999,87.1,0.0,0,0,2024-10-06,2018-03-15,551,26,2,3,0,14087.61,67.7,150,154
APP_00319,41795,16885,Business,Mortgage,3-5 years,NC,22.2,60,80,0,11,15844.72909090909,28625.72,63.35454545454545,99.0,0.0,0,0,2024-10-04,2018-07-15,666,13,0,2,2,32295.01,35.8,42,91
APP_00320,115850,29527,Home Improvement,Mortgage,< 1 year,VA,32.5,59,39,0,3,12214.590000000002,28870.18,38.96666666666666,89.1,0.0,0,0,2023-10-20,2021-10-27,766,11,2,1,0,1060.4,51.9,101,6
APP_00321,42110,3859,Debt Consolidation,Mortgage,1-3 years,WA,25.7,38,225,0,15,15888.549333333332,29495.8,53.57333333333334,97.1,0.0,0,0,2024-06-07,2018-03-08,718,18,0,0,0,3706.76,26.5,303,40
APP_00322,23654,1072,Vacation,Own,3-5 years,CA,9.1,25,141,0,11,16323.227272727272,24766.57,45.300000000000004,92.6,0.0,0,0,2024-06-25,2018-04-04,750,15,1,1,0,48511.89,73.4,43,33
APP_00323,23374,11559,Debt Consolidation,Own,1-3 years,TX,24.4,44,192,1,8,15487.73375,29456.97,60.725,100.0,0.0,0,0,2024-09-29,2018-08-08,661,4,0,3,0,45256.09,60.2,135,117
APP_00324,34355,9605,Medical,Mortgage,< 1 year,PA,42.0,47,239,0,13,10625.007692307692,23915.34,48.23076923076923,90.8,0.0,0,0,2024-09-06,2018-07-26,644,19,0,1,0,27872.75,35.0,115,46
APP_00325,18687,2227,Medical,Mortgage,10+ years,WA,19.8,57,40,0,5,15301.874,27854.06,27.840000000000003,68.1,0.0,0,0,2024-02-03,2019-03-27,654,23,0,2,0,49860.32,29.6,157,36
APP_00326,28570,12802,Education,Rent,3-5 years,WA,16.5,67,131,1,11,18675.811818181817,29672.22,33.79090909090909,84.0,0.0,0,0,2024-02-20,2018-05-01,734,21,1,1,0,23799.15,66.9,289,35
APP_00327,19461,3971,Education,Rent,3-5 years,WA,26.7,42,58,0,16,14208.11875,29185.73,53.29375,97.9,0.0,0,0,2024-08-20,2018-06-14,796,13,1,1,1,9090.82,25.2,29,109
APP_00328,20095,8542,Business,Mortgage,5-10 years,WA,12.8,69,90,0,19,14831.353157894739,29143.34,52.93157894736842,99.8,0.0,0,0,2024-08-22,2018-11-23,850,25,1,0,0,34092.48,54.1,163,105
APP_00329,22997,11145,Vacation,Mortgage,1-3 years,MA,10.6,55,146,1,17,14627.650588235294,28876.58,54.26470588235294,87.3,0.0,0,0,2024-09-26,2018-03-20,680,6,1,1,1,37263.45,57.8,226,217
APP_00330,29172,9508,Business,Mortgage,5-10 years,NY,40.2,60,219,1,19,18233.30894736842,29151.5,47.13157894736842,85.1,0.0,0,0,2024-10-18,2018-02-11,781,21,0,2,0,2107.24,27.3,195,71
APP_00331,158961,10864,Medical,Own,10+ years,IL,26.7,39,69,0,18,18520.276666666665,28505.69,55.47777777777778,97.6,0.0,0,0,2024-01-11,2018-02-28,642,25,0,4,0,44069.27,89.2,326,172
APP_00332,96414,28994,Home Improvement,Rent,3-5 years,VA,6.5,74,144,1,5,16132.844000000001,28873.97,25.240000000000002,59.7,0.0,0,0,2024-04-21,2018-04-11,632,22,0,4,0,14833.93,28.2,123,77
APP_00333,32626,11424,Debt Consolidation,Rent,10+ years,CA,43.0,46,53,1,13,12955.05846153846,27175.21,49.92307692307692,86.5,0.0,0,0,2024-09-15,2018-05-24,748,14,2,2,0,25590.53,15.6,157,7
APP_00334,51297,3308,Education,Rent,3-5 years,MI,24.7,31,166,0,11,13467.827272727272,28658.6,58.96363636363637,98.6,0.0,0,0,2024-07-13,2019-06-15,692,15,2,0,0,36601.43,37.5,290,110
APP_00335,16499,5391,Debt Consolidation,Mortgage,5-10 years,IL,44.2,38,97,0,11,14284.616363636364,27112.47,33.10909090909091,82.8,0.0,0,0,2024-10-29,2018-11-20,649,4,0,1,0,23980.77,8.3,223,161
APP_00336,156660,41548,Vacation,Mortgage,5-10 years,NY,13.0,29,77,0,11,14013.192727272726,26882.48,65.50909090909092,92.2,0.0,0,0,2024-10-02,2018-09-16,782,18,3,1,0,39751.89,80.0,253,34
APP_00337,43610,18621,Business,Mortgage,1-3 years,IL,25.4,66,194,1,14,15227.766428571429,28546.26,56.85,98.4,0.0,0,0,2023-09-11,2018-07-30,545,23,2,1,0,18507.5,67.3,12,94
APP_00338,96786,44904,Home Improvement,Mortgage,5-10 years,NJ,39.9,30,47,0,19,14808.618421052632,29626.61,54.747368421052634,95.2,0.0,0,0,2024-08-09,2019-06-15,686,18,0,1,0,49459.47,16.6,357,220
APP_00339,115331,41170,Debt Consolidation,Mortgage,1-3 years,NC,36.7,55,24,0,10,12889.41,27315.48,45.790000000000006,92.0,0.0,0,0,2024-05-28,2018-04-13,688,13,2,1,0,31110.41,50.2,269,49
APP_00340,107466,10831,Home Improvement,Rent,1-3 years,OH,6.8,56,30,0,6,16422.958333333332,25724.63,31.883333333333336,97.4,0.0,0,0,2023-05-28,2018-01-08,726,9,1,1,0,29331.45,78.3,271,191
APP_00341,33918,1090,Medical,Rent,5-10 years,CA,38.8,22,196,0,5,12137.52,21435.03,48.2,91.1,0.0,0,0,2022-03-08,2020-12-09,706,4,0,1,0,41883.4,20.8,137,189
APP_00342,54916,3344,Debt Consolidation,Rent,1-3 years,FL,21.3,58,80,0,3,9899.583333333334,11872.62,41.43333333333333,48.9,0.0,0,0,2023-02-11,2020-07-26,592,21,1,0,0,6822.62,26.4,148,133
APP_00343,30471,12505,Medical,Rent,< 1 year,NY,25.9,36,71,1,17,14337.814705882352,28174.78,54.63529411764706,93.1,0.0,0,0,2024-10-03,2018-01-25,726,22,3,1,0,41635.49,80.4,23,110
APP_00344,40750,2489,Vacation,Rent,1-3 years,PA,7.0,22,223,0,15,17405.341333333334,29285.44,48.0,88.8,0.0,0,0,2023-12-22,2018-01-05,699,5,0,3,0,18433.57,49.5,109,232
APP_00345,18684,2938,Vacation,Mortgage,1-3 years,GA,21.2,47,123,0,8,15857.0975,25219.29,42.2625,92.0,0.0,0,0,2024-08-21,2018-01-21,701,24,3,0,0,42164.95,86.6,56,58
APP_00346,31019,5664,Medical,Rent,3-5 years,AZ,44.2,41,152,1,16,20524.793125,29288.09,37.90625,96.1,0.0,0,0,2024-07-17,2018-04-09,729,22,0,1,1,4917.73,16.0,34,156
APP_00347,110901,7023,Debt Consolidation,Rent,10+ years,MI,28.4,28,59,0,16,18186.354375,26602.91,42.15,87.9,0.0,0,0,2024-03-23,2018-04-17,648,13,0,3,0,40466.45,16.6,327,171
APP_00348,22352,1730,Home Improvement,Mortgage,5-10 years,FL,17.1,35,27,0,16,19200.01625,29955.75,41.51875,96.1,0.0,0,0,2024-08-11,2018-04-21,650,8,1,5,0,10534.03,76.5,279,137
APP_00349,26787,12362,Home Improvement,Mortgage,1-3 years,TX,10.4,54,132,0,4,20750.34,28216.78,36.45,62.9,0.0,0,0,2023-07-07,2019-12-09,759,2,0,0,0,7506.11,70.1,285,53
APP_00350,54210,2418,Education,Mortgage,< 1 year,CA,25.4,46,23,0,3,8123.733333333334,11978.26,30.833333333333332,49.9,0.0,0,0,2023-07-16,2019-08-19,786,18,2,5,1,31368.31,74.6,83,146
APP_00351,86947,3662,Home Improvement,Mortgage,1-3 years,VA,34.6,49,161,0,7,11757.217142857144,25497.34,51.228571428571435,75.4,0.0,0,0,2024-01-20,2018-09-26,765,25,2,1,0,24455.13,14.2,85,203
APP_00352,26377,2241,Debt Consolidation,Own,3-5 years,TX,17.5,56,87,0,7,14794.004285714285,26310.36,59.17142857142858,95.4,0.0,0,0,2024-09-29,2018-12-29,686,5,1,0,0,26428.53,39.8,319,129
APP_00353,44544,20356,Education,Rent,< 1 year,OH,24.8,53,65,1,18,17149.20388888889,27531.77,65.40555555555555,96.9,0.0,0,0,2024-07-18,2018-04-11,792,17,0,2,0,5573.46,44.0,282,159
APP_00354,86420,27706,Vacation,Own,1-3 years,IL,40.0,57,166,0,13,9819.03,26051.89,49.369230769230775,81.9,0.0,0,0,2024-07-18,2018-07-15,649,6,1,3,0,6670.68,52.1,351,169
APP_00355,33025,11488,Debt Consolidation,Mortgage,< 1 year,NY,30.4,57,47,1,14,16201.374285714284,29654.61,58.635714285714286,99.3,0.0,0,0,2024-08-22,2018-09-11,766,22,1,2,1,22540.16,47.6,241,232
APP_00356,38705,2923,Car Purchase,Rent,3-5 years,NC,24.0,68,151,0,5,12406.056,26441.73,57.54,82.0,0.0,0,0,2024-05-16,2018-04-16,524,21,0,1,0,20420.65,24.7,85,152
APP_00357,105073,1141,Vacation,Rent,3-5 years,WA,21.6,22,21,0,17,12875.628823529412,27775.38,44.1,99.7,0.0,0,0,2024-06-20,2018-05-14,638,23,0,0,0,15969.12,2.8,93,237
APP_00358,71574,13911,Car Purchase,Mortgage,10+ years,CA,36.8,43,178,0,11,13693.083636363635,26687.22,44.872727272727275,93.0,0.0,0,0,2024-03-19,2020-02-23,691,11,1,0,0,19132.58,11.8,33,156
APP_00359,46209,21575,Education,Rent,1-3 years,VA,7.1,48,237,1,19,13876.583157894738,29924.73,56.39473684210526,92.2,0.0,0,0,2024-11-03,2018-03-05,769,28,1,1,0,4127.66,53.0,210,180
APP_00360,37783,9375,Debt Consolidation,Rent,1-3 years,NY,31.7,69,123,0,10,14612.255,28839.03,31.639999999999997,65.0,0.0,0,0,2024-05-09,2018-01-11,592,27,1,1,0,1507.38,9.9,189,113
APP_00361,56270,3709,Home Improvement,Own,1-3 years,GA,38.5,37,105,0,10,19347.999,29334.34,52.63000000000001,98.9,0.0,0,0,2023-02-11,2018-01-27,718,7,1,1,1,7633.13,8.7,218,60
APP_00362,119125,47493,Business,Mortgage,3-5 years,CA,41.2,72,29,1,16,13971.381875000001,23902.08,42.11875,84.3,0.0,0,0,2024-05-05,2018-12-14,674,8,2,1,0,49710.21,66.0,86,76
APP_00363,70984,2436,Home Improvement,Rent,1-3 years,VA,15.7,37,109,0,6,14316.816666666666,29767.78,49.1,81.8,0.0,0,0,2024-08-11,2018-08-29,676,8,0,1,0,14565.67,13.2,207,210
APP_00364,61110,4887,Education,Own,< 1 year,NJ,20.3,61,167,0,6,14952.026666666667,22430.73,64.51666666666667,91.1,0.0,0,0,2024-08-29,2020-03-02,796,6,2,3,0,44228.67,0.9,272,69
APP_00365,41916,7628,Debt Consolidation,Rent,3-5 years,FL,30.7,32,21,0,12,14335.723333333333,27775.2,43.725,92.9,0.0,0,0,2023-03-16,2018-11-18,711,18,0,0,0,27071.71,56.4,270,45
APP_00366,22636,6861,Medical,Rent,10+ years,MA,32.0,52,80,0,15,16297.326000000001,29462.27,67.45333333333333,97.5,0.0,0,0,2023-11-25,2018-03-27,725,21,0,1,0,13853.76,28.5,22,214
APP_00367,61250,9625,Medical,Mortgage,1-3 years,NY,33.4,49,103,1,3,14918.853333333333,24028.75,78.63333333333334,93.8,0.0,0,0,2020-01-17,2018-08-03,740,14,1,0,0,49980.44,85.4,256,100
APP_00368,97923,29934,Medical,Rent,3-5 years,MI,28.3,60,142,0,13,18480.833846153844,29993.23,43.8,93.4,0.0,0,0,2024-09-22,2018-01-04,850,24,0,1,0,19217.52,15.4,161,213
APP_00369,54867,18207,Business,Rent,< 1 year,NC,13.2,46,204,0,13,16690.946923076925,29799.22,57.25384615384615,97.4,0.0,0,0,2023-12-19,2019-02-07,627,13,0,0,0,12052.39,86.9,191,74
APP_00370,18840,2185,Home Improvement,Rent,1-3 years,NY,10.9,73,205,0,12,12332.619166666665,27837.35,53.94166666666666,99.2,0.0,0,0,2024-11-03,2018-08-25,666,7,2,1,0,44981.51,69.2,56,157
APP_00371,22496,7908,Business,Rent,10+ years,PA,16.6,67,164,1,10,17543.859,29831.07,49.989999999999995,95.9,0.0,0,0,2024-09-16,2018-01-19,808,27,1,3,0,45967.06,89.6,124,38
APP_00372,126356,35678,Home Improvement,Rent,10+ years,FL,30.2,31,59,0,4,13686.7625,21770.93,35.199999999999996,73.5,0.0,0,0,2022-07-13,2019-11-17,517,16,3,1,0,44460.54,22.4,171,186
APP_00373,17793,7009,Medical,Rent,10+ years,PA,16.0,42,195,0,5,14663.617999999999,22048.82,38.660000000000004,82.2,0.0,0,0,2022-11-04,2018-04-21,627,16,0,0,0,34966.1,18.4,69,224
APP_00374,31837,7857,Home Improvement,Mortgage,3-5 years,NY,11.6,49,13,0,8,14069.07875,28426.88,46.7625,97.2,0.0,0,0,2022-09-18,2018-04-01,850,28,0,2,0,43298.87,35.4,108,79
APP_00375,64133,8517,Car Purchase,Own,3-5 years,VA,44.8,46,195,0,5,21617.198,29364.47,74.58,98.9,0.0,0,0,2024-09-06,2018-10-23,597,20,1,1,0,16502.99,37.3,240,80
APP_00376,61246,17871,Business,Mortgage,10+ years,OH,7.9,74,215,0,11,15698.965454545454,28812.95,50.32727272727273,90.8,0.0,0,0,2023-03-25,2018-02-23,775,6,0,1,0,30919.73,7.7,271,179
APP_00377,63293,24208,Medical,Rent,5-10 years,FL,14.9,21,176,0,10,13426.514000000001,27615.52,39.07,81.3,0.0,0,0,2024-07-19,2019-05-07,833,7,0,2,1,14978.4,12.3,62,47
APP_00378,49587,16860,Business,Rent,5-10 years,WA,25.0,29,170,0,10,16350.446,29938.7,49.269999999999996,95.8,0.0,0,0,2024-01-13,2018-04-23,662,8,1,0,0,34732.63,33.8,134,75
APP_00379,23150,4401,Home Improvement,Mortgage,5-10 years,PA,22.1,49,200,1,7,14041.39857142857,27851.16,20.87142857142857,37.8,0.0,0,0,2024-06-13,2019-03-24,622,28,1,3,2,11594.38,20.0,126,71
APP_00380,70453,31620,Medical,Own,1-3 years,GA,44.6,54,134,0,8,14004.4125,27476.24,64.925,96.7,0.0,0,0,2024-11-03,2018-05-01,662,6,1,0,0,18675.57,41.6,306,167
APP_00381,21884,8498,Business,Own,3-5 years,MI,19.3,38,178,0,18,15634.943888888889,29278.79,51.827777777777776,97.9,0.0,0,0,2024-06-02,2018-01-19,581,19,2,0,0,805.32,35.2,318,237
APP_00382,18733,3100,Education,Mortgage,3-5 years,CA,14.6,46,114,0,6,12564.898333333333,17342.76,35.75,89.8,0.0,0,0,2024-04-07,2018-11-28,563,28,0,3,0,23027.76,53.1,83,48
APP_00383,65663,8279,Debt Consolidation,Mortgage,10+ years,WA,14.0,24,202,0,3,14526.593333333332,16273.97,73.10000000000001,90.9,0.0,0,0,2023-09-09,2019-02-18,669,25,1,1,0,26400.87,0.5,334,82
APP_00384,72730,26433,Business,Mortgage,1-3 years,NY,16.3,27,52,0,13,11620.933076923076,22615.5,49.30769230769231,96.7,0.0,0,0,2024-10-13,2019-08-25,747,5,1,0,0,10513.68,70.2,131,218
APP_00385,114938,41334,Education,Mortgage,1-3 years,WA,15.2,68,152,1,10,14951.841,23798.95,68.37,97.8,0.0,0,0,2024-11-04,2018-08-01,690,15,1,0,0,7882.38,62.3,236,162
APP_00386,35566,10965,Car Purchase,Mortgage,< 1 year,FL,16.8,55,170,0,12,12230.119166666665,24101.33,37.11666666666667,80.6,0.0,0,0,2024-06-20,2019-05-28,609,24,1,2,0,19013.83,18.3,88,87
APP_00387,28509,11958,Vacation,Mortgage,5-10 years,GA,19.1,24,72,1,10,13164.592999999999,27127.99,61.379999999999995,93.9,0.0,0,0,2024-07-16,2018-04-30,721,13,1,0,0,29072.43,26.2,359,19
APP_00388,46465,12464,Debt Consolidation,Mortgage,1-3 years,OH,42.2,51,186,1,19,16635.095263157895,29041.54,58.23684210526316,95.7,0.0,0,0,2024-10-20,2018-01-21,712,28,1,2,0,20251.07,57.2,79,128
APP_00389,74172,2971,Home Improvement,Mortgage,1-3 years,IL,17.2,23,133,0,13,16160.881538461537,27560.73,42.400000000000006,85.5,0.0,0,0,2023-09-14,2018-01-11,835,13,0,1,1,6826.32,52.9,359,128
APP_00390,10561,1006,Vacation,Mortgage,1-3 years,NY,31.5,67,174,0,16,17702.473125,29485.6,52.975,97.2,0.0,0,0,2024-10-05,2018-09-01,670,5,1,1,0,2818.9,73.0,152,27
APP_00391,42148,7081,Car Purchase,Rent,1-3 years,NY,12.3,68,128,0,8,16674.3325,29304.49,46.0875,96.5,0.0,0,0,2022-05-24,2018-05-15,543,2,2,1,0,43346.73,11.1,41,200
APP_00392,96777,48366,Education,Rent,5-10 years,IL,26.7,28,21,1,10,17387.838,26692.07,54.48,86.4,0.0,0,0,2024-06-27,2018-07-01,656,19,2,1,0,6772.31,41.7,85,114
APP_00393,51595,18589,Business,Mortgage,3-5 years,CA,43.1,30,219,1,19,14127.551578947367,26705.67,32.0,95.3,0.0,0,0,2024-07-05,2018-05-05,668,19,2,1,1,27670.06,54.7,218,77
APP_00394,30183,4738,Education,Rent,3-5 years,NJ,35.4,58,70,0,7,14980.371428571429,26204.26,42.8,97.1,0.0,0,0,2023-05-18,2019-04-06,669,29,0,1,0,13112.18,66.8,251,137
APP_00395,29482,14362,Vacation,Rent,5-10 years,OH,23.5,21,156,1,13,14079.418461538462,27854.28,48.80769230769231,90.5,0.0,0,0,2023-12-13,2018-06-25,630,14,0,0,0,349.02,78.5,81,212
APP_00396,67729,5112,Medical,Rent,1-3 years,NJ,7.1,29,146,0,15,18942.990666666665,29569.8,49.906666666666666,98.9,0.0,0,0,2024-06-28,2018-01-12,749,26,1,3,0,41828.54,64.4,258,86
APP_00397,72048,6510,Debt Consolidation,Rent,5-10 years,MA,22.4,21,86,0,16,18952.889375,28498.98,55.8875,95.7,0.0,0,0,2024-07-24,2018-02-18,708,11,2,2,0,31032.61,82.4,75,235
APP_00398,25126,5399,Vacation,Mortgage,1-3 years,FL,20.4,39,48,0,9,14279.134444444446,27593.32,40.81111111111111,78.5,0.0,0,0,2023-03-17,2018-05-20,598,8,0,3,0,30754.06,89.5,124,180
APP_00399,19717,7244,Business,Rent,3-5 years,GA,7.1,21,202,1,16,17411.34125,29038.6,58.13125,94.6,0.0,0,0,2024-05-19,2018-06-10,691,19,1,2,0,13208.51,19.1,18,79
APP_00400,39568,14495,Car Purchase,Own,10+ years,AZ,27.1,32,85,0,12,12913.186666666666,26681.64,49.96666666666667,82.8,0.0,0,0,2024-09-03,2018-08-22,756,20,0,3,0,47913.15,31.7,222,141
APP_00401,36779,6043,Car Purchase,Rent,5-10 years,OH,17.5,23,119,0,15,15455.136666666665,27057.94,56.95333333333334,97.1,0.0,0,0,2024-09-10,2019-10-04,797,22,1,2,1,4144.42,17.0,194,14
APP_00402,29211,12331,Business,Rent,1-3 years,GA,7.1,69,17,0,12,16165.773333333333,29369.56,62.81666666666666,99.3,0.0,0,0,2024-06-30,2018-04-25,806,21,2,0,1,28227.68,57.1,184,6
APP_00403,26863,5387,Debt Consolidation,Rent,3-5 years,VA,21.2,74,125,0,11,11282.284545454546,21941.27,31.136363636363637,86.1,0.0,0,0,2024-05-22,2018-07-03,686,14,3,1,0,27897.24,1.6,313,125
APP_00404,25309,10134,Car Purchase,Own,1-3 years,PA,18.3,22,227,1,3,24280.246666666662,26962.78,38.06666666666666,87.5,0.0,0,0,2024-01-13,2019-05-31,802,17,0,3,0,28448.02,35.4,90,19
APP_00405,67821,22119,Car Purchase,Rent,< 1 year,OH,21.7,74,226,0,17,14828.85705882353,29566.63,50.09411764705882,95.7,0.0,0,0,2024-07-18,2019-10-23,638,27,1,0,0,1501.89,59.2,204,238
APP_00406,44708,3164,Medical,Mortgage,10+ years,NC,44.2,46,67,0,9,16582.217777777776,29332.88,37.78888888888889,94.0,0.0,0,0,2024-10-02,2018-01-08,600,8,1,2,0,12175.35,13.4,335,222
APP_00407,22092,10751,Medical,Rent,3-5 years,TX,33.2,61,182,0,16,12412.789999999999,28926.04,58.93125,99.3,0.0,0,0,2024-03-28,2018-02-27,539,2,1,1,0,3510.04,6.7,258,17
APP_00408,51353,9551,Education,Own,3-5 years,TX,24.3,36,7,0,12,16235.889166666668,27338.47,57.324999999999996,94.8,0.0,0,0,2024-07-12,2018-02-10,799,29,0,3,0,45137.73,12.3,67,154
APP_00409,86601,41969,Business,Mortgage,1-3 years,MA,43.1,47,46,1,8,18125.0125,28592.76,71.55,98.0,0.0,0,0,2024-09-14,2018-01-25,579,29,1,2,1,26096.46,81.4,200,6
APP_00410,22661,1951,Education,Mortgage,< 1 year,TX,15.7,54,155,0,5,15274.964000000002,23082.16,45.980000000000004,98.1,0.0,0,0,2023-12-10,2019-10-21,610,25,1,3,0,49461.84,59.9,304,167
APP_00411,100102,30890,Debt Consolidation,Mortgage,1-3 years,TX,39.6,21,88,0,17,14802.04294117647,27892.8,38.870588235294115,99.1,0.0,0,0,2024-08-31,2018-01-01,569,9,1,2,0,30222.48,80.7,317,226
APP_00412,90057,5662,Home Improvement,Rent,1-3 years,NY,40.3,42,105,0,18,16095.450555555555,29383.89,41.849999999999994,88.3,0.0,0,0,2024-09-07,2018-09-13,710,9,2,0,0,44892.59,62.9,172,199
APP_00413,91893,19344,Debt Consolidation,Mortgage,10+ years,NC,23.0,21,143,0,9,13442.82111111111,19592.62,58.099999999999994,95.7,0.0,0,0,2023-11-01,2018-11-14,746,25,1,2,0,31762.3,3.9,257,143
APP_00414,98889,20331,Medical,Rent,5-10 years,PA,44.1,37,79,1,16,14373.476875,27769.54,53.3625,87.3,0.0,0,0,2024-10-07,2018-03-24,673,28,2,2,0,32231.38,66.3,355,213
APP_00415,48332,3145,Business,Own,5-10 years,MA,15.3,49,128,0,9,15004.387777777776,26859.46,39.05555555555556,81.7,0.0,0,0,2024-11-03,2019-07-27,608,19,2,2,0,24792.19,9.6,37,219
APP_00416,44151,16247,Home Improvement,Rent,1-3 years,NJ,30.5,62,183,0,14,14755.225,29068.45,44.9,93.4,0.0,0,0,2024-04-22,2019-06-28,637,27,1,0,0,5851.41,47.8,314,36
APP_00417,36250,4412,Vacation,Own,10+ years,MA,19.2,66,74,0,11,18243.89909090909,29654.29,66.03636363636363,92.0,0.0,0,0,2024-09-23,2018-06-07,498,27,2,2,0,48781.01,38.3,218,154
APP_00418,57416,3137,Home Improvement,Own,3-5 years,NY,13.6,53,80,0,17,13996.658235294119,24806.36,42.58235294117647,88.8,0.0,0,0,2024-10-28,2018-02-13,850,23,2,3,0,30924.39,50.1,125,238
APP_00419,17478,3577,Home Improvement,Rent,5-10 years,NJ,16.3,66,136,0,10,18174.972999999998,28016.78,54.73,98.1,0.0,0,0,2023-09-06,2018-07-08,721,20,1,0,0,19779.5,43.8,19,48
APP_00420,105344,31222,Debt Consolidation,Mortgage,10+ years,GA,7.7,62,214,1,17,16180.130000000001,27366.07,42.029411764705884,91.2,0.0,0,0,2024-10-05,2018-01-10,591,11,0,0,0,22582.05,54.1,209,213
APP_00421,53760,14932,Debt Consolidation,Rent,10+ years,IL,31.7,41,7,1,7,14524.24142857143,26136.66,63.44285714285714,87.3,0.0,0,0,2023-09-01,2020-08-28,651,2,0,4,0,11567.34,34.5,143,176
APP_00422,77643,24836,Business,Rent,5-10 years,GA,22.7,63,42,0,5,9806.874,10959.99,55.120000000000005,72.6,0.0,0,0,2024-08-03,2018-02-06,698,15,2,3,0,36651.16,3.7,133,9
APP_00423,38643,10162,Business,Mortgage,1-3 years,PA,25.1,63,59,1,12,20966.750833333335,29989.16,45.44166666666666,88.7,0.0,0,0,2023-08-16,2018-08-18,610,14,1,3,0,34530.52,18.7,296,211
APP_00424,113320,2387,Education,Own,5-10 years,AZ,5.5,21,107,0,12,14608.694166666666,29121.42,41.108333333333334,69.9,0.0,0,0,2024-09-10,2018-06-09,850,8,1,0,0,29311.65,30.4,357,179
APP_00425,41465,2390,Home Improvement,Rent,5-10 years,NY,37.6,40,88,0,19,17323.2,26862.8,53.88947368421052,99.4,0.0,0,0,2024-04-14,2018-12-23,720,22,2,4,1,15840.07,71.7,23,181
APP_00426,41445,3177,Medical,Own,10+ years,NJ,25.6,43,158,0,9,14787.925555555554,25564.69,48.422222222222224,82.0,0.0,0,0,2024-05-30,2018-03-13,679,8,0,2,0,13618.37,53.5,353,31
APP_00427,21793,9199,Debt Consolidation,Rent,1-3 years,OH,43.1,56,115,0,13,17599.507692307692,27288.74,43.815384615384616,92.0,0.0,0,0,2024-10-05,2018-04-04,850,3,0,2,0,25948.97,83.9,202,239
APP_00428,22170,4574,Home Improvement,Mortgage,1-3 years,CA,9.1,29,11,0,11,14793.04,28944.18,72.81818181818181,97.0,0.0,0,0,2023-12-03,2018-07-31,734,17,1,2,0,3332.65,31.6,16,35
APP_00429,54454,6084,Car Purchase,Rent,10+ years,VA,39.4,23,163,0,17,18249.952352941178,29486.8,46.9,96.4,0.0,0,0,2024-10-24,2018-09-16,689,25,0,0,0,29415.66,59.7,306,215
APP_00430,293947,22521,Car Purchase,Mortgage,3-5 years,OH,12.2,66,121,0,7,13720.550000000001,25021.21,61.042857142857144,92.5,0.0,0,0,2023-11-02,2018-09-12,593,4,0,1,0,6567.13,13.4,54,238
APP_00431,38161,3988,Medical,Rent,5-10 years,TX,16.9,74,38,0,11,16555.521818181816,28184.87,42.654545454545456,72.6,0.0,0,0,2024-06-12,2018-10-02,676,22,2,1,1,18489.4,71.9,218,166
APP_00432,41066,7743,Car Purchase,Mortgage,10+ years,AZ,9.9,67,120,0,16,12337.016875,28967.25,52.95,98.0,0.0,0,0,2024-10-22,2018-03-19,450,24,0,1,0,8693.38,23.3,145,110
APP_00433,52231,16264,Car Purchase,Mortgage,1-3 years,MA,14.4,35,131,0,3,7683.556666666666,11810.95,30.633333333333336,44.1,0.0,0,0,2024-07-11,2020-02-14,637,14,1,3,0,9108.23,87.2,133,31
APP_00434,19607,9450,Business,Mortgage,3-5 years,AZ,39.9,23,79,1,3,13625.69,21803.27,34.06666666666667,67.2,0.0,0,0,2024-01-30,2020-07-06,809,3,2,0,0,41681.22,22.6,86,98
APP_00435,119832,10979,Home Improvement,Mortgage,10+ years,TX,5.9,67,210,0,18,13456.525555555556,29102.68,48.266666666666666,98.9,0.0,0,0,2024-09-19,2018-01-27,664,27,0,2,0,48835.17,36.7,246,28
APP_00436,35930,12818,Medical,Own,1-3 years,GA,32.7,27,18,0,17,15714.726470588233,28246.22,44.35294117647059,95.8,0.0,0,0,2024-02-06,2018-01-19,729,2,1,1,0,9692.25,23.4,228,37
APP_00437,82048,9177,Debt Consolidation,Rent,5-10 years,AZ,36.7,45,136,0,12,12707.205,26413.75,42.34166666666666,98.0,0.0,0,0,2024-04-21,2018-09-18,783,28,1,1,0,14871.26,53.9,270,55
APP_00438,42583,12377,Medical,Mortgage,5-10 years,NC,34.3,29,125,1,14,15342.582857142857,28619.27,47.93571428571429,95.9,0.0,0,0,2024-09-06,2018-08-28,453,27,1,3,0,8619.67,23.9,86,71
APP_00439,42834,18847,Debt Consolidation,Mortgage,1-3 years,NC,26.3,49,88,1,17,14047.702352941176,28313.38,55.7764705882353,95.9,0.0,0,0,2024-10-10,2018-04-22,644,18,0,0,1,43631.21,27.8,161,99
APP_00440,129998,41209,Debt Consolidation,Rent,3-5 years,IL,21.4,60,151,0,13,16517.61076923077,27088.96,40.15384615384615,70.5,0.0,0,0,2024-10-11,2019-02-06,677,9,0,3,0,46122.08,1.5,220,206
APP_00441,47777,2532,Car Purchase,Mortgage,1-3 years,GA,43.7,48,121,0,16,14364.444375,25467.14,53.06875,92.7,0.0,0,0,2024-07-14,2018-02-23,728,6,0,1,0,276.07,30.3,25,35
APP_00442,50757,16805,Medical,Mortgage,3-5 years,PA,22.3,49,128,0,15,14124.169333333333,27779.97,66.12666666666667,95.0,0.0,0,0,2023-11-12,2018-03-13,689,24,2,1,0,30821.83,5.9,307,19
APP_00443,47089,2578,Car Purchase,Mortgage,< 1 year,AZ,20.0,72,80,0,18,14596.611111111111,29639.82,46.7,83.2,0.0,0,0,2024-10-17,2018-03-14,756,11,0,0,0,12283.34,72.0,322,169
APP_00444,34793,11768,Business,Rent,1-3 years,TX,31.5,69,142,1,16,15149.12125,29694.96,60.5625,95.2,0.0,0,0,2024-08-11,2018-01-16,464,27,1,1,0,26580.26,27.3,74,156
APP_00445,57590,2847,Debt Consolidation,Mortgage,5-10 years,WA,19.0,52,63,0,16,13891.91625,28331.62,48.86875,91.8,0.0,0,0,2024-06-04,2018-03-06,698,22,2,0,0,17411.85,16.9,350,189
APP_00446,121516,38166,Business,Rent,3-5 years,WA,20.5,48,14,1,13,9650.578461538462,26871.67,48.330769230769235,97.7,0.0,0,0,2024-01-19,2019-03-18,756,26,1,1,0,20045.68,69.9,269,29
APP_00447,24600,2793,Vacation,Rent,3-5 years,MI,40.6,57,219,0,6,12301.958333333334,20090.97,58.98333333333333,81.2,0.0,0,0,2024-07-21,2018-02-18,665,11,1,1,0,43978.87,69.3,74,81
APP_00448,18659,7315,Education,Mortgage,5-10 years,PA,20.4,60,64,1,18,15630.490555555556,29566.47,37.400000000000006,64.3,0.0,0,0,2024-09-18,2018-01-28,683,7,2,0,0,34465.58,39.6,18,56
APP_00449,61930,26815,Car Purchase,Rent,3-5 years,MA,27.3,46,7,0,14,16291.691428571428,29466.06,49.48571428571428,97.4,0.0,0,0,2024-06-03,2018-08-14,757,22,0,2,0,49445.3,23.8,201,40
APP_00450,23455,2433,Business,Rent,5-10 years,CA,15.9,58,200,0,19,17915.466315789472,29362.58,54.415789473684214,96.5,0.0,0,0,2024-04-20,2018-02-19,805,13,2,1,0,466.52,64.0,91,49
APP_00451,54344,9493,Medical,Rent,3-5 years,AZ,13.7,56,140,0,6,14011.193333333335,21044.25,45.18333333333334,75.8,0.0,0,0,2024-09-01,2018-08-10,723,22,1,2,0,27381.74,54.2,318,219
APP_00452,68319,9775,Vacation,Rent,5-10 years,OH,44.3,44,89,0,3,6781.973333333332,13946.17,69.3,90.1,0.0,0,0,2024-08-22,2023-03-18,542,4,1,1,0,34332.44,38.7,19,188
APP_00453,76388,6601,Debt Consolidation,Mortgage,1-3 years,WA,40.2,55,84,0,11,11664.06,23935.18,44.95454545454545,94.7,0.0,0,0,2023-11-22,2018-06-23,634,10,1,0,0,38124.46,6.9,227,164
APP_00454,80001,22736,Car Purchase,Rent,1-3 years,GA,13.0,60,162,0,9,13714.50888888889,26423.62,55.733333333333334,92.6,0.0,0,0,2024-09-27,2018-02-09,772,28,1,0,0,21768.49,7.1,92,16
APP_00455,152977,5622,Business,Rent,5-10 years,PA,8.8,40,145,0,5,9985.086,21057.54,63.8,86.5,0.0,0,0,2024-05-14,2018-06-24,759,29,1,1,0,114.16,15.9,334,37
APP_00456,31765,5861,Vacation,Rent,5-10 years,NY,44.9,55,100,1,15,16614.598,29461.56,41.166666666666664,66.8,0.0,0,0,2022-12-27,2018-09-09,593,24,2,0,0,19935.18,28.4,237,15
APP_00457,46239,3877,Education,Rent,5-10 years,PA,27.6,68,40,0,14,14277.66142857143,29790.73,39.99285714285714,82.9,0.0,0,0,2024-09-17,2018-04-21,695,8,1,3,2,20189.03,61.4,56,149
APP_00458,36233,1269,Vacation,Rent,3-5 years,FL,6.6,35,191,0,9,16086.536666666669,29543.99,59.12222222222223,96.6,0.0,0,0,2024-08-25,2018-03-24,632,27,1,1,0,27278.75,77.6,335,41
APP_00459,163957,43357,Home Improvement,Mortgage,< 1 year,WA,35.3,63,199,0,16,13883.370625,25281.49,43.525,91.4,0.0,0,0,2024-08-17,2018-09-06,628,28,1,0,0,42807.55,89.3,112,75
APP_00460,90601,32338,Business,Mortgage,3-5 years,OH,42.1,66,231,0,16,15653.61875,28289.24,58.75,98.6,0.0,0,0,2024-08-24,2018-05-04,750,15,1,1,0,34627.51,53.1,352,76
APP_00461,61119,7255,Business,Mortgage,3-5 years,PA,37.2,40,171,0,19,15227.644736842105,29766.39,54.77368421052632,97.4,0.0,0,0,2024-07-17,2018-05-12,736,19,0,1,0,28530.31,35.1,340,29
APP_00462,13904,4530,Business,Rent,5-10 years,NJ,32.1,38,125,1,4,17765.2025,26275.95,25.65,45.7,0.0,0,0,2024-03-01,2020-06-10,657,29,3,1,0,46590.96,87.7,327,175
APP_00463,159142,35159,Debt Consolidation,Own,3-5 years,CA,30.4,24,198,0,11,15002.342727272726,29112.33,65.42727272727274,95.3,0.0,0,0,2024-06-05,2018-11-15,779,14,2,0,0,38937.56,56.9,117,61
APP_00464,49129,5226,Education,Own,3-5 years,CA,38.5,34,183,0,12,13073.777500000002,28356.97,58.43333333333334,93.9,0.0,0,0,2023-12-27,2018-09-30,538,3,3,1,0,38240.7,3.0,46,6
APP_00465,124554,42069,Car Purchase,Rent,10+ years,VA,24.5,50,18,0,17,11913.288823529412,25646.01,56.758823529411764,89.1,0.0,0,0,2024-07-31,2018-02-27,743,16,1,3,0,23372.12,1.6,325,114
APP_00466,81828,7134,Medical,Rent,3-5 years,PA,28.3,28,113,0,3,15067.220000000001,23635.33,58.53333333333333,72.9,0.0,0,0,2022-04-21,2018-06-10,694,27,1,1,0,30523.17,20.8,141,78
APP_00467,37068,1556,Home Improvement,Own,3-5 years,FL,14.9,66,67,0,11,16027.381818181817,28107.1,46.263636363636365,99.2,0.0,0,0,2024-07-25,2018-04-02,676,18,1,0,0,48676.05,77.0,62,139
APP_00468,44779,13764,Medical,Rent,5-10 years,NJ,34.5,44,78,1,13,16725.01230769231,28985.87,42.34615384615385,90.3,0.0,0,0,2024-09-07,2018-06-25,543,18,2,1,0,28417.58,9.2,134,13
APP_00469,57062,27798,Vacation,Rent,< 1 year,FL,18.9,73,124,1,10,12424.606,29367.43,44.720000000000006,91.0,0.0,0,0,2023-09-23,2018-02-15,629,13,0,2,0,2166.99,58.0,181,136
APP_00470,80194,16480,Debt Consolidation,Rent,10+ years,NY,27.1,54,183,1,6,12036.386666666667,21097.83,28.733333333333334,60.2,0.0,0,0,2024-10-25,2019-09-02,582,20,2,1,0,5927.25,62.3,28,20
APP_00471,23951,6212,Home Improvement,Mortgage,< 1 year,FL,22.5,40,136,0,13,14442.353076923077,25567.44,45.80769230769231,88.0,0.0,0,0,2024-04-19,2018-11-03,568,2,0,0,0,48509.07,14.5,268,24
APP_00472,40912,20170,Debt Consolidation,Rent,3-5 years,GA,11.2,31,115,1,10,16623.855,28432.32,59.92999999999999,95.7,0.0,0,0,2024-10-08,2018-01-18,704,2,2,0,0,48893.44,59.5,17,63
APP_00473,23062,1216,Home Improvement,Mortgage,1-3 years,WA,17.1,56,106,0,8,17544.822500000002,25702.27,38.3625,98.7,0.0,0,0,2023-06-09,2020-02-26,668,10,3,2,0,5132.66,53.7,143,204
APP_00474,69653,6754,Education,Own,1-3 years,MA,44.5,43,27,1,16,12900.264375,29033.16,55.19375,94.6,0.0,0,0,2024-09-27,2018-07-27,668,2,1,0,1,40530.33,47.7,332,57
APP_00475,15508,4805,Car Purchase,Own,3-5 years,GA,17.1,44,104,1,11,21453.84181818182,27900.78,37.36363636363637,99.2,0.0,0,0,2024-11-01,2019-01-27,609,5,0,3,0,13214.3,32.8,300,147
APP_00476,44798,1067,Education,Mortgage,< 1 year,OH,44.4,62,62,0,15,19152.255333333334,28741.04,48.63333333333333,94.4,0.0,0,0,2024-07-11,2018-01-01,790,25,1,3,0,24958.87,14.7,24,63
APP_00477,26962,5540,Car Purchase,Rent,3-5 years,NY,44.7,37,148,1,11,14109.026363636365,29401.0,27.79090909090909,70.9,0.0,0,0,2024-04-30,2018-08-16,803,6,0,1,0,47276.43,28.3,216,80
APP_00478,88421,9609,Vacation,Mortgage,5-10 years,CA,35.6,60,153,0,16,15819.679375,28983.57,62.75,94.1,0.0,0,0,2024-09-19,2018-05-12,694,17,0,3,0,16050.95,27.3,335,211
APP_00479,49509,12185,Debt Consolidation,Mortgage,3-5 years,NY,31.3,55,53,1,12,14835.6,28541.59,50.35,95.0,0.0,0,0,2024-04-27,2018-01-31,708,25,1,3,1,11744.72,62.0,287,159
APP_00480,39686,8665,Vacation,Rent,3-5 years,AZ,41.1,65,86,1,5,12345.472,23026.28,71.46000000000001,91.5,0.0,0,0,2024-02-22,2020-04-21,850,7,0,3,0,7828.82,47.0,33,80
APP_00481,50299,18779,Education,Mortgage,3-5 years,FL,43.8,28,30,1,3,12017.526666666667,17369.09,62.166666666666664,80.0,0.0,0,0,2022-07-05,2019-12-28,502,19,3,3,0,46192.77,56.9,343,167
APP_00482,109842,37338,Business,Own,3-5 years,VA,11.6,23,161,1,6,15366.046666666667,26498.4,58.4,92.4,0.0,0,0,2024-09-29,2019-10-28,656,27,1,2,0,9948.64,70.4,229,112
APP_00483,10463,4821,Medical,Mortgage,3-5 years,AZ,10.7,34,37,0,10,11665.955,29191.65,58.25,87.4,0.0,0,0,2024-08-27,2018-07-03,838,5,1,1,0,8133.84,56.3,147,146
APP_00484,42081,16986,Business,Rent,1-3 years,NJ,38.8,25,195,0,11,14546.140909090907,28583.39,57.66363636363636,80.8,0.0,0,0,2024-10-29,2018-01-23,615,10,0,0,0,48099.92,62.1,261,186
APP_00485,53169,14353,Vacation,Mortgage,< 1 year,MA,29.0,69,25,1,16,15716.854374999999,29480.77,39.34375,99.9,0.0,0,0,2024-07-22,2018-03-19,646,23,1,0,0,31970.84,85.4,352,191
APP_00486,18014,4014,Debt Consolidation,Mortgage,3-5 years,MA,13.0,44,63,0,10,17343.817000000003,29964.49,41.5,99.9,0.0,0,0,2024-08-13,2019-05-27,512,28,0,3,0,3522.85,65.7,236,232
APP_00487,53383,24752,Vacation,Rent,3-5 years,CA,35.9,36,124,1,14,16157.019285714285,29728.13,48.67142857142857,95.6,0.0,0,0,2024-10-21,2018-01-30,850,4,0,0,2,37312.31,37.3,13,108
APP_00488,69204,17373,Home Improvement,Mortgage,5-10 years,WA,35.8,49,99,1,7,23604.12142857143,27656.28,54.75714285714286,96.3,0.0,0,0,2024-08-11,2020-11-22,550,14,1,0,2,49413.2,7.1,134,187
APP_00489,165075,38381,Vacation,Rent,1-3 years,MA,41.4,30,113,0,13,17833.544615384617,28943.22,21.976923076923075,55.2,0.0,0,0,2024-09-11,2018-03-06,725,27,2,0,0,25725.39,53.7,262,125
APP_00490,41387,10871,Vacation,Rent,1-3 years,NC,22.5,74,116,1,19,17908.151578947367,28900.38,51.152631578947364,89.2,0.0,0,0,2024-10-10,2018-03-01,656,22,2,2,0,21158.64,44.1,111,44
APP_00491,19305,1429,Debt Consolidation,Rent,10+ years,GA,16.2,32,70,0,14,12690.44,26426.3,44.25,90.7,0.0,0,0,2024-06-24,2018-06-21,541,19,0,3,0,38248.28,15.6,155,57
APP_00492,40908,12881,Home Improvement,Mortgage,5-10 years,NJ,31.1,53,165,0,11,11622.822727272725,26676.84,55.14545454545455,94.0,0.0,0,0,2023-07-20,2020-02-07,688,28,0,1,0,18912.5,88.5,102,106
APP_00493,96435,40429,Car Purchase,Mortgage,1-3 years,WA,38.1,74,205,1,15,12932.878,29957.71,48.43333333333333,95.6,0.0,0,0,2024-08-10,2018-01-03,551,23,3,1,1,49691.35,74.3,324,174
APP_00494,54565,21375,Business,Mortgage,1-3 years,IL,43.5,60,88,1,11,15912.113636363636,29675.44,52.36363636363637,80.6,0.0,0,0,2024-08-05,2018-12-28,733,4,3,1,1,47161.72,22.9,338,218
APP_00495,101221,33015,Car Purchase,Mortgage,3-5 years,IL,40.4,24,219,0,6,15235.208333333334,22247.85,36.266666666666666,75.6,0.0,0,0,2024-05-31,2018-10-18,538,5,2,2,0,3560.23,34.6,156,27
APP_00496,136175,14595,Business,Mortgage,3-5 years,MI,33.6,61,233,0,5,11157.833999999999,22243.78,59.839999999999996,80.6,0.0,0,0,2024-09-10,2018-10-10,603,5,0,1,0,39169.49,43.8,19,27
APP_00497,25514,1928,Business,Rent,< 1 year,GA,26.6,32,205,0,5,14164.310000000001,23730.31,48.220000000000006,90.6,0.0,0,0,2024-10-04,2019-11-29,645,22,4,2,0,26953.93,68.1,152,172
APP_00498,22751,10742,Home Improvement,Rent,< 1 year,NC,14.6,32,36,0,8,15262.2875,26487.24,42.675,96.9,0.0,0,0,2024-06-28,2018-02-06,689,25,1,2,0,34380.13,59.4,196,162
APP_00499,51592,7116,Car Purchase,Own,10+ years,FL,35.2,30,216,1,5,23731.032,26242.55,44.6,68.7,0.0,0,0,2024-06-25,2021-01-07,620,27,4,1,0,30461.22,66.0,126,129
APP_00500,8146,3779,Medical,Own,10+ years,CA,5.3,32,110,1,9,14628.79111111111,27111.73,35.45555555555555,97.2,0.0,0,0,2024-08-12,2020-05-18,638,3,1,2,0,47219.2,62.2,261,8
