player_id,team,position,games_played,points_per_game,assists_per_game,rebounds_per_game,minutes_per_game,age,experience_years,salary_millions,all_star,injury_games_missed,contract_year,field_goal_pct,three_point_pct,free_throw_pct
P0001,Team_I,Forward,54,15.1,9.5,8.7,28.3,23,6,2.54,0,3,0,0.372,0.259,0.68
P0002,Team_K,Guard,46,12.6,4.9,13.1,38.3,26,6,0.5,0,4,0,0.386,0.5,0.736
P0003,Team_I,Midfielder,29,18.0,3.2,6.0,36.9,23,5,5.87,0,1,0,0.3,0.325,0.821
P0004,Team_B,Defender,44,0.0,3.6,7.7,25.0,32,2,2.05,0,5,0,0.425,0.417,0.7
P0005,Team_L,Striker,64,3.5,7.8,5.9,38.2,20,3,1.99,0,4,0,0.38,0.35,0.5
P0006,Team_I,Midfielder,48,5.4,0.7,2.8,42.9,33,1,4.04,0,8,1,0.429,0.264,0.621
P0007,Team_H,Center,29,1.2,0.0,5.5,18.2,35,9,1.09,0,5,0,0.304,0.365,0.651
P0008,Team_A,Center,44,3.4,6.6,4.8,20.2,28,14,1.5,1,10,0,0.532,0.36,0.82
P0009,Team_I,Center,69,7.3,4.0,1.8,16.6,34,8,1.42,0,5,0,0.483,0.302,0.832
P0010,Team_J,Center,76,0.8,8.4,11.2,5.0,25,16,0.5,1,5,1,0.466,0.322,0.793
P0011,Team_C,Forward,54,0.7,2.2,12.5,28.9,29,16,3.72,0,5,0,0.544,0.451,0.905
P0012,Team_B,Guard,76,21.8,4.0,2.6,34.5,34,16,3.65,0,5,0,0.493,0.313,0.853
P0013,Team_B,Midfielder,54,6.7,0.9,7.2,14.4,27,13,7.65,0,5,0,0.416,0.354,0.858
P0014,Team_L,Forward,60,14.5,0.4,4.7,14.6,26,16,0.5,0,7,0,0.477,0.341,0.711
P0015,Team_F,Midfielder,19,13.4,4.7,2.8,12.0,20,10,1.13,0,9,0,0.425,0.373,0.633
P0016,Team_H,Defender,72,10.0,1.6,6.7,21.1,36,8,7.43,0,4,0,0.481,0.441,0.859
P0017,Team_E,Center,59,17.2,4.5,6.4,37.5,31,7,6.83,1,5,0,0.367,0.298,0.625
P0018,Team_D,Striker,68,11.9,6.0,7.3,34.9,35,3,1.78,0,2,0,0.607,0.404,0.708
P0019,Team_D,Midfielder,33,10.0,8.5,3.8,16.6,24,4,3.28,0,9,1,0.391,0.341,0.88
P0020,Team_D,Defender,34,25.8,1.1,5.3,22.8,34,15,1.56,0,6,0,0.428,0.225,0.65
P0021,Team_E,Center,23,23.7,3.3,5.8,14.9,27,1,4.64,1,5,1,0.44,0.261,0.899
P0022,Team_C,Striker,54,18.8,5.2,5.4,24.3,33,14,4.17,0,3,0,0.45,0.412,0.909
P0023,Team_D,Midfielder,43,29.9,0.0,3.4,8.3,35,8,0.5,0,5,0,0.512,0.367,0.774
P0024,Team_H,Forward,11,15.3,8.7,11.1,35.4,33,1,0.61,0,4,0,0.534,0.302,0.837
P0025,Team_E,Midfielder,74,15.5,3.7,7.2,26.1,23,1,0.96,1,1,1,0.579,0.411,0.658
P0026,Team_G,Guard,30,24.6,3.2,9.3,25.6,33,2,0.82,0,7,0,0.553,0.295,0.69
P0027,Team_C,Center,24,20.2,4.0,8.3,28.7,22,3,1.82,0,6,1,0.61,0.396,0.678
P0028,Team_L,Midfielder,80,0.0,8.8,4.8,22.6,37,0,0.96,0,5,1,0.373,0.379,0.731
P0029,Team_G,Striker,50,16.1,0.0,0.0,21.0,32,12,4.41,0,1,0,0.478,0.379,0.847
P0030,Team_J,Forward,32,2.4,4.3,0.6,26.9,34,12,2.83,0,1,0,0.454,0.408,0.781
P0031,Team_L,Forward,48,3.2,3.9,12.3,21.8,22,15,1.39,1,1,1,0.389,0.329,0.626
P0032,Team_B,Defender,31,13.2,0.0,7.6,5.0,33,0,1.44,0,6,0,0.429,0.413,0.624
P0033,Team_B,Midfielder,49,0.0,3.1,1.7,30.5,28,5,2.98,0,6,1,0.332,0.391,0.872
P0034,Team_B,Forward,70,0.0,2.6,13.6,24.9,36,1,4.33,0,4,1,0.412,0.391,0.821
P0035,Team_E,Guard,28,15.2,4.2,2.1,22.3,27,9,0.6,0,5,1,0.502,0.341,0.66
P0036,Team_H,Guard,57,14.1,8.8,6.9,5.0,26,16,3.93,1,4,0,0.516,0.31,0.681
P0037,Team_E,Defender,51,12.7,3.7,0.0,48.0,23,1,2.64,0,5,0,0.411,0.369,0.698
P0038,Team_A,Guard,52,7.0,4.9,5.6,32.2,34,17,2.59,1,12,0,0.354,0.365,0.795
P0039,Team_H,Defender,47,0.0,7.6,1.1,20.0,31,15,4.61,1,5,0,0.446,0.316,0.773
P0040,Team_L,Forward,27,9.1,2.0,8.3,26.4,29,8,6.71,0,6,0,0.542,0.283,0.946
P0041,Team_K,Striker,15,0.0,9.0,2.2,20.0,26,16,0.96,1,8,0,0.411,0.405,0.665
P0042,Team_C,Guard,44,9.3,4.5,11.6,36.7,20,13,1.3,0,6,0,0.438,0.38,0.747
P0043,Team_J,Center,33,9.5,0.7,9.6,39.5,34,4,1.65,0,5,0,0.638,0.374,0.561
P0044,Team_H,Guard,29,7.5,3.3,12.2,30.9,23,9,1.49,0,4,1,0.555,0.377,0.728
P0045,Team_D,Forward,57,10.1,3.8,6.1,23.5,22,5,4.14,0,6,0,0.567,0.376,0.95
P0046,Team_G,Midfielder,22,13.3,5.9,0.0,23.6,36,7,6.84,1,3,0,0.393,0.437,0.864
P0047,Team_K,Midfielder,72,15.9,3.1,1.1,8.6,27,3,6.75,0,7,1,0.601,0.43,0.749
P0048,Team_L,Guard,55,12.5,4.4,10.3,37.8,20,9,3.26,0,9,0,0.392,0.339,0.768
P0049,Team_B,Center,49,11.7,6.5,3.2,24.2,36,16,3.67,1,4,0,0.376,0.331,0.787
P0050,Team_L,Guard,67,22.1,3.2,6.4,43.9,27,13,5.31,0,2,1,0.5,0.376,0.671
P0051,Team_I,Midfielder,72,28.3,5.5,1.1,42.5,26,14,0.78,0,2,0,0.3,0.392,0.732
P0052,Team_K,Forward,25,14.7,7.0,6.1,37.5,37,10,6.41,0,1,1,0.377,0.375,0.812
P0053,Team_G,Striker,17,0.0,4.3,10.5,46.4,35,11,2.39,0,7,1,0.442,0.271,0.659
P0054,Team_A,Midfielder,19,12.8,2.2,11.1,29.2,32,8,4.93,0,6,0,0.477,0.394,0.728
P0055,Team_C,Midfielder,33,9.8,0.0,8.8,12.2,34,16,0.59,0,6,1,0.379,0.452,0.859
P0056,Team_E,Striker,46,12.1,3.4,10.5,21.7,36,8,1.53,0,5,0,0.43,0.353,0.767
P0057,Team_D,Center,53,25.4,3.3,0.3,16.6,34,5,10.83,0,6,1,0.438,0.339,0.72
P0058,Team_C,Striker,50,2.4,2.5,0.0,25.0,27,8,2.48,0,5,0,0.594,0.372,0.694
P0059,Team_A,Forward,32,17.4,2.6,5.9,10.9,24,5,5.39,0,8,1,0.426,0.365,0.6
P0060,Team_G,Striker,43,16.6,1.6,9.7,25.5,29,6,2.84,0,6,1,0.517,0.317,0.722
P0061,Team_L,Midfielder,79,23.7,4.2,14.2,31.5,34,7,15.43,1,6,0,0.498,0.304,0.628
P0062,Team_G,Striker,42,15.0,7.7,12.8,22.0,30,10,1.12,1,3,0,0.421,0.293,0.788
P0063,Team_H,Midfielder,65,6.7,2.0,7.2,18.3,34,2,1.11,0,3,0,0.368,0.425,0.813
P0064,Team_D,Forward,54,9.4,6.0,4.2,44.0,35,5,1.1,1,7,0,0.442,0.353,0.651
P0065,Team_L,Center,46,1.2,1.8,0.0,28.0,22,4,3.56,1,1,0,0.434,0.227,0.743
P0066,Team_E,Forward,30,5.6,3.4,6.3,35.8,22,17,1.93,1,6,1,0.486,0.396,0.726
P0067,Team_B,Forward,70,11.4,1.3,8.3,33.9,37,7,9.99,0,4,1,0.455,0.377,0.751
P0068,Team_I,Striker,32,0.0,5.8,0.3,27.0,24,16,1.93,1,8,1,0.387,0.229,0.781
P0069,Team_C,Striker,19,16.3,2.4,4.1,25.4,25,3,1.62,1,7,1,0.388,0.379,0.55
P0070,Team_G,Defender,56,11.5,5.4,8.7,31.9,23,4,3.26,0,7,0,0.495,0.345,0.709
P0071,Team_H,Defender,47,0.0,5.9,0.0,22.0,23,17,0.69,0,8,0,0.47,0.303,0.842
P0072,Team_E,Defender,62,12.4,0.8,3.7,33.6,35,12,0.5,1,2,1,0.393,0.316,0.729
P0073,Team_G,Guard,17,0.0,0.0,7.8,19.5,25,8,1.65,0,6,1,0.518,0.331,0.604
P0074,Team_L,Guard,61,6.6,0.0,11.0,15.4,30,0,3.09,0,4,0,0.437,0.315,0.682
P0075,Team_H,Forward,67,9.4,4.3,8.9,17.9,30,10,0.5,0,4,0,0.511,0.333,0.67
P0076,Team_I,Center,24,13.5,7.3,5.5,25.7,30,5,10.84,0,6,0,0.557,0.434,0.625
P0077,Team_F,Forward,42,16.8,8.4,3.4,23.1,20,5,0.5,1,9,0,0.423,0.363,0.763
P0078,Team_G,Striker,50,9.3,0.0,9.0,22.1,23,13,0.5,0,9,0,0.437,0.407,0.779
P0079,Team_D,Guard,80,3.0,4.1,7.5,48.0,30,7,3.11,0,4,0,0.357,0.325,0.721
P0080,Team_A,Defender,40,15.9,0.0,12.3,23.6,22,6,2.36,1,2,1,0.481,0.225,0.788
P0081,Team_L,Midfielder,15,14.1,2.2,7.5,19.3,28,0,1.87,0,6,0,0.516,0.367,0.789
P0082,Team_F,Defender,51,17.0,0.6,7.3,19.3,32,4,1.1,0,7,0,0.401,0.334,0.772
P0083,Team_K,Midfielder,59,13.3,5.3,9.7,45.9,29,12,4.4,1,6,1,0.45,0.327,0.778
P0084,Team_B,Guard,57,20.2,7.7,9.5,44.4,32,0,1.44,0,6,0,0.48,0.402,0.748
P0085,Team_D,Center,19,16.5,0.0,5.4,36.5,37,4,0.65,1,4,0,0.479,0.266,0.892
P0086,Team_A,Forward,79,3.1,0.4,12.2,17.1,31,3,1.54,0,5,0,0.474,0.29,0.765
P0087,Team_L,Midfielder,75,11.1,3.1,4.2,26.5,25,9,0.6,1,1,0,0.521,0.364,0.841
P0088,Team_E,Striker,72,14.4,1.2,9.7,26.5,28,5,1.45,1,4,1,0.467,0.271,0.867
P0089,Team_D,Guard,45,12.1,6.5,4.5,25.5,20,3,0.5,0,8,1,0.476,0.254,0.889
P0090,Team_L,Guard,31,1.2,7.9,2.6,18.0,29,5,0.5,0,6,1,0.49,0.372,0.545
P0091,Team_C,Center,67,5.6,0.0,0.0,22.1,34,16,3.47,1,3,1,0.546,0.396,0.87
P0092,Team_F,Guard,30,19.0,4.6,8.0,28.2,25,10,0.67,0,6,0,0.555,0.398,0.79
P0093,Team_L,Center,64,20.5,8.3,7.6,29.7,28,12,0.5,0,3,0,0.401,0.433,0.762
P0094,Team_I,Center,76,10.8,0.9,0.0,28.1,30,4,0.9,0,4,1,0.611,0.389,0.604
P0095,Team_G,Striker,58,15.4,4.1,3.0,42.8,26,1,0.8,0,2,0,0.587,0.435,0.711
P0096,Team_C,Striker,24,17.4,0.0,3.5,17.4,28,16,1.3,0,4,1,0.52,0.398,0.893
P0097,Team_C,Guard,21,15.6,3.4,14.6,20.2,22,15,8.59,1,5,1,0.341,0.38,0.712
P0098,Team_L,Forward,40,27.6,3.3,6.9,30.1,35,5,13.17,1,2,0,0.547,0.364,0.64
P0099,Team_B,Midfielder,53,5.3,3.1,19.3,33.7,33,14,1.74,1,1,0,0.477,0.396,0.734
P0100,Team_I,Midfielder,41,16.0,4.0,8.2,17.2,33,3,0.5,0,5,0,0.369,0.326,0.775
P0101,Team_J,Midfielder,20,14.0,7.1,4.0,30.5,22,16,1.12,0,7,0,0.458,0.335,0.678
P0102,Team_B,Defender,72,23.3,4.8,15.9,36.0,22,4,6.3,0,7,1,0.464,0.358,0.912
P0103,Team_D,Forward,23,26.9,5.4,10.8,11.8,36,9,5.44,1,7,0,0.554,0.41,0.758
P0104,Team_F,Midfielder,35,11.7,4.1,5.5,28.3,36,11,0.5,0,6,0,0.382,0.337,0.638
P0105,Team_K,Forward,74,6.0,2.4,6.2,15.3,36,16,8.42,0,5,1,0.429,0.434,0.719
P0106,Team_D,Forward,13,16.2,5.3,4.9,5.0,23,12,2.67,0,3,1,0.538,0.33,0.518
P0107,Team_C,Midfielder,33,15.3,0.0,7.2,21.5,26,6,0.65,0,1,0,0.451,0.39,0.721
P0108,Team_K,Center,13,19.8,3.1,4.0,7.2,23,2,0.51,1,2,0,0.568,0.317,0.791
P0109,Team_L,Defender,70,20.3,2.4,7.6,36.0,21,16,3.91,0,1,1,0.447,0.302,0.724
P0110,Team_E,Striker,52,16.4,2.4,5.8,10.6,25,17,2.32,0,3,0,0.497,0.253,0.63
P0111,Team_L,Guard,77,16.0,0.0,9.2,39.2,21,5,3.06,1,5,1,0.526,0.464,0.785
P0112,Team_D,Defender,62,21.6,3.4,12.2,9.6,35,14,2.14,0,5,1,0.473,0.396,0.917
P0113,Team_E,Forward,72,14.2,1.0,8.3,24.6,24,3,2.52,1,6,0,0.582,0.434,0.675
P0114,Team_J,Defender,59,28.0,6.6,3.7,13.9,21,7,0.5,1,5,0,0.395,0.25,0.839
P0115,Team_L,Center,28,15.4,3.8,5.3,16.3,27,1,9.55,0,4,0,0.593,0.369,0.89
P0116,Team_H,Striker,23,17.1,7.4,8.5,19.8,36,5,0.5,0,5,0,0.366,0.282,0.723
P0117,Team_K,Guard,18,0.0,5.1,12.9,22.0,29,6,7.57,0,5,1,0.607,0.338,0.879
P0118,Team_I,Forward,45,5.7,4.5,5.9,18.8,27,4,7.93,1,8,0,0.513,0.326,0.724
P0119,Team_D,Guard,41,22.1,4.6,0.0,21.2,37,0,7.94,1,6,0,0.539,0.378,0.555
P0120,Team_B,Guard,30,8.0,4.5,3.9,17.7,29,10,0.5,0,3,0,0.568,0.298,0.689
P0121,Team_D,Guard,28,12.9,3.7,7.3,24.0,28,3,0.5,0,7,0,0.507,0.331,0.685
P0122,Team_B,Defender,60,19.5,9.3,6.7,22.3,37,14,0.5,1,4,0,0.399,0.22,0.693
P0123,Team_E,Striker,47,8.6,7.4,3.7,31.0,34,12,2.08,1,3,0,0.464,0.338,0.67
P0124,Team_B,Midfielder,28,9.6,0.0,4.6,18.4,30,10,0.5,0,4,0,0.446,0.401,0.647
P0125,Team_I,Guard,44,5.5,0.0,11.5,32.7,31,0,1.1,0,4,0,0.306,0.356,0.79
P0126,Team_C,Guard,36,13.4,5.0,11.2,21.4,21,6,2.05,1,3,1,0.595,0.231,0.95
P0127,Team_I,Striker,67,25.8,7.3,8.7,26.7,27,16,15.21,0,5,1,0.403,0.357,0.786
P0128,Team_I,Forward,58,5.0,5.8,9.0,13.2,33,8,0.5,0,4,0,0.515,0.392,0.678
P0129,Team_I,Striker,41,11.7,0.0,4.6,27.7,32,6,6.88,0,5,1,0.471,0.337,0.773
P0130,Team_B,Guard,66,3.4,3.9,7.4,12.9,37,4,2.63,0,3,1,0.321,0.449,0.751
P0131,Team_H,Midfielder,51,12.9,0.0,1.4,21.0,32,0,3.67,0,5,0,0.524,0.404,0.95
P0132,Team_C,Center,40,0.0,5.4,2.0,25.7,23,4,2.59,0,6,1,0.43,0.215,0.857
P0133,Team_G,Defender,43,28.1,0.0,0.3,27.4,33,0,0.93,0,10,0,0.577,0.329,0.821
P0134,Team_F,Forward,16,9.6,5.9,7.7,23.7,27,17,4.48,0,7,0,0.483,0.46,0.875
P0135,Team_A,Defender,54,10.0,7.2,2.0,31.6,30,2,1.06,0,10,1,0.497,0.323,0.635
P0136,Team_I,Center,59,22.6,4.9,8.2,21.7,36,14,1.97,0,4,1,0.379,0.386,0.825
P0137,Team_K,Midfielder,49,7.3,1.6,11.4,6.4,28,1,5.32,0,2,1,0.351,0.331,0.806
P0138,Team_A,Forward,53,7.6,1.8,0.0,23.6,21,12,6.41,0,3,0,0.523,0.314,0.852
P0139,Team_K,Guard,66,13.3,3.1,0.0,35.0,24,10,2.32,0,4,0,0.391,0.243,0.876
P0140,Team_J,Center,34,19.8,7.5,8.5,15.8,29,14,3.58,0,2,1,0.441,0.467,0.75
P0141,Team_L,Defender,28,24.6,0.1,0.0,32.0,24,12,2.84,0,8,0,0.584,0.274,0.928
P0142,Team_G,Forward,14,9.0,5.2,5.7,27.7,31,6,0.62,0,7,1,0.362,0.354,0.537
P0143,Team_D,Center,23,8.7,2.8,7.8,20.8,37,10,5.06,1,5,0,0.485,0.322,0.71
P0144,Team_C,Forward,71,17.9,4.2,9.7,7.6,30,13,0.5,0,6,0,0.48,0.39,0.903
P0145,Team_I,Forward,38,7.5,10.3,7.9,20.0,24,12,3.28,0,5,0,0.493,0.409,0.812
P0146,Team_B,Forward,56,15.3,5.3,4.1,35.3,35,1,0.86,0,4,0,0.436,0.407,0.694
P0147,Team_D,Defender,47,6.1,9.6,4.2,15.2,34,3,0.5,1,2,0,0.303,0.437,0.81
P0148,Team_F,Striker,64,11.5,3.9,5.9,9.3,21,5,5.39,1,5,0,0.423,0.387,0.753
P0149,Team_K,Center,10,13.8,6.4,6.4,34.2,22,2,0.59,0,6,1,0.305,0.327,0.576
P0150,Team_K,Striker,71,18.4,8.4,4.8,7.1,36,17,2.41,0,7,1,0.481,0.371,0.724
P0151,Team_C,Center,60,10.0,0.0,9.3,31.0,25,15,1.97,0,6,0,0.398,0.332,0.784
P0152,Team_B,Guard,44,20.5,13.0,12.2,27.0,32,16,1.99,0,0,0,0.37,0.329,0.769
P0153,Team_B,Forward,16,5.3,3.5,0.0,23.1,37,13,0.5,0,2,0,0.583,0.438,0.95
P0154,Team_J,Forward,13,14.1,4.1,7.9,8.6,37,4,1.19,0,3,0,0.439,0.283,0.72
P0155,Team_F,Defender,18,18.2,0.0,5.6,13.0,35,14,1.29,1,3,0,0.477,0.257,0.818
P0156,Team_B,Guard,17,1.3,0.2,4.0,23.7,34,14,0.5,0,6,0,0.411,0.323,0.761
P0157,Team_E,Forward,76,17.1,6.3,7.8,44.1,27,7,8.56,0,3,0,0.494,0.314,0.691
P0158,Team_I,Forward,36,17.5,7.2,10.0,13.9,31,4,0.56,0,8,1,0.541,0.359,0.728
P0159,Team_F,Midfielder,10,10.8,6.5,6.6,34.2,34,8,1.53,0,4,1,0.537,0.27,0.667
P0160,Team_D,Guard,79,11.8,5.0,11.3,24.0,25,17,1.35,1,3,1,0.503,0.343,0.866
P0161,Team_C,Forward,77,16.1,1.6,10.6,20.6,20,17,1.65,0,6,0,0.65,0.372,0.798
P0162,Team_B,Midfielder,69,5.1,3.6,7.7,25.3,25,4,1.51,0,4,0,0.554,0.24,0.809
P0163,Team_D,Striker,73,0.0,0.0,14.5,31.2,26,14,0.98,1,2,0,0.455,0.36,0.853
P0164,Team_L,Striker,21,26.2,4.2,5.2,23.0,33,4,9.18,0,5,1,0.45,0.318,0.654
P0165,Team_K,Forward,19,0.0,0.0,6.7,33.6,35,0,1.61,0,3,0,0.504,0.41,0.817
P0166,Team_A,Center,25,10.2,3.8,0.0,7.1,35,1,9.49,0,11,1,0.461,0.315,0.66
P0167,Team_L,Center,60,10.7,5.1,2.7,31.7,35,17,2.73,1,5,0,0.382,0.346,0.95
P0168,Team_G,Center,71,1.6,2.8,1.9,22.6,33,7,3.64,0,6,0,0.65,0.324,0.877
P0169,Team_K,Midfielder,20,12.7,2.7,5.6,9.6,30,5,0.52,0,9,0,0.562,0.306,0.753
P0170,Team_L,Midfielder,48,15.4,1.6,7.6,15.3,33,15,2.72,0,5,0,0.526,0.37,0.913
P0171,Team_E,Defender,33,6.4,1.9,11.1,5.0,21,14,0.81,0,8,0,0.3,0.329,0.659
P0172,Team_L,Guard,71,23.1,1.5,9.7,37.7,37,3,0.87,1,7,1,0.468,0.414,0.853
P0173,Team_J,Center,10,5.4,0.0,2.8,17.2,24,4,4.87,0,3,0,0.571,0.279,0.85
P0174,Team_I,Midfielder,34,8.0,4.4,5.9,5.0,23,15,1.88,0,2,0,0.42,0.402,0.643
P0175,Team_B,Center,28,30.1,5.3,3.1,18.0,27,6,1.91,1,6,0,0.529,0.351,0.746
P0176,Team_K,Striker,12,9.5,0.4,5.6,46.0,23,2,0.59,0,6,0,0.447,0.261,0.731
P0177,Team_F,Midfielder,30,20.3,0.0,10.2,13.8,34,12,0.5,0,5,0,0.378,0.356,0.53
P0178,Team_B,Defender,16,5.4,5.0,2.8,30.2,22,6,1.26,1,6,1,0.43,0.269,0.718
P0179,Team_D,Defender,35,25.3,0.0,3.3,22.7,33,5,1.93,0,5,0,0.464,0.329,0.864
P0180,Team_D,Guard,34,13.3,4.1,4.1,19.5,24,6,0.5,1,8,1,0.455,0.294,0.663
P0181,Team_C,Center,13,20.7,6.0,0.0,29.3,35,9,0.59,0,5,0,0.304,0.352,0.626
P0182,Team_K,Striker,56,16.3,0.0,5.3,9.0,21,10,2.69,0,7,0,0.412,0.5,0.95
P0183,Team_B,Defender,20,11.4,0.0,8.3,23.9,35,3,1.89,0,9,0,0.433,0.271,0.794
P0184,Team_K,Forward,13,21.5,0.1,1.3,10.4,32,9,0.5,0,6,0,0.444,0.271,0.78
P0185,Team_I,Striker,30,7.6,0.1,4.5,21.4,34,10,3.55,0,4,0,0.364,0.4,0.698
P0186,Team_K,Defender,41,20.9,4.2,4.6,30.4,36,7,1.03,0,7,0,0.548,0.338,0.664
P0187,Team_L,Forward,47,7.9,2.9,6.1,10.2,37,17,0.5,1,2,1,0.491,0.292,0.757
P0188,Team_L,Midfielder,75,9.3,0.0,3.9,23.0,28,11,3.41,0,6,0,0.563,0.278,0.684
P0189,Team_F,Forward,57,4.0,0.0,8.0,17.3,20,15,1.94,0,3,0,0.428,0.401,0.837
P0190,Team_K,Center,74,0.4,2.0,6.8,29.3,37,15,1.66,1,2,0,0.385,0.405,0.617
P0191,Team_H,Midfielder,34,13.2,5.9,5.9,42.9,21,2,2.02,0,4,0,0.48,0.306,0.705
P0192,Team_J,Defender,62,18.4,0.0,4.1,39.5,27,8,0.66,0,4,0,0.3,0.324,0.739
P0193,Team_K,Midfielder,54,4.5,0.0,6.3,8.0,33,0,2.08,1,8,0,0.422,0.258,0.874
P0194,Team_I,Forward,23,25.8,0.0,0.0,37.6,29,7,1.11,0,7,0,0.491,0.37,0.737
P0195,Team_J,Striker,52,20.1,7.3,5.8,37.6,26,7,2.9,0,2,1,0.3,0.266,0.784
P0196,Team_D,Guard,21,13.3,10.1,10.2,36.2,21,17,1.58,0,7,0,0.3,0.401,0.917
P0197,Team_I,Forward,71,18.3,2.8,1.8,27.8,36,3,0.57,1,5,0,0.445,0.334,0.711
P0198,Team_B,Striker,35,3.6,5.9,3.5,25.3,31,0,1.31,1,3,1,0.61,0.342,0.792
P0199,Team_B,Striker,75,7.2,5.8,4.5,33.4,21,4,2.9,0,2,1,0.496,0.352,0.945
P0200,Team_C,Center,75,20.1,3.9,2.4,6.8,30,8,1.53,1,5,1,0.563,0.348,0.617
P0201,Team_K,Midfielder,53,4.5,6.2,5.5,22.2,28,13,0.5,0,3,1,0.581,0.354,0.542
P0202,Team_F,Guard,74,3.2,4.5,12.3,20.0,33,1,5.11,0,7,0,0.449,0.294,0.72
P0203,Team_E,Midfielder,74,17.7,4.1,5.3,25.9,32,17,0.75,0,6,0,0.436,0.355,0.95
P0204,Team_D,Guard,59,9.8,9.5,4.3,36.8,35,11,6.55,0,6,0,0.401,0.279,0.573
P0205,Team_I,Striker,63,18.7,12.4,1.6,27.5,30,8,3.6,0,10,0,0.601,0.349,0.661
P0206,Team_A,Midfielder,74,18.7,0.7,4.0,35.5,27,8,3.95,0,10,0,0.605,0.338,0.794
P0207,Team_L,Midfielder,51,4.9,11.5,7.0,23.1,37,14,0.9,0,6,0,0.387,0.281,0.591
P0208,Team_C,Guard,51,16.1,7.4,5.2,31.0,30,8,10.28,0,6,0,0.394,0.339,0.72
P0209,Team_G,Center,64,12.0,1.8,5.3,21.9,28,3,1.96,0,6,1,0.397,0.257,0.8
P0210,Team_E,Guard,76,12.9,4.6,0.0,20.5,25,14,2.51,0,5,0,0.3,0.356,0.858
P0211,Team_B,Guard,75,12.2,0.0,3.6,14.2,23,10,6.98,0,4,1,0.597,0.326,0.91
P0212,Team_C,Defender,76,23.8,5.0,1.9,36.8,28,1,5.27,0,2,0,0.412,0.396,0.635
P0213,Team_A,Midfielder,15,1.6,5.4,3.3,18.1,24,10,5.36,1,5,0,0.445,0.3,0.726
P0214,Team_J,Defender,38,9.3,3.5,12.0,15.0,36,2,2.91,0,3,0,0.485,0.327,0.77
P0215,Team_K,Guard,43,23.0,9.2,3.7,31.5,21,11,6.93,0,3,1,0.377,0.324,0.703
P0216,Team_C,Forward,13,20.6,4.9,9.8,26.4,26,1,0.5,1,5,0,0.529,0.37,0.727
P0217,Team_I,Striker,23,11.1,0.0,0.9,37.8,29,7,0.5,0,8,1,0.376,0.337,0.95
P0218,Team_K,Center,74,0.8,5.6,7.6,40.4,32,10,6.11,0,4,1,0.537,0.411,0.649
P0219,Team_F,Guard,30,5.2,5.3,9.1,19.5,33,17,16.22,0,7,0,0.382,0.349,0.88
P0220,Team_B,Defender,11,14.2,8.1,6.5,13.1,27,17,7.0,0,2,0,0.538,0.428,0.718
P0221,Team_L,Midfielder,62,0.0,8.9,4.9,33.8,36,8,6.33,0,6,0,0.439,0.368,0.839
P0222,Team_H,Striker,53,0.0,1.8,0.9,13.2,30,13,1.7,0,3,0,0.516,0.364,0.829
P0223,Team_H,Forward,18,0.4,6.3,8.6,33.1,37,2,1.2,0,3,0,0.419,0.329,0.614
P0224,Team_J,Forward,67,19.9,4.4,3.4,43.3,20,10,1.22,0,4,1,0.48,0.239,0.56
P0225,Team_B,Defender,19,0.0,0.8,5.6,30.9,20,12,0.72,1,8,0,0.406,0.271,0.797
P0226,Team_G,Guard,49,28.1,6.3,10.9,16.5,20,3,8.04,0,1,0,0.518,0.393,0.833
P0227,Team_L,Guard,38,10.7,2.6,0.0,31.7,27,7,0.56,0,3,1,0.481,0.296,0.919
P0228,Team_L,Center,33,19.0,0.0,11.1,26.1,26,0,1.12,0,7,0,0.328,0.326,0.865
P0229,Team_L,Striker,33,12.9,3.4,5.2,16.8,31,15,0.5,1,7,0,0.437,0.33,0.723
P0230,Team_L,Defender,13,3.7,0.0,3.4,30.3,32,6,1.35,1,5,0,0.4,0.263,0.722
P0231,Team_B,Center,30,5.5,8.3,0.5,34.2,21,3,1.42,0,2,1,0.393,0.291,0.95
P0232,Team_J,Center,43,17.9,0.6,2.8,32.1,37,0,3.14,0,1,0,0.389,0.4,0.623
P0233,Team_J,Striker,57,4.8,0.9,6.3,20.1,28,2,8.73,0,3,0,0.575,0.356,0.653
P0234,Team_A,Forward,49,16.4,1.2,7.9,46.4,33,17,0.5,0,6,0,0.517,0.299,0.793
P0235,Team_J,Striker,29,9.8,5.8,3.2,26.0,37,1,2.44,0,6,1,0.517,0.344,0.786
P0236,Team_L,Striker,53,27.2,2.4,12.4,24.6,32,2,2.93,0,2,0,0.56,0.346,0.79
P0237,Team_B,Midfielder,45,17.4,0.2,6.6,15.6,24,6,6.52,0,5,1,0.3,0.268,0.643
P0238,Team_K,Defender,10,11.5,5.9,8.6,12.6,33,5,2.11,0,7,1,0.3,0.386,0.751
P0239,Team_K,Forward,76,9.4,6.8,8.0,15.0,32,4,2.13,0,12,0,0.437,0.332,0.847
P0240,Team_F,Center,39,11.0,7.0,5.3,10.2,23,13,10.76,0,5,0,0.307,0.349,0.874
P0241,Team_H,Midfielder,30,0.3,1.3,9.1,24.6,24,7,0.77,0,5,0,0.482,0.311,0.707
P0242,Team_G,Forward,57,13.7,2.0,5.9,26.2,29,4,1.52,1,2,0,0.452,0.426,0.785
P0243,Team_A,Forward,33,0.0,6.2,2.9,25.1,30,13,1.88,0,6,0,0.516,0.392,0.628
P0244,Team_H,Guard,53,15.6,4.0,3.3,24.1,24,16,6.32,1,6,0,0.398,0.43,0.648
P0245,Team_K,Center,22,23.8,3.7,9.6,12.5,24,6,6.65,1,7,0,0.58,0.275,0.774
P0246,Team_C,Forward,64,5.1,1.4,2.2,35.7,36,1,0.5,0,4,0,0.501,0.351,0.678
P0247,Team_C,Striker,68,17.3,7.7,2.5,31.0,24,11,6.13,0,8,0,0.474,0.33,0.853
P0248,Team_B,Center,74,11.6,4.4,6.6,5.5,34,4,4.48,1,10,0,0.447,0.34,0.72
P0249,Team_B,Midfielder,75,16.2,0.4,2.8,10.3,31,15,1.36,0,5,0,0.447,0.305,0.715
P0250,Team_K,Center,14,8.6,2.0,9.4,31.5,36,8,19.81,0,6,1,0.416,0.424,0.702
P0251,Team_C,Midfielder,12,17.3,9.5,7.1,19.4,28,8,7.73,1,9,1,0.404,0.371,0.835
P0252,Team_J,Forward,71,22.5,4.2,0.0,26.5,36,17,0.5,0,4,0,0.549,0.5,0.764
P0253,Team_F,Guard,42,6.4,5.8,11.1,34.3,27,4,0.5,0,4,0,0.525,0.445,0.787
P0254,Team_C,Center,14,14.7,3.5,7.5,35.5,37,9,4.43,0,2,0,0.579,0.321,0.746
P0255,Team_B,Striker,68,15.0,8.6,4.7,29.5,29,8,0.54,0,6,0,0.338,0.374,0.832
P0256,Team_E,Forward,37,4.8,2.4,4.1,32.7,30,15,2.34,0,3,0,0.505,0.309,0.95
P0257,Team_D,Center,77,10.0,0.7,5.7,31.9,33,7,2.56,0,3,1,0.388,0.365,0.71
P0258,Team_K,Striker,63,23.4,2.5,4.2,33.1,35,9,5.64,0,6,0,0.528,0.348,0.742
P0259,Team_K,Midfielder,69,6.7,1.4,4.7,17.6,21,1,2.79,0,6,0,0.389,0.453,0.797
P0260,Team_H,Defender,17,17.3,8.3,4.9,7.2,20,5,1.62,1,7,1,0.374,0.288,0.745
P0261,Team_J,Striker,72,11.4,2.6,8.3,38.9,25,6,1.91,0,1,1,0.516,0.299,0.837
P0262,Team_F,Midfielder,78,13.6,3.0,8.4,25.1,34,5,0.69,0,6,0,0.498,0.359,0.677
P0263,Team_G,Center,22,11.6,0.6,6.8,11.9,26,6,0.5,1,3,1,0.599,0.309,0.793
P0264,Team_L,Midfielder,28,13.3,3.5,5.2,5.0,30,11,0.88,0,4,0,0.469,0.353,0.793
P0265,Team_J,Striker,60,0.0,3.4,6.3,9.9,22,8,0.5,0,4,0,0.3,0.34,0.727
P0266,Team_A,Center,75,10.6,4.0,5.1,35.7,27,6,2.46,0,1,0,0.457,0.344,0.555
P0267,Team_H,Defender,57,13.8,1.6,1.7,23.2,24,14,2.21,1,7,1,0.391,0.415,0.674
P0268,Team_E,Guard,38,3.0,5.3,5.1,42.2,31,16,4.89,1,7,0,0.477,0.301,0.804
P0269,Team_K,Center,14,11.5,2.0,7.1,18.3,20,17,4.11,0,2,1,0.453,0.388,0.724
P0270,Team_A,Striker,41,12.3,4.2,9.5,22.7,22,14,3.68,0,3,0,0.385,0.281,0.766
P0271,Team_B,Center,62,6.0,0.0,1.1,6.9,23,5,1.74,0,5,0,0.407,0.379,0.657
P0272,Team_B,Striker,43,33.5,4.7,11.0,23.2,21,17,0.5,0,8,0,0.514,0.367,0.94
P0273,Team_E,Midfielder,38,6.8,6.4,4.8,32.5,37,7,0.61,0,5,1,0.418,0.404,0.596
P0274,Team_A,Defender,66,20.0,3.8,9.8,45.5,37,0,3.28,0,6,0,0.386,0.28,0.797
P0275,Team_K,Striker,41,8.1,0.9,8.8,5.0,20,10,2.44,0,6,0,0.472,0.341,0.573
P0276,Team_F,Defender,30,20.6,0.0,7.8,29.6,34,11,2.93,1,10,1,0.4,0.26,0.582
P0277,Team_I,Midfielder,31,19.0,6.7,4.2,21.7,36,3,3.58,0,4,1,0.44,0.417,0.717
P0278,Team_B,Center,57,1.5,4.8,4.1,10.8,23,17,1.73,1,1,0,0.448,0.301,0.674
P0279,Team_I,Defender,42,9.3,0.0,1.5,38.9,35,7,3.65,1,3,0,0.491,0.409,0.581
P0280,Team_A,Guard,61,13.4,8.1,2.4,24.4,34,11,0.5,1,6,0,0.342,0.314,0.697
P0281,Team_J,Defender,55,3.8,2.6,4.9,15.8,26,13,5.16,0,6,0,0.444,0.418,0.95
P0282,Team_F,Striker,41,16.9,5.3,3.1,22.2,26,13,0.5,1,4,0,0.384,0.354,0.845
P0283,Team_H,Forward,71,16.5,1.7,7.2,13.1,32,1,2.97,1,4,0,0.386,0.404,0.869
P0284,Team_G,Guard,57,17.5,6.9,5.8,22.0,30,5,3.6,0,4,0,0.353,0.341,0.717
P0285,Team_E,Defender,69,17.7,2.9,6.7,9.3,29,13,6.59,0,4,0,0.37,0.249,0.729
P0286,Team_C,Striker,25,8.0,0.8,4.7,24.4,35,16,4.04,0,5,1,0.464,0.389,0.851
P0287,Team_K,Forward,60,12.7,0.0,5.8,40.2,20,0,0.5,1,4,0,0.481,0.253,0.818
P0288,Team_B,Midfielder,10,27.6,5.6,4.1,18.3,24,11,1.14,0,5,0,0.529,0.309,0.699
P0289,Team_B,Guard,16,25.4,6.1,6.8,36.4,27,15,0.7,0,3,1,0.566,0.379,0.746
P0290,Team_B,Forward,11,5.1,0.0,2.6,19.6,30,14,2.46,0,4,1,0.436,0.238,0.691
P0291,Team_L,Midfielder,43,23.5,10.7,1.1,29.4,21,17,2.03,0,4,1,0.353,0.357,0.635
P0292,Team_J,Center,61,23.3,7.7,9.1,23.7,22,7,0.5,0,5,0,0.587,0.356,0.638
P0293,Team_C,Center,24,15.6,3.8,0.1,23.9,29,13,0.56,0,7,0,0.485,0.364,0.822
P0294,Team_B,Center,69,8.7,3.3,2.9,35.3,23,9,1.31,0,10,0,0.532,0.404,0.792
P0295,Team_E,Midfielder,66,12.0,2.4,11.3,45.4,37,9,2.14,0,5,0,0.427,0.369,0.817
P0296,Team_D,Forward,16,5.2,11.4,1.6,5.0,20,15,2.26,0,4,0,0.629,0.404,0.68
P0297,Team_A,Midfielder,32,18.0,1.2,7.3,11.0,24,14,1.41,1,4,0,0.3,0.362,0.79
P0298,Team_B,Defender,18,7.7,0.0,0.0,5.0,36,1,2.69,1,4,1,0.497,0.337,0.764
P0299,Team_F,Midfielder,46,22.5,6.9,3.8,19.2,25,17,6.73,0,1,0,0.482,0.349,0.78
P0300,Team_L,Forward,20,9.4,1.3,8.5,18.5,35,3,0.5,0,1,1,0.458,0.401,0.765
P0301,Team_H,Guard,43,11.0,0.0,14.2,16.2,22,13,2.09,0,9,0,0.492,0.403,0.732
P0302,Team_I,Defender,42,23.2,5.8,0.0,20.0,30,2,1.12,0,0,1,0.414,0.259,0.7
P0303,Team_E,Striker,10,8.7,3.2,8.8,26.1,29,9,2.7,0,3,1,0.379,0.299,0.813
P0304,Team_B,Defender,44,19.1,2.3,2.1,12.3,32,15,4.89,0,3,0,0.378,0.263,0.597
P0305,Team_C,Striker,40,5.3,6.0,1.2,48.0,24,2,5.54,0,4,1,0.523,0.385,0.788
P0306,Team_J,Midfielder,16,9.6,5.4,5.8,21.6,22,9,6.11,0,8,0,0.47,0.348,0.698
P0307,Team_I,Striker,24,25.7,0.0,3.7,30.5,35,0,2.13,0,5,0,0.421,0.448,0.725
P0308,Team_G,Midfielder,25,16.5,5.3,3.7,27.2,36,17,2.1,0,3,0,0.386,0.451,0.669
P0309,Team_D,Center,10,0.9,5.4,6.4,30.7,37,6,0.5,0,10,1,0.392,0.307,0.538
P0310,Team_I,Guard,62,6.8,1.3,3.7,29.2,27,10,3.54,1,5,0,0.546,0.379,0.663
P0311,Team_A,Guard,32,1.2,3.2,5.8,19.3,33,5,1.38,1,7,0,0.513,0.35,0.665
P0312,Team_J,Center,25,4.7,6.3,7.6,34.0,29,8,4.09,0,7,1,0.477,0.272,0.661
P0313,Team_B,Guard,36,15.7,2.4,7.4,36.8,36,1,3.52,0,5,0,0.645,0.263,0.795
P0314,Team_K,Forward,57,17.6,3.7,10.3,29.5,33,10,0.5,0,5,0,0.564,0.427,0.725
P0315,Team_I,Forward,10,3.1,6.5,6.7,17.7,32,9,5.21,0,5,0,0.551,0.474,0.683
P0316,Team_K,Defender,47,14.6,3.4,0.0,22.9,24,7,2.81,1,4,0,0.3,0.377,0.698
P0317,Team_L,Striker,44,9.1,7.1,8.3,10.5,27,8,1.68,0,3,0,0.416,0.448,0.689
P0318,Team_F,Forward,36,9.3,0.3,9.6,8.8,35,2,0.5,1,3,0,0.486,0.301,0.685
P0319,Team_A,Center,80,9.3,3.1,9.2,12.9,25,17,1.83,0,5,1,0.573,0.435,0.743
P0320,Team_I,Center,56,10.8,1.5,12.6,26.8,26,17,1.34,0,3,0,0.3,0.35,0.786
P0321,Team_G,Striker,49,0.0,5.4,0.4,27.1,20,8,0.79,0,5,0,0.398,0.387,0.785
P0322,Team_I,Center,36,15.4,5.8,5.0,22.8,36,11,2.33,1,2,0,0.381,0.348,0.693
P0323,Team_A,Striker,17,20.6,9.4,2.8,27.4,37,12,1.03,0,8,0,0.468,0.413,0.846
P0324,Team_K,Striker,21,6.8,3.0,6.7,22.5,35,9,8.8,0,3,1,0.444,0.348,0.577
P0325,Team_A,Forward,49,10.4,5.3,8.6,21.3,24,13,1.29,0,2,0,0.461,0.336,0.82
P0326,Team_H,Center,60,36.1,0.0,5.1,18.5,20,4,2.21,1,4,0,0.349,0.372,0.835
P0327,Team_I,Defender,49,6.1,6.7,13.3,35.9,32,1,0.5,1,1,1,0.544,0.291,0.778
P0328,Team_K,Center,54,0.0,5.3,7.6,27.7,32,0,0.5,0,10,0,0.565,0.408,0.746
P0329,Team_A,Forward,52,12.7,3.1,1.2,20.4,30,1,3.64,0,6,0,0.362,0.311,0.7
P0330,Team_D,Defender,61,13.7,7.7,9.9,8.3,27,5,1.06,0,4,0,0.539,0.429,0.623
P0331,Team_I,Midfielder,17,8.1,4.3,7.7,20.1,36,15,1.66,0,4,0,0.46,0.386,0.631
P0332,Team_L,Center,73,7.7,0.8,0.1,41.1,28,16,0.58,0,10,0,0.434,0.415,0.782
P0333,Team_H,Striker,35,22.9,1.4,6.9,43.0,34,13,2.93,1,3,0,0.445,0.406,0.683
P0334,Team_A,Striker,26,16.2,0.0,3.0,22.5,29,2,0.5,0,6,0,0.408,0.487,0.713
P0335,Team_L,Forward,20,10.2,1.5,1.2,23.1,34,1,1.6,0,4,0,0.471,0.33,0.62
P0336,Team_E,Forward,65,8.0,3.2,11.6,21.0,36,3,1.35,1,6,0,0.379,0.36,0.872
P0337,Team_H,Guard,13,7.1,2.4,0.0,23.3,31,16,4.99,0,6,1,0.427,0.315,0.811
P0338,Team_I,Guard,16,0.0,6.7,2.2,31.3,24,0,2.49,0,9,1,0.548,0.332,0.833
P0339,Team_J,Midfielder,40,10.2,6.8,4.3,10.7,31,3,4.06,0,9,0,0.438,0.344,0.593
P0340,Team_B,Center,76,10.3,0.3,2.0,22.8,23,12,3.67,0,8,0,0.396,0.273,0.786
P0341,Team_I,Forward,25,8.0,0.6,6.9,39.5,30,8,3.3,0,9,0,0.424,0.315,0.716
P0342,Team_I,Defender,37,11.3,5.8,1.9,36.9,34,11,0.5,0,1,0,0.306,0.346,0.733
P0343,Team_A,Forward,28,21.8,5.3,5.1,37.3,21,11,2.05,0,8,0,0.436,0.438,0.803
P0344,Team_H,Midfielder,43,5.2,0.4,6.2,24.7,31,3,6.62,0,2,1,0.509,0.368,0.502
P0345,Team_A,Center,73,15.2,3.9,3.0,5.0,37,7,1.19,0,4,0,0.3,0.313,0.908
P0346,Team_F,Defender,45,10.6,3.8,6.3,13.5,24,0,2.27,1,4,1,0.492,0.413,0.928
P0347,Team_E,Defender,61,22.1,5.6,6.3,33.7,27,2,2.2,1,3,0,0.498,0.354,0.85
P0348,Team_J,Striker,19,0.0,7.4,4.2,48.0,21,2,1.42,0,4,0,0.527,0.284,0.86
P0349,Team_E,Forward,67,17.4,6.1,7.1,28.6,33,2,2.06,1,8,0,0.491,0.332,0.739
P0350,Team_D,Striker,67,17.3,2.7,7.1,23.0,36,10,3.03,0,5,0,0.461,0.295,0.876
P0351,Team_J,Guard,68,22.4,2.3,5.2,31.7,30,7,0.63,1,7,1,0.507,0.355,0.736
P0352,Team_I,Midfielder,34,15.4,2.6,5.5,19.2,27,9,4.75,1,5,1,0.446,0.354,0.77
P0353,Team_F,Striker,59,19.4,3.4,7.9,40.0,34,10,0.96,0,1,0,0.481,0.469,0.738
P0354,Team_H,Guard,77,8.4,9.1,4.4,39.7,26,10,4.37,0,6,0,0.431,0.273,0.69
P0355,Team_A,Forward,20,14.8,5.7,8.3,17.7,31,15,0.5,1,4,0,0.592,0.486,0.793
P0356,Team_C,Defender,24,18.4,4.2,4.6,27.3,37,10,1.62,1,4,1,0.546,0.325,0.679
P0357,Team_E,Defender,12,0.0,3.7,3.7,5.0,36,16,0.51,1,4,1,0.402,0.396,0.572
P0358,Team_J,Midfielder,47,12.2,4.8,7.0,20.9,20,7,0.81,0,12,1,0.49,0.353,0.582
P0359,Team_J,Midfielder,27,12.3,0.6,1.8,48.0,32,8,0.65,0,4,1,0.56,0.33,0.913
P0360,Team_C,Center,12,14.4,2.7,7.9,20.8,28,4,3.88,1,3,0,0.408,0.401,0.873
P0361,Team_C,Midfielder,13,25.8,3.7,10.1,35.1,30,16,0.5,1,12,0,0.32,0.351,0.84
P0362,Team_L,Forward,25,10.5,1.5,8.0,11.5,29,9,0.5,1,8,1,0.494,0.343,0.561
P0363,Team_A,Guard,27,15.9,8.9,0.8,26.2,23,6,0.5,1,7,0,0.315,0.411,0.79
P0364,Team_H,Guard,60,7.7,2.8,9.4,18.1,37,16,0.74,1,4,0,0.471,0.401,0.821
P0365,Team_L,Midfielder,75,15.0,0.0,1.6,22.9,31,3,2.67,0,2,1,0.432,0.275,0.696
P0366,Team_K,Forward,38,5.8,3.3,1.9,17.1,23,17,0.5,0,6,0,0.545,0.31,0.825
P0367,Team_L,Striker,68,2.7,1.9,7.6,24.5,31,6,2.32,0,6,1,0.462,0.377,0.596
P0368,Team_I,Defender,46,3.7,0.0,8.0,37.0,22,3,3.0,1,8,0,0.591,0.374,0.686
P0369,Team_F,Guard,22,7.3,7.3,0.6,36.3,25,13,9.27,0,3,0,0.463,0.5,0.921
P0370,Team_J,Striker,73,9.6,4.0,11.4,25.2,25,0,0.5,0,3,0,0.444,0.371,0.776
P0371,Team_I,Defender,29,11.0,2.5,9.8,9.5,24,3,1.68,0,6,0,0.459,0.398,0.697
P0372,Team_C,Defender,33,23.6,5.3,2.7,15.2,29,12,0.5,1,4,0,0.399,0.361,0.857
P0373,Team_B,Midfielder,57,19.3,2.1,5.9,34.6,23,3,0.62,0,10,0,0.487,0.326,0.834
P0374,Team_A,Midfielder,66,8.6,2.5,6.8,37.6,22,5,12.28,1,4,0,0.421,0.306,0.726
P0375,Team_F,Defender,59,21.6,1.9,9.7,19.6,20,10,4.39,0,5,0,0.388,0.356,0.829
P0376,Team_L,Midfielder,41,15.0,5.6,6.4,19.8,33,14,1.16,1,3,0,0.464,0.448,0.58
P0377,Team_H,Guard,73,1.2,4.9,0.7,26.6,29,1,7.03,0,3,1,0.387,0.5,0.702
P0378,Team_D,Guard,75,9.9,7.2,3.8,43.7,22,8,0.54,0,9,0,0.49,0.36,0.794
P0379,Team_F,Center,55,11.1,3.6,5.4,35.0,37,6,2.19,1,4,0,0.441,0.439,0.817
P0380,Team_F,Striker,27,20.4,5.0,7.4,28.5,32,0,3.01,0,4,1,0.483,0.279,0.712
P0381,Team_C,Defender,27,0.0,1.4,2.9,20.1,32,9,0.5,0,5,1,0.446,0.331,0.653
P0382,Team_H,Center,10,17.7,8.3,6.4,35.0,30,10,2.71,0,3,0,0.5,0.326,0.83
P0383,Team_J,Center,10,17.8,4.1,11.8,41.1,24,12,5.72,0,2,0,0.369,0.344,0.655
P0384,Team_K,Defender,55,0.4,7.4,4.1,21.1,23,2,4.3,1,5,0,0.575,0.311,0.926
P0385,Team_K,Striker,33,5.0,5.4,3.7,25.3,34,15,3.77,0,12,1,0.5,0.356,0.771
P0386,Team_C,Guard,31,18.6,0.9,8.1,25.6,28,2,1.89,0,7,0,0.499,0.274,0.711
P0387,Team_A,Forward,19,14.8,4.8,0.0,24.8,34,9,0.5,0,5,0,0.545,0.356,0.691
P0388,Team_J,Striker,15,21.5,1.9,0.9,14.1,37,14,1.13,0,3,1,0.485,0.388,0.888
P0389,Team_E,Center,19,9.3,0.9,7.7,29.8,25,9,0.94,0,5,1,0.336,0.3,0.748
P0390,Team_F,Defender,58,15.1,5.8,8.8,38.5,33,3,2.77,0,5,0,0.552,0.356,0.778
P0391,Team_C,Forward,35,18.4,5.1,4.5,39.1,32,8,0.5,0,3,0,0.395,0.297,0.743
P0392,Team_J,Guard,45,12.9,1.6,11.8,24.0,23,8,1.32,0,4,0,0.452,0.272,0.844
P0393,Team_J,Forward,67,11.3,6.3,6.4,22.6,25,3,2.3,0,5,0,0.513,0.333,0.77
P0394,Team_B,Forward,75,12.6,0.2,5.7,28.4,31,15,1.02,0,4,0,0.392,0.386,0.711
P0395,Team_G,Guard,72,0.7,7.0,7.0,30.3,26,4,3.4,0,5,0,0.501,0.291,0.712
P0396,Team_D,Defender,58,6.1,4.8,5.8,5.0,33,2,0.5,0,6,1,0.503,0.306,0.741
P0397,Team_D,Defender,19,22.7,1.8,6.0,26.6,22,0,16.75,0,7,0,0.5,0.377,0.598
P0398,Team_C,Midfielder,35,17.3,8.1,4.7,14.3,28,14,1.39,0,6,1,0.43,0.297,0.722
P0399,Team_D,Defender,51,9.9,5.7,0.0,30.6,27,12,0.5,0,11,1,0.465,0.321,0.872
P0400,Team_F,Forward,59,6.7,2.6,12.5,26.3,29,1,0.5,1,8,1,0.436,0.334,0.677
P0401,Team_K,Forward,38,21.9,0.0,5.0,21.9,31,0,3.86,0,8,0,0.389,0.372,0.714
P0402,Team_K,Defender,18,7.9,3.6,9.8,37.2,26,3,0.93,1,5,1,0.427,0.325,0.733
P0403,Team_B,Center,76,7.7,3.5,7.3,23.4,33,1,0.88,0,6,1,0.496,0.384,0.692
P0404,Team_D,Defender,61,21.6,0.0,5.2,18.4,34,14,3.22,0,6,0,0.582,0.355,0.833
P0405,Team_L,Midfielder,58,18.4,6.0,10.8,18.9,26,5,2.88,0,4,1,0.466,0.291,0.83
P0406,Team_I,Midfielder,16,7.2,6.5,2.0,30.6,33,11,0.84,0,7,1,0.626,0.299,0.695
P0407,Team_F,Guard,77,11.2,5.7,5.2,18.1,32,0,0.85,0,9,1,0.581,0.237,0.745
P0408,Team_C,Forward,76,0.0,3.3,3.4,32.9,28,12,2.53,1,5,0,0.527,0.351,0.838
P0409,Team_H,Center,27,23.7,2.0,4.8,21.0,24,1,2.81,0,8,1,0.35,0.387,0.72
P0410,Team_B,Center,15,11.7,6.9,6.7,41.1,30,1,8.07,1,1,1,0.319,0.342,0.843
P0411,Team_A,Defender,40,23.9,8.5,8.3,35.1,25,10,0.64,0,3,1,0.467,0.447,0.856
P0412,Team_D,Midfielder,30,0.0,1.8,15.5,37.9,33,1,8.93,0,8,1,0.569,0.405,0.686
P0413,Team_A,Midfielder,77,21.2,0.7,0.1,29.2,27,5,0.85,0,4,1,0.441,0.313,0.677
P0414,Team_L,Forward,35,18.8,4.8,9.6,21.8,25,16,7.01,0,2,0,0.482,0.371,0.896
P0415,Team_E,Forward,17,12.4,1.7,6.1,33.1,34,9,0.5,0,7,0,0.415,0.458,0.76
P0416,Team_F,Midfielder,64,6.8,8.9,2.8,17.8,33,14,2.06,1,2,0,0.321,0.31,0.65
P0417,Team_H,Midfielder,63,13.8,4.1,11.8,20.5,22,16,1.38,0,5,0,0.465,0.307,0.74
P0418,Team_D,Guard,31,19.4,0.0,5.1,31.0,35,9,1.4,0,1,0,0.396,0.422,0.703
P0419,Team_A,Center,26,16.3,6.6,7.6,28.1,24,13,2.26,1,3,0,0.428,0.447,0.95
P0420,Team_L,Striker,81,29.1,8.6,4.1,18.9,36,17,5.52,1,4,0,0.424,0.355,0.553
P0421,Team_H,Striker,27,11.7,3.9,11.4,34.3,37,4,5.36,1,5,0,0.346,0.361,0.708
P0422,Team_L,Guard,75,8.8,1.5,7.4,37.3,21,12,10.75,0,5,1,0.3,0.462,0.812
P0423,Team_I,Center,50,27.9,0.0,2.0,32.5,31,1,1.97,1,6,0,0.337,0.284,0.772
P0424,Team_J,Guard,81,4.6,2.2,3.6,17.2,21,7,5.39,0,4,1,0.468,0.361,0.907
P0425,Team_I,Center,22,2.9,6.7,12.8,18.9,27,5,6.39,0,2,0,0.342,0.276,0.571
P0426,Team_C,Guard,75,5.9,0.0,4.6,35.7,20,1,0.5,0,6,1,0.576,0.368,0.698
P0427,Team_G,Midfielder,65,0.0,1.3,6.5,16.5,25,5,2.3,0,6,0,0.419,0.398,0.775
P0428,Team_G,Forward,30,24.7,1.2,10.5,15.7,29,3,4.44,0,8,1,0.459,0.257,0.748
P0429,Team_L,Guard,21,15.4,3.9,6.4,17.2,36,2,5.63,1,6,0,0.393,0.415,0.788
P0430,Team_E,Forward,22,8.1,1.4,8.0,21.2,31,16,3.87,0,3,0,0.588,0.403,0.638
P0431,Team_J,Defender,44,10.4,4.6,6.1,28.3,33,1,0.5,0,8,0,0.416,0.31,0.591
P0432,Team_I,Forward,67,6.3,2.3,0.0,27.7,33,1,2.17,0,4,0,0.35,0.263,0.636
P0433,Team_C,Center,27,11.4,0.8,8.3,29.2,24,5,3.05,0,5,0,0.328,0.43,0.936
P0434,Team_A,Center,55,20.9,5.6,0.2,23.5,31,13,1.85,0,6,0,0.491,0.366,0.765
P0435,Team_B,Midfielder,41,15.9,0.0,3.4,33.6,28,12,1.07,0,5,0,0.471,0.361,0.63
P0436,Team_D,Forward,26,14.7,0.0,1.9,39.2,31,15,6.31,1,7,0,0.585,0.341,0.831
P0437,Team_K,Midfielder,55,11.4,2.7,11.1,18.0,32,16,2.42,1,4,1,0.507,0.315,0.869
P0438,Team_A,Guard,74,23.8,0.0,2.0,27.2,37,11,7.45,0,4,1,0.395,0.408,0.625
P0439,Team_B,Striker,61,20.9,2.2,6.2,41.6,28,2,1.43,0,5,0,0.401,0.397,0.715
P0440,Team_I,Midfielder,31,11.6,6.4,2.9,47.1,20,3,2.59,0,3,1,0.48,0.378,0.747
P0441,Team_F,Defender,53,15.5,0.0,5.6,22.3,31,9,1.43,1,7,1,0.575,0.349,0.695
P0442,Team_H,Striker,69,9.3,4.4,7.3,14.4,35,3,2.9,0,5,1,0.497,0.363,0.65
P0443,Team_H,Midfielder,31,0.0,3.0,1.0,27.6,35,13,3.33,0,5,0,0.481,0.32,0.868
P0444,Team_L,Guard,52,11.6,11.8,7.4,18.7,23,8,0.67,1,7,0,0.473,0.405,0.838
P0445,Team_I,Defender,35,0.0,0.1,5.5,27.2,20,12,5.18,1,5,1,0.433,0.364,0.64
P0446,Team_H,Forward,27,21.6,4.6,9.6,9.9,24,9,5.34,1,1,0,0.543,0.397,0.701
P0447,Team_F,Center,81,13.0,2.2,7.1,36.5,32,4,0.5,0,6,0,0.3,0.428,0.672
P0448,Team_H,Guard,76,23.1,3.1,9.8,29.3,35,16,3.76,0,6,0,0.389,0.408,0.792
P0449,Team_E,Midfielder,79,7.0,3.1,7.5,11.2,33,5,2.73,0,4,0,0.351,0.374,0.744
P0450,Team_L,Forward,28,16.1,1.2,4.0,37.6,25,16,1.97,0,5,0,0.375,0.322,0.95
P0451,Team_A,Forward,38,2.7,1.0,5.2,30.6,27,4,1.14,1,7,1,0.384,0.335,0.675
P0452,Team_H,Guard,44,18.3,8.0,5.7,35.3,31,5,0.74,1,6,1,0.65,0.286,0.831
P0453,Team_H,Forward,11,6.6,3.4,7.6,17.3,28,4,0.5,0,4,1,0.492,0.338,0.732
P0454,Team_L,Midfielder,17,19.5,9.3,4.8,15.6,37,16,12.79,0,2,0,0.3,0.391,0.878
P0455,Team_A,Center,28,4.0,4.6,10.1,16.8,34,10,2.37,1,5,1,0.575,0.296,0.89
P0456,Team_A,Defender,25,12.2,1.5,9.0,28.5,29,10,2.45,0,8,0,0.515,0.417,0.851
P0457,Team_B,Striker,59,20.3,4.9,0.8,6.2,31,10,9.64,0,2,0,0.43,0.372,0.857
P0458,Team_C,Forward,78,18.5,6.2,6.5,24.0,29,1,4.25,1,4,0,0.466,0.353,0.707
P0459,Team_H,Defender,60,5.1,7.4,15.4,28.4,23,17,0.84,1,2,0,0.354,0.242,0.682
P0460,Team_I,Defender,49,23.2,2.3,8.4,19.0,21,8,10.43,0,2,1,0.357,0.336,0.569
P0461,Team_C,Defender,41,17.2,3.3,1.9,22.8,25,8,5.93,0,3,0,0.423,0.209,0.855
P0462,Team_I,Defender,27,18.6,9.0,6.1,11.5,29,12,1.09,0,4,1,0.415,0.237,0.722
P0463,Team_F,Guard,23,6.7,4.8,0.0,19.4,34,8,0.8,0,7,1,0.386,0.285,0.835
P0464,Team_E,Forward,60,7.1,2.9,9.3,29.4,29,7,1.34,0,5,1,0.538,0.294,0.633
P0465,Team_K,Forward,29,23.3,0.1,5.0,28.3,34,5,0.93,1,4,0,0.377,0.302,0.841
P0466,Team_L,Defender,38,11.9,2.9,8.7,12.7,36,14,1.14,0,5,0,0.378,0.364,0.771
P0467,Team_A,Center,33,17.4,7.9,2.8,28.3,36,6,1.21,1,5,1,0.543,0.451,0.754
P0468,Team_A,Center,75,9.4,3.0,7.6,31.2,20,2,0.5,0,4,0,0.397,0.433,0.658
P0469,Team_J,Midfielder,75,13.5,4.0,7.7,12.4,28,10,3.56,1,9,0,0.402,0.318,0.804
P0470,Team_D,Guard,80,2.2,3.0,5.6,37.3,32,5,1.63,0,3,0,0.498,0.254,0.861
P0471,Team_C,Striker,26,6.2,1.3,7.9,32.9,32,2,0.5,1,8,0,0.539,0.5,0.742
P0472,Team_H,Guard,56,0.3,1.0,9.9,28.0,36,11,0.5,0,6,0,0.415,0.406,0.615
P0473,Team_F,Center,20,12.1,13.3,4.4,5.0,35,5,2.0,0,3,0,0.419,0.297,0.78
P0474,Team_B,Guard,52,11.0,0.2,8.2,29.7,34,0,0.93,1,6,1,0.48,0.282,0.82
P0475,Team_F,Guard,64,17.2,4.8,3.7,25.7,28,4,14.88,0,3,0,0.421,0.394,0.734
P0476,Team_I,Midfielder,23,27.0,0.0,5.0,42.6,29,4,0.5,0,6,1,0.558,0.293,0.729
P0477,Team_J,Center,56,17.2,8.3,8.2,21.2,36,1,3.02,0,6,1,0.454,0.348,0.77
P0478,Team_A,Forward,46,4.9,4.1,7.4,33.3,35,12,5.28,1,5,1,0.437,0.365,0.896
P0479,Team_F,Forward,60,18.5,1.7,8.2,28.4,31,10,2.11,0,0,0,0.342,0.301,0.71
P0480,Team_I,Guard,33,12.9,0.6,0.9,31.0,30,3,1.98,1,6,1,0.513,0.401,0.652
P0481,Team_I,Center,39,5.1,0.0,0.0,42.4,26,17,5.28,0,5,1,0.474,0.4,0.806
P0482,Team_A,Forward,60,9.2,6.9,5.9,17.8,24,14,1.3,0,5,0,0.347,0.348,0.787
P0483,Team_H,Midfielder,69,14.2,3.2,0.0,38.7,35,2,11.42,1,4,1,0.506,0.358,0.78
P0484,Team_F,Striker,30,7.6,1.0,13.8,17.4,30,9,0.5,0,8,1,0.447,0.408,0.592
P0485,Team_E,Guard,15,10.5,7.5,11.1,14.9,36,2,1.77,0,5,1,0.562,0.37,0.816
P0486,Team_H,Midfielder,79,11.1,1.0,5.1,26.5,25,7,0.5,1,6,0,0.445,0.429,0.892
P0487,Team_A,Midfielder,59,22.8,2.4,7.4,24.9,30,0,0.5,0,8,0,0.398,0.299,0.904
P0488,Team_C,Defender,63,0.0,2.6,7.3,31.4,32,5,0.5,0,0,1,0.53,0.313,0.721
P0489,Team_A,Forward,46,10.7,3.0,12.0,32.7,21,8,0.5,0,6,0,0.403,0.385,0.695
P0490,Team_K,Forward,15,8.3,0.0,7.7,34.0,34,13,0.5,0,8,0,0.539,0.341,0.819
P0491,Team_J,Striker,16,10.1,3.2,5.2,32.8,21,4,3.64,0,3,0,0.476,0.437,0.857
P0492,Team_A,Defender,29,20.5,0.1,6.0,13.6,34,5,4.52,0,5,0,0.387,0.363,0.669
P0493,Team_G,Defender,58,16.6,0.9,10.2,25.2,31,6,3.88,1,6,1,0.405,0.484,0.748
P0494,Team_B,Striker,78,25.4,3.8,3.6,13.1,37,4,1.67,0,5,1,0.545,0.441,0.62
P0495,Team_J,Midfielder,23,8.0,1.1,10.8,21.7,24,8,0.54,1,8,0,0.365,0.439,0.553
P0496,Team_A,Defender,74,9.1,1.6,7.3,14.9,30,11,0.5,0,4,0,0.397,0.491,0.95
P0497,Team_D,Defender,53,28.0,7.3,4.1,19.6,32,12,7.53,1,6,0,0.636,0.289,0.854
P0498,Team_D,Guard,41,26.2,4.2,0.2,9.7,27,14,0.5,0,7,0,0.548,0.326,0.769
P0499,Team_K,Guard,24,0.0,3.2,5.2,40.0,26,17,18.65,0,3,0,0.471,0.255,0.613
P0500,Team_J,Center,45,15.2,0.0,3.5,25.1,36,14,4.95,0,4,1,0.392,0.319,0.704
P0501,Team_B,Defender,23,15.2,5.4,7.2,25.9,27,15,5.67,1,7,0,0.44,0.417,0.788
P0502,Team_I,Guard,69,15.4,7.0,4.8,11.6,30,13,0.5,1,12,0,0.48,0.318,0.717
P0503,Team_K,Striker,70,18.6,1.3,5.0,33.1,23,15,1.55,1,5,1,0.45,0.253,0.619
P0504,Team_K,Forward,70,3.5,2.6,8.6,30.5,22,2,1.96,0,5,0,0.425,0.361,0.662
P0505,Team_I,Striker,32,6.9,7.4,11.6,22.9,25,14,0.5,0,8,1,0.558,0.32,0.744
P0506,Team_H,Defender,79,12.4,4.1,2.0,8.2,33,9,10.21,0,2,1,0.485,0.373,0.95
P0507,Team_I,Guard,22,11.7,1.3,3.7,21.4,26,16,1.35,0,5,1,0.402,0.417,0.682
P0508,Team_I,Striker,42,16.2,3.6,2.6,22.5,35,8,3.51,0,5,0,0.559,0.3,0.665
P0509,Team_L,Defender,70,17.2,4.1,15.3,28.5,26,2,1.12,0,4,1,0.604,0.304,0.911
P0510,Team_K,Guard,39,12.5,5.3,8.6,36.8,21,12,13.18,0,4,0,0.45,0.412,0.638
P0511,Team_K,Center,22,3.7,3.0,5.0,10.0,32,15,0.5,0,4,1,0.458,0.239,0.704
P0512,Team_G,Midfielder,14,10.5,2.4,4.2,32.8,27,6,3.67,0,5,0,0.505,0.365,0.81
P0513,Team_B,Forward,15,0.0,2.8,10.8,39.5,33,6,3.3,0,10,1,0.38,0.388,0.623
P0514,Team_K,Striker,44,10.9,7.5,4.7,23.4,30,5,1.22,0,7,1,0.364,0.418,0.776
P0515,Team_I,Striker,53,13.1,2.6,10.1,25.1,29,11,0.5,1,7,0,0.499,0.254,0.614
P0516,Team_I,Striker,51,6.5,5.3,12.6,38.3,37,14,4.31,0,8,0,0.415,0.326,0.726
P0517,Team_D,Midfielder,59,16.5,0.1,8.0,28.6,26,1,5.32,0,4,0,0.461,0.34,0.95
P0518,Team_I,Striker,45,8.7,3.1,7.0,20.3,36,5,7.76,0,3,0,0.377,0.46,0.665
P0519,Team_E,Defender,69,18.6,5.5,12.2,23.6,33,16,4.66,0,5,0,0.523,0.472,0.847
P0520,Team_D,Midfielder,63,21.7,0.0,2.5,10.7,29,8,3.04,0,5,1,0.479,0.326,0.95
P0521,Team_I,Striker,31,5.0,0.0,1.2,25.8,21,16,3.26,0,5,0,0.429,0.343,0.589
P0522,Team_E,Center,49,10.3,9.2,3.8,20.9,30,3,0.5,0,8,0,0.624,0.319,0.745
P0523,Team_H,Defender,62,1.6,0.0,3.9,29.1,32,6,1.15,1,3,0,0.547,0.227,0.775
P0524,Team_H,Center,49,8.6,6.1,4.5,32.8,22,15,1.58,0,3,0,0.314,0.262,0.61
P0525,Team_D,Midfielder,56,19.0,6.2,4.2,19.7,23,2,0.96,0,6,0,0.506,0.312,0.853
P0526,Team_L,Guard,75,10.2,7.2,8.9,27.3,30,13,10.63,0,8,0,0.447,0.35,0.867
P0527,Team_F,Midfielder,39,0.5,4.9,2.0,18.5,27,6,4.92,1,3,1,0.551,0.351,0.806
P0528,Team_B,Center,62,23.1,3.6,10.0,28.5,25,13,1.3,1,5,0,0.44,0.35,0.766
P0529,Team_E,Striker,23,13.3,5.5,1.4,5.0,23,2,0.76,0,2,1,0.441,0.325,0.661
P0530,Team_K,Defender,67,15.3,0.4,8.9,20.3,29,11,0.5,1,4,0,0.454,0.31,0.754
P0531,Team_H,Forward,48,4.4,7.7,0.0,22.7,21,2,7.22,0,3,1,0.65,0.3,0.884
P0532,Team_G,Midfielder,21,0.0,5.6,4.5,27.9,25,16,23.91,0,5,1,0.54,0.405,0.697
P0533,Team_J,Striker,55,10.5,1.7,7.6,11.1,22,5,0.5,0,5,1,0.472,0.416,0.851
P0534,Team_H,Center,72,0.0,1.2,7.1,29.0,31,11,1.02,0,2,1,0.448,0.349,0.749
P0535,Team_F,Midfielder,66,2.6,3.7,12.9,11.2,27,4,7.94,0,7,0,0.323,0.289,0.621
P0536,Team_D,Center,65,15.0,4.7,5.7,24.8,34,11,1.26,0,12,0,0.504,0.227,0.871
P0537,Team_C,Guard,34,21.1,0.0,3.6,31.8,22,13,0.5,0,6,0,0.368,0.33,0.809
P0538,Team_H,Midfielder,78,10.7,5.5,6.5,5.5,24,11,1.2,0,4,0,0.429,0.23,0.874
P0539,Team_K,Center,31,9.8,1.0,0.0,18.1,37,6,3.73,0,3,0,0.363,0.394,0.838
P0540,Team_J,Defender,25,12.3,0.0,6.8,31.2,23,1,2.37,0,4,1,0.478,0.38,0.729
P0541,Team_G,Defender,72,5.3,0.0,0.0,21.8,35,0,6.41,0,2,1,0.465,0.398,0.734
P0542,Team_L,Defender,81,9.9,0.0,3.4,32.3,36,5,3.23,0,9,0,0.391,0.418,0.735
P0543,Team_H,Guard,52,8.6,1.9,10.4,13.9,35,16,4.45,0,8,0,0.32,0.306,0.655
P0544,Team_K,Guard,58,13.0,9.6,8.7,12.5,36,5,0.5,1,5,1,0.444,0.429,0.761
P0545,Team_E,Striker,28,11.4,5.9,5.8,15.7,29,3,3.64,0,1,0,0.338,0.356,0.846
P0546,Team_D,Forward,48,10.9,9.7,0.1,29.4,21,7,5.14,0,8,0,0.3,0.348,0.651
P0547,Team_D,Forward,14,5.5,2.1,15.0,14.0,31,16,0.5,0,8,0,0.447,0.442,0.755
P0548,Team_F,Guard,50,9.6,1.2,2.2,29.5,30,2,0.5,1,9,0,0.387,0.297,0.831
P0549,Team_E,Striker,54,15.8,6.7,0.0,13.3,26,5,9.29,0,4,0,0.435,0.396,0.813
P0550,Team_F,Center,39,9.5,8.7,1.9,43.4,32,14,4.59,0,3,1,0.488,0.256,0.687
P0551,Team_C,Forward,54,19.5,4.5,2.3,16.8,35,4,1.69,0,5,0,0.3,0.33,0.653
P0552,Team_C,Center,73,9.5,5.9,0.9,20.7,20,17,2.89,0,6,0,0.44,0.323,0.81
P0553,Team_E,Defender,76,14.8,4.4,1.8,21.3,36,11,2.76,0,10,1,0.484,0.273,0.785
P0554,Team_D,Forward,48,13.4,5.2,5.0,8.3,21,17,2.15,0,5,1,0.468,0.288,0.661
P0555,Team_D,Forward,54,12.9,0.0,13.4,33.5,20,0,3.93,0,2,0,0.481,0.337,0.661
P0556,Team_D,Guard,67,1.0,3.8,0.0,33.2,30,6,0.68,0,5,1,0.521,0.21,0.95
P0557,Team_B,Guard,71,15.2,3.0,10.2,21.3,32,2,0.54,0,6,0,0.487,0.378,0.719
P0558,Team_E,Striker,48,0.0,3.6,4.0,21.0,28,17,2.91,0,6,0,0.542,0.263,0.704
P0559,Team_D,Midfielder,50,25.2,6.1,8.9,35.6,36,8,4.55,1,2,1,0.457,0.407,0.91
P0560,Team_G,Striker,39,16.4,3.9,3.5,18.0,34,12,2.37,0,2,1,0.408,0.353,0.768
