player_id,team,position,games_played,points_per_game,assists_per_game,rebounds_per_game,minutes_per_game,age,experience_years,salary_millions,play_style_score,efficiency_rating,usage_rate,field_goal_pct,three_point_pct,free_throw_pct
P0001,Team_B,Center,49,18.6,2.5,4.4,17.4,37,11,2.64,91.2,15.2,0.314,0.408,0.366,0.867
P0002,Team_K,Striker,44,17.3,5.3,6.7,30.2,24,4,7.64,61.0,32.6,0.116,0.518,0.301,0.748
P0003,Team_B,Forward,75,18.7,3.3,2.7,25.1,29,14,5.28,35.5,13.9,0.121,0.499,0.371,0.772
P0004,Team_C,Defender,66,0.0,0.0,0.5,46.0,30,15,0.5,8.5,7.0,0.307,0.453,0.337,0.658
P0005,Team_K,Defender,41,22.7,8.3,7.6,25.7,27,1,3.88,66.9,17.0,0.386,0.463,0.372,0.6
P0006,Team_G,Defender,46,16.7,5.9,14.9,18.8,24,14,0.56,54.8,18.3,0.279,0.469,0.374,0.608
P0007,Team_F,Midfielder,51,17.4,2.1,9.3,23.4,30,12,2.66,50.6,15.3,0.344,0.368,0.209,0.728
P0008,Team_F,Midfielder,58,3.3,1.4,2.6,37.0,36,13,0.5,55.6,32.9,0.162,0.366,0.347,0.864
P0009,Team_C,Midfielder,50,0.0,7.0,10.3,36.6,32,2,1.39,51.9,24.0,0.265,0.499,0.389,0.536
P0010,Team_C,Defender,59,4.9,0.1,4.6,28.3,21,14,1.54,48.5,13.4,0.233,0.397,0.307,0.631
P0011,Team_K,Striker,58,0.0,3.7,3.8,18.3,29,3,7.19,55.1,11.1,0.372,0.461,0.335,0.894
P0012,Team_C,Guard,40,15.1,2.2,3.5,24.5,37,9,17.8,39.8,17.4,0.379,0.496,0.36,0.7
P0013,Team_I,Defender,67,4.7,8.4,7.9,38.7,28,2,9.61,43.9,15.7,0.197,0.429,0.299,0.658
P0014,Team_G,Guard,37,7.6,0.0,10.0,36.3,26,5,2.98,70.9,6.7,0.252,0.425,0.338,0.5
P0015,Team_D,Midfielder,22,8.3,2.9,0.0,25.4,29,14,0.5,32.5,23.1,0.399,0.45,0.295,0.721
P0016,Team_E,Forward,79,18.6,7.4,4.7,34.1,27,11,5.85,29.0,9.4,0.111,0.318,0.301,0.702
P0017,Team_A,Midfielder,55,34.7,6.3,4.6,20.6,34,2,0.71,54.6,7.7,0.325,0.471,0.368,0.74
P0018,Team_D,Defender,10,13.3,2.1,2.6,31.3,24,1,3.54,31.1,13.9,0.237,0.44,0.325,0.74
P0019,Team_J,Forward,18,17.9,4.5,0.7,13.3,32,3,2.11,41.2,18.2,0.31,0.545,0.32,0.95
P0020,Team_B,Defender,20,10.8,0.3,2.9,28.8,26,0,0.5,25.4,13.4,0.214,0.408,0.321,0.707
P0021,Team_J,Striker,66,25.8,3.7,5.8,29.9,25,10,7.94,46.8,14.6,0.251,0.379,0.34,0.934
P0022,Team_L,Midfielder,22,13.7,5.0,12.2,35.4,20,10,4.07,53.7,16.9,0.309,0.438,0.341,0.726
P0023,Team_F,Guard,28,19.7,1.4,2.4,25.4,26,0,0.71,38.0,9.2,0.269,0.403,0.314,0.581
P0024,Team_J,Striker,78,0.0,5.0,4.5,21.8,28,0,5.34,75.6,1.2,0.308,0.53,0.381,0.631
P0025,Team_G,Defender,38,18.3,4.3,8.4,25.8,37,10,1.66,53.5,7.7,0.347,0.41,0.323,0.721
P0026,Team_E,Striker,56,4.3,1.9,2.5,42.4,28,2,2.64,44.3,21.1,0.394,0.392,0.433,0.722
P0027,Team_I,Defender,76,11.3,4.1,5.6,23.0,26,0,2.66,56.1,5.4,0.362,0.499,0.279,0.928
P0028,Team_G,Defender,41,0.0,3.8,17.4,35.6,30,8,0.5,23.1,18.9,0.383,0.482,0.387,0.8
P0029,Team_F,Midfielder,13,0.0,2.3,14.9,18.1,37,13,2.25,57.9,12.6,0.161,0.403,0.325,0.631
P0030,Team_C,Midfielder,13,10.5,1.0,3.0,31.3,35,0,1.15,53.4,27.6,0.263,0.455,0.378,0.672
P0031,Team_I,Center,75,2.2,13.3,13.4,37.9,32,8,3.45,66.5,20.1,0.227,0.444,0.398,0.695
P0032,Team_A,Forward,35,21.4,5.9,5.5,46.6,37,3,4.74,57.3,15.1,0.161,0.3,0.357,0.718
P0033,Team_D,Guard,50,0.0,3.1,7.6,12.3,35,9,0.5,41.8,18.2,0.133,0.46,0.422,0.704
P0034,Team_J,Forward,26,0.0,6.5,0.3,25.7,22,16,0.7,55.1,16.5,0.198,0.3,0.356,0.827
P0035,Team_C,Midfielder,65,9.8,6.1,6.5,39.7,30,14,0.5,41.4,8.7,0.265,0.427,0.495,0.658
P0036,Team_C,Guard,12,20.8,8.6,5.1,34.1,23,11,0.5,44.6,18.4,0.341,0.361,0.396,0.665
P0037,Team_I,Midfielder,54,11.8,4.9,10.8,27.6,28,6,2.36,48.0,18.3,0.176,0.457,0.326,0.638
P0038,Team_D,Defender,77,7.7,5.4,8.7,33.2,37,4,4.45,31.9,0.7,0.2,0.441,0.281,0.717
P0039,Team_B,Striker,34,22.9,3.2,6.0,33.8,34,1,3.19,30.0,13.8,0.134,0.362,0.309,0.751
P0040,Team_B,Center,65,0.0,4.0,9.0,29.0,22,15,7.37,35.8,17.1,0.259,0.395,0.32,0.8
P0041,Team_G,Striker,57,0.0,4.9,0.0,18.0,34,9,10.18,60.8,6.3,0.352,0.381,0.336,0.95
P0042,Team_D,Midfielder,60,0.0,5.7,6.8,48.0,28,10,0.5,23.3,11.3,0.341,0.453,0.244,0.696
P0043,Team_D,Defender,62,2.0,3.9,12.1,28.8,26,16,0.88,84.9,20.2,0.216,0.325,0.254,0.64
P0044,Team_K,Forward,81,13.6,4.9,5.2,29.6,27,9,1.23,60.0,8.9,0.328,0.6,0.256,0.912
P0045,Team_I,Center,44,16.3,0.5,8.5,18.8,26,17,1.71,33.3,11.7,0.255,0.506,0.31,0.645
P0046,Team_G,Defender,38,22.5,5.2,9.4,25.9,31,6,0.66,23.0,12.5,0.177,0.376,0.332,0.681
P0047,Team_G,Midfielder,38,11.5,9.1,2.3,27.0,32,13,0.5,50.3,12.4,0.165,0.531,0.389,0.766
P0048,Team_B,Center,76,16.9,9.0,7.0,22.1,34,3,0.5,66.5,18.7,0.208,0.463,0.254,0.703
P0049,Team_B,Forward,76,0.0,8.9,5.1,28.7,33,7,9.74,60.0,15.1,0.244,0.513,0.482,0.779
P0050,Team_K,Forward,62,11.5,7.0,8.1,41.1,28,4,1.92,59.7,20.8,0.19,0.381,0.419,0.756
P0051,Team_C,Center,19,28.5,3.0,7.9,6.3,36,5,5.34,51.7,21.1,0.112,0.514,0.309,0.67
P0052,Team_I,Striker,74,13.9,4.3,5.6,22.1,35,12,2.35,93.3,22.4,0.389,0.561,0.437,0.868
P0053,Team_A,Guard,38,21.3,1.4,0.0,5.0,30,10,1.59,43.5,18.8,0.201,0.438,0.28,0.704
P0054,Team_I,Midfielder,39,22.7,3.3,9.2,28.0,29,10,0.5,68.7,11.6,0.398,0.392,0.395,0.588
P0055,Team_C,Defender,41,18.7,2.1,7.9,16.2,31,3,0.76,81.0,13.2,0.145,0.326,0.352,0.785
P0056,Team_D,Forward,21,24.2,0.0,0.0,29.4,35,3,2.79,48.0,31.0,0.178,0.427,0.355,0.668
P0057,Team_K,Striker,11,15.5,1.8,10.2,28.5,34,2,4.48,75.1,27.7,0.193,0.61,0.32,0.684
P0058,Team_I,Striker,44,0.0,0.2,2.4,23.5,36,4,3.36,54.3,9.3,0.387,0.458,0.353,0.684
P0059,Team_K,Forward,49,7.0,3.5,8.6,43.2,25,11,2.71,41.1,11.6,0.24,0.481,0.336,0.698
P0060,Team_I,Forward,58,18.1,3.3,2.7,36.0,28,6,7.72,60.9,23.3,0.322,0.441,0.267,0.867
P0061,Team_D,Defender,31,15.0,7.3,5.4,24.9,29,9,2.86,54.7,15.3,0.329,0.49,0.273,0.718
P0062,Team_B,Striker,41,2.5,3.1,8.9,15.0,25,10,3.67,43.0,13.6,0.115,0.45,0.428,0.95
P0063,Team_G,Midfielder,36,17.3,3.2,3.7,15.7,20,0,10.51,51.8,30.5,0.362,0.533,0.304,0.845
P0064,Team_D,Forward,18,0.0,0.0,8.0,29.5,29,12,3.54,9.9,14.8,0.178,0.441,0.325,0.744
P0065,Team_I,Forward,68,10.7,8.6,0.9,34.2,29,13,4.27,56.3,14.0,0.378,0.387,0.337,0.73
P0066,Team_A,Center,18,17.6,6.5,4.9,13.7,24,7,1.75,64.6,20.9,0.29,0.476,0.369,0.796
P0067,Team_A,Guard,29,10.7,6.7,4.5,17.2,33,7,5.25,80.4,20.5,0.287,0.374,0.365,0.5
P0068,Team_I,Forward,45,15.7,0.6,5.4,27.5,33,7,3.33,73.9,13.2,0.296,0.502,0.228,0.752
P0069,Team_F,Striker,57,1.3,1.3,6.4,29.0,33,11,2.59,61.1,8.4,0.286,0.394,0.383,0.73
P0070,Team_C,Forward,36,6.5,0.0,7.0,28.2,22,4,0.5,40.3,12.2,0.304,0.433,0.387,0.628
P0071,Team_I,Center,14,26.2,4.7,4.6,45.5,20,7,3.86,58.3,10.5,0.152,0.557,0.395,0.598
P0072,Team_H,Striker,21,22.9,1.2,0.7,39.8,29,9,1.77,37.4,21.8,0.392,0.559,0.344,0.767
P0073,Team_I,Center,30,15.1,4.2,7.0,26.7,27,17,1.1,0.0,3.1,0.263,0.43,0.5,0.742
P0074,Team_G,Guard,43,14.8,0.0,10.4,20.5,34,8,4.16,23.5,18.8,0.324,0.385,0.319,0.72
P0075,Team_G,Defender,14,4.1,4.4,7.7,17.0,22,12,1.22,35.7,18.0,0.331,0.453,0.359,0.795
P0076,Team_K,Defender,22,10.8,5.3,0.0,31.7,24,9,0.5,50.4,18.9,0.347,0.464,0.365,0.549
P0077,Team_F,Guard,63,16.7,0.9,6.2,26.7,31,5,6.15,50.0,5.5,0.312,0.555,0.346,0.589
P0078,Team_L,Forward,43,7.0,9.0,4.4,34.4,21,12,0.5,84.6,10.2,0.318,0.355,0.319,0.759
P0079,Team_K,Defender,28,15.7,8.5,8.5,24.2,24,8,0.79,100.0,12.9,0.105,0.504,0.311,0.834
P0080,Team_B,Center,76,9.3,3.6,7.0,17.4,33,5,4.31,54.5,12.3,0.328,0.457,0.311,0.668
P0081,Team_D,Guard,70,11.9,4.7,8.6,20.8,37,15,1.85,73.6,5.3,0.189,0.441,0.297,0.795
P0082,Team_B,Guard,68,11.7,1.8,9.6,26.7,29,12,2.63,77.9,18.7,0.238,0.447,0.306,0.771
P0083,Team_J,Guard,21,13.4,4.5,8.0,23.6,36,5,3.98,77.3,23.2,0.254,0.449,0.342,0.715
P0084,Team_G,Forward,68,11.2,4.8,17.0,40.3,29,7,5.23,63.3,3.3,0.137,0.532,0.448,0.88
P0085,Team_D,Center,36,7.0,1.4,8.2,38.4,32,10,3.67,32.5,4.3,0.334,0.553,0.29,0.671
P0086,Team_L,Guard,49,24.3,0.0,2.1,13.1,33,5,7.23,47.3,18.4,0.256,0.526,0.269,0.777
P0087,Team_F,Center,71,2.8,6.5,7.7,20.2,35,14,3.77,48.7,11.3,0.312,0.351,0.2,0.678
P0088,Team_B,Midfielder,47,1.8,0.6,6.0,33.4,30,14,0.5,38.8,27.0,0.106,0.455,0.357,0.879
P0089,Team_H,Striker,34,5.4,3.2,4.4,8.3,21,17,0.5,31.0,18.3,0.333,0.434,0.39,0.5
P0090,Team_L,Forward,62,13.5,2.7,1.6,17.8,22,5,1.73,54.8,19.7,0.246,0.415,0.344,0.77
P0091,Team_K,Midfielder,37,14.1,4.1,10.0,23.3,24,15,3.05,65.8,12.7,0.204,0.489,0.415,0.767
P0092,Team_F,Center,60,17.7,4.5,1.2,22.0,26,12,9.15,32.1,14.0,0.334,0.376,0.371,0.794
P0093,Team_E,Center,78,9.5,1.0,0.8,12.4,36,15,12.29,69.1,18.2,0.356,0.561,0.36,0.635
P0094,Team_D,Defender,68,4.7,1.7,7.1,28.8,21,6,1.59,47.4,17.8,0.243,0.3,0.441,0.595
P0095,Team_K,Forward,33,21.3,0.0,0.0,38.9,34,3,2.04,45.4,20.6,0.393,0.518,0.409,0.554
P0096,Team_G,Forward,13,10.3,3.5,5.4,34.8,24,10,0.5,67.1,28.2,0.252,0.373,0.297,0.95
P0097,Team_K,Striker,37,4.1,3.1,3.9,16.7,21,14,0.5,11.2,5.1,0.111,0.399,0.309,0.778
P0098,Team_J,Defender,26,12.3,5.8,8.4,28.5,21,7,0.5,19.9,8.6,0.312,0.489,0.34,0.626
P0099,Team_K,Center,16,11.6,2.3,4.0,22.5,26,15,0.5,46.4,17.3,0.102,0.5,0.364,0.609
P0100,Team_A,Forward,12,1.5,7.5,9.1,37.9,25,10,0.5,61.1,28.7,0.163,0.467,0.317,0.703
P0101,Team_H,Midfielder,47,15.3,3.2,7.1,25.6,20,15,9.29,79.9,25.5,0.265,0.405,0.246,0.787
P0102,Team_F,Striker,53,1.9,7.6,9.9,15.9,24,15,0.5,58.5,25.3,0.192,0.579,0.371,0.676
P0103,Team_H,Forward,11,31.0,0.0,5.3,20.8,29,4,4.95,29.1,0.4,0.114,0.35,0.417,0.586
P0104,Team_L,Guard,28,4.7,0.2,5.6,23.0,27,16,0.5,62.8,13.9,0.359,0.348,0.439,0.676
P0105,Team_I,Forward,56,17.1,3.1,4.2,17.8,34,0,3.22,44.7,12.9,0.363,0.495,0.209,0.756
P0106,Team_A,Center,45,19.9,6.9,7.1,28.7,31,12,0.5,88.3,17.6,0.256,0.396,0.338,0.686
P0107,Team_C,Striker,47,19.9,5.2,10.5,5.0,26,3,3.84,58.2,22.4,0.305,0.499,0.354,0.55
P0108,Team_H,Center,48,13.0,6.7,6.3,26.9,23,5,1.01,65.4,25.7,0.296,0.418,0.254,0.727
P0109,Team_C,Forward,79,1.3,2.4,3.7,12.2,35,6,10.01,72.5,18.4,0.213,0.639,0.303,0.799
P0110,Team_F,Forward,68,12.5,3.7,2.5,15.1,25,1,1.05,44.7,7.7,0.19,0.424,0.399,0.618
P0111,Team_F,Forward,52,7.4,6.4,2.8,31.7,27,17,3.54,77.1,21.4,0.125,0.412,0.462,0.728
P0112,Team_L,Defender,26,21.6,0.7,5.0,22.3,31,14,2.69,56.5,30.9,0.38,0.45,0.316,0.882
P0113,Team_B,Striker,44,4.6,2.1,5.3,23.1,23,12,1.14,21.4,19.5,0.361,0.507,0.451,0.95
P0114,Team_C,Center,71,11.8,7.8,12.0,36.6,23,15,1.44,34.1,8.9,0.251,0.459,0.314,0.753
P0115,Team_B,Forward,35,0.8,4.9,0.3,23.2,35,5,0.5,43.5,23.7,0.329,0.375,0.5,0.733
P0116,Team_F,Center,28,18.9,7.0,0.5,37.0,34,9,2.14,50.2,15.9,0.125,0.404,0.39,0.777
P0117,Team_C,Guard,81,8.9,5.6,7.4,19.0,32,8,0.51,54.6,11.7,0.227,0.456,0.362,0.695
P0118,Team_J,Defender,12,4.7,0.2,9.5,45.5,23,4,4.07,48.9,13.1,0.314,0.512,0.383,0.857
P0119,Team_F,Midfielder,30,10.7,0.7,8.3,12.6,21,5,0.5,70.7,26.4,0.331,0.517,0.366,0.782
P0120,Team_C,Midfielder,29,16.0,2.9,11.8,38.7,27,16,1.52,66.3,8.2,0.193,0.585,0.289,0.686
P0121,Team_F,Center,33,19.2,9.5,1.2,18.2,26,11,1.0,49.8,29.8,0.283,0.533,0.368,0.649
P0122,Team_I,Striker,15,16.3,2.7,2.2,28.3,20,5,0.7,16.1,11.6,0.211,0.439,0.38,0.767
P0123,Team_E,Midfielder,28,12.7,3.3,6.0,45.3,26,11,9.69,52.1,19.0,0.127,0.574,0.271,0.855
P0124,Team_G,Guard,72,12.6,2.0,5.7,40.4,30,12,8.02,53.6,29.4,0.397,0.494,0.374,0.812
P0125,Team_J,Center,40,0.0,0.2,6.4,24.9,26,14,3.87,63.0,15.8,0.278,0.373,0.381,0.901
P0126,Team_E,Midfielder,81,7.3,6.7,12.4,26.0,36,17,9.42,39.9,29.9,0.199,0.464,0.325,0.809
P0127,Team_A,Striker,16,19.1,9.3,7.9,20.7,21,0,5.29,13.1,0.6,0.132,0.395,0.363,0.67
P0128,Team_A,Midfielder,81,30.4,3.0,0.0,25.0,25,16,8.7,54.1,11.5,0.241,0.471,0.478,0.8
P0129,Team_I,Center,15,12.6,9.9,9.2,48.0,23,8,0.5,59.5,31.0,0.32,0.401,0.403,0.95
P0130,Team_I,Guard,24,27.4,5.4,12.9,23.5,24,8,1.53,61.7,7.9,0.394,0.3,0.302,0.797
P0131,Team_B,Striker,17,14.5,3.2,0.7,22.9,23,2,2.5,28.3,11.7,0.288,0.473,0.266,0.564
P0132,Team_J,Midfielder,36,9.8,1.2,0.0,27.3,33,11,0.53,48.6,13.2,0.211,0.427,0.354,0.807
P0133,Team_K,Midfielder,30,2.9,6.1,6.6,22.8,36,0,3.64,37.3,17.8,0.201,0.53,0.366,0.802
P0134,Team_G,Defender,56,6.7,7.8,0.9,5.0,31,9,2.51,37.2,15.6,0.353,0.401,0.254,0.799
P0135,Team_K,Guard,12,0.0,1.6,3.2,26.8,32,11,1.84,54.9,14.7,0.358,0.384,0.305,0.734
P0136,Team_H,Guard,77,0.0,4.5,3.4,31.4,20,3,2.81,41.8,20.0,0.342,0.409,0.336,0.746
P0137,Team_L,Defender,40,14.5,3.5,10.7,48.0,30,7,1.12,49.6,19.1,0.298,0.433,0.304,0.877
P0138,Team_I,Guard,34,0.0,7.9,6.9,24.5,37,9,0.73,56.8,11.4,0.374,0.483,0.31,0.777
P0139,Team_K,Defender,37,10.2,0.0,5.9,29.5,29,1,1.02,52.7,21.7,0.352,0.431,0.31,0.533
P0140,Team_J,Striker,63,0.2,4.4,2.8,22.2,37,0,2.11,55.5,17.4,0.399,0.496,0.385,0.785
P0141,Team_K,Forward,33,0.0,3.8,0.9,13.2,36,4,3.83,52.6,32.2,0.288,0.511,0.393,0.71
P0142,Team_I,Guard,15,5.8,3.1,4.2,20.3,36,6,0.5,62.9,10.7,0.191,0.379,0.436,0.74
P0143,Team_E,Midfielder,61,19.3,7.4,9.8,27.2,24,17,1.9,59.0,25.5,0.212,0.472,0.378,0.74
P0144,Team_A,Guard,31,14.7,5.4,10.4,12.7,34,1,6.44,51.2,29.7,0.332,0.523,0.5,0.881
P0145,Team_J,Midfielder,11,13.5,9.8,12.5,47.0,36,9,6.9,55.7,10.6,0.287,0.495,0.324,0.852
P0146,Team_C,Striker,28,4.7,6.6,6.4,20.0,26,11,0.5,37.7,12.0,0.136,0.452,0.431,0.663
P0147,Team_L,Forward,65,6.4,1.8,7.6,24.3,23,13,2.14,38.1,12.0,0.256,0.452,0.36,0.76
P0148,Team_B,Center,64,10.5,6.8,6.3,46.9,37,7,22.59,42.1,19.7,0.13,0.363,0.318,0.604
P0149,Team_B,Defender,59,16.4,1.0,2.8,39.3,27,2,1.88,51.7,8.4,0.366,0.626,0.423,0.686
P0150,Team_F,Midfielder,36,17.3,0.3,9.5,21.5,27,13,2.74,69.4,20.7,0.179,0.358,0.392,0.705
P0151,Team_D,Striker,22,4.6,6.0,11.3,24.2,31,3,2.57,100.0,17.6,0.386,0.507,0.295,0.783
P0152,Team_C,Guard,17,17.5,1.7,5.9,36.5,37,6,8.36,84.4,32.2,0.124,0.469,0.408,0.596
P0153,Team_J,Forward,28,14.1,8.8,11.2,31.7,24,6,1.52,65.4,11.4,0.356,0.395,0.314,0.833
P0154,Team_I,Midfielder,32,0.0,4.4,7.1,25.2,21,6,6.75,64.5,11.2,0.14,0.433,0.21,0.935
P0155,Team_C,Striker,44,0.0,6.8,4.1,17.7,34,17,0.52,49.4,12.3,0.274,0.511,0.347,0.589
P0156,Team_D,Center,17,7.4,0.0,5.5,24.7,36,10,0.5,77.6,14.9,0.399,0.475,0.321,0.668
P0157,Team_F,Defender,23,13.7,10.7,5.6,9.5,24,7,2.22,43.5,8.9,0.378,0.343,0.329,0.584
P0158,Team_A,Forward,61,13.2,0.0,11.2,40.0,37,1,0.5,49.1,14.3,0.272,0.3,0.2,0.731
P0159,Team_B,Striker,71,11.1,5.3,5.4,18.4,25,0,8.91,16.1,17.0,0.213,0.536,0.371,0.739
P0160,Team_H,Defender,26,6.5,5.4,9.3,32.2,32,13,2.49,68.5,15.4,0.306,0.378,0.259,0.777
P0161,Team_B,Guard,36,6.2,0.3,0.0,42.7,37,4,1.53,58.5,24.7,0.129,0.381,0.332,0.765
P0162,Team_D,Striker,49,4.5,4.5,7.0,23.6,20,12,1.63,56.6,27.6,0.175,0.502,0.364,0.741
P0163,Team_E,Forward,45,13.0,4.5,6.4,48.0,31,14,6.65,61.2,31.4,0.114,0.479,0.28,0.761
P0164,Team_K,Striker,15,4.9,2.4,5.2,42.7,26,9,4.92,64.6,13.9,0.185,0.347,0.292,0.665
P0165,Team_K,Guard,43,2.6,2.2,4.9,21.9,31,10,2.26,56.6,13.9,0.318,0.388,0.362,0.678
P0166,Team_K,Guard,51,13.3,3.0,3.2,10.7,36,0,1.79,53.4,4.0,0.359,0.363,0.348,0.683
P0167,Team_D,Forward,69,13.6,2.0,2.9,32.6,22,14,0.5,98.2,0.3,0.168,0.415,0.368,0.872
P0168,Team_I,Forward,66,4.7,4.7,11.5,28.5,34,14,0.96,45.6,20.3,0.33,0.399,0.41,0.836
P0169,Team_I,Forward,55,10.0,1.4,5.6,10.4,25,1,0.79,34.7,14.2,0.22,0.354,0.274,0.5
P0170,Team_F,Striker,75,5.9,4.7,6.2,35.0,32,17,0.5,45.7,1.6,0.211,0.354,0.359,0.785
P0171,Team_D,Striker,44,13.8,0.0,13.1,13.3,20,9,1.38,35.8,16.5,0.106,0.599,0.287,0.95
P0172,Team_B,Defender,75,15.4,6.2,9.6,21.7,22,4,1.29,62.2,28.5,0.243,0.353,0.403,0.775
P0173,Team_E,Midfielder,34,13.1,6.8,8.6,27.3,27,10,6.32,32.1,14.9,0.364,0.543,0.334,0.632
P0174,Team_F,Defender,52,27.7,0.0,1.4,16.3,33,3,2.29,36.1,20.4,0.104,0.443,0.328,0.79
P0175,Team_C,Defender,25,13.4,0.0,10.4,21.4,26,15,3.4,62.1,18.7,0.377,0.346,0.364,0.922
P0176,Team_C,Forward,71,1.5,2.0,13.3,34.9,31,11,4.86,61.4,6.2,0.288,0.401,0.268,0.819
P0177,Team_L,Striker,25,16.2,5.0,2.3,14.5,23,5,0.5,44.3,18.2,0.209,0.59,0.335,0.74
P0178,Team_B,Guard,55,6.9,6.8,9.4,48.0,30,12,4.18,5.3,10.9,0.284,0.47,0.37,0.645
P0179,Team_C,Forward,81,0.0,3.1,7.3,35.2,37,9,0.64,19.6,4.4,0.198,0.44,0.343,0.711
P0180,Team_A,Defender,63,7.8,5.3,10.9,19.8,32,3,0.5,58.0,15.5,0.172,0.543,0.466,0.735
P0181,Team_K,Defender,43,0.9,2.8,0.0,33.1,25,2,12.13,15.6,13.6,0.374,0.546,0.457,0.821
P0182,Team_A,Forward,60,10.4,3.1,4.9,6.8,36,9,2.04,8.0,28.8,0.227,0.354,0.354,0.803
P0183,Team_E,Midfielder,13,19.6,4.4,8.7,28.6,29,17,0.76,71.0,20.5,0.168,0.387,0.352,0.807
P0184,Team_J,Defender,79,12.0,1.6,8.3,43.0,35,12,2.99,53.4,10.7,0.241,0.569,0.309,0.77
P0185,Team_C,Defender,50,10.1,4.8,6.6,15.2,32,4,2.0,21.7,6.5,0.301,0.512,0.287,0.726
P0186,Team_F,Striker,49,17.7,2.6,8.6,40.0,29,14,0.94,33.5,28.9,0.342,0.551,0.272,0.655
P0187,Team_E,Forward,81,4.8,6.8,0.0,32.3,20,7,4.78,53.8,16.1,0.183,0.368,0.355,0.593
P0188,Team_A,Forward,74,15.8,2.7,11.7,24.9,28,5,9.78,71.4,9.2,0.16,0.562,0.315,0.672
P0189,Team_E,Defender,81,19.0,6.0,6.5,33.4,37,0,7.04,59.6,15.7,0.368,0.428,0.371,0.72
P0190,Team_C,Striker,29,16.2,6.0,0.6,33.4,23,9,2.19,32.7,11.1,0.385,0.575,0.369,0.753
P0191,Team_L,Center,43,5.8,4.3,1.6,21.8,23,0,5.74,30.3,12.2,0.116,0.524,0.412,0.95
P0192,Team_A,Guard,76,12.4,0.0,1.5,21.6,34,3,6.74,23.7,11.4,0.395,0.406,0.355,0.868
P0193,Team_D,Forward,63,4.7,3.7,4.9,18.3,21,13,2.39,40.5,11.8,0.102,0.393,0.404,0.835
P0194,Team_C,Forward,81,26.4,1.3,7.6,21.0,27,11,1.87,54.8,13.9,0.22,0.3,0.393,0.75
P0195,Team_K,Guard,52,21.6,2.4,4.8,32.5,28,9,0.5,26.7,17.1,0.255,0.31,0.317,0.659
P0196,Team_A,Forward,48,28.2,6.0,12.0,14.9,20,9,2.49,56.0,12.2,0.376,0.464,0.325,0.648
P0197,Team_I,Forward,48,4.6,5.2,0.5,20.2,24,14,6.03,35.7,17.5,0.388,0.379,0.349,0.726
P0198,Team_E,Forward,44,21.9,3.4,6.6,33.2,35,14,4.35,60.7,9.3,0.257,0.496,0.255,0.738
P0199,Team_B,Guard,52,15.6,6.0,5.9,20.5,32,14,1.4,55.7,17.3,0.208,0.3,0.393,0.611
P0200,Team_I,Midfielder,21,10.0,2.8,0.9,9.4,26,4,1.9,53.5,8.9,0.375,0.41,0.389,0.661
P0201,Team_C,Defender,57,11.5,1.9,4.8,18.8,30,16,0.56,56.1,14.0,0.397,0.466,0.451,0.64
P0202,Team_F,Center,52,13.0,3.8,5.4,20.3,32,17,1.99,60.5,8.8,0.194,0.346,0.316,0.615
P0203,Team_B,Center,61,23.2,1.2,5.6,11.8,31,3,3.62,80.3,10.2,0.362,0.481,0.434,0.784
P0204,Team_A,Guard,43,17.7,4.3,1.9,29.0,23,12,0.5,62.3,12.4,0.289,0.445,0.308,0.808
P0205,Team_G,Defender,13,0.0,6.5,9.8,27.0,27,11,4.24,47.1,6.9,0.174,0.465,0.329,0.646
P0206,Team_H,Midfielder,70,4.8,6.7,1.1,24.4,36,17,2.26,28.5,7.9,0.325,0.468,0.26,0.674
P0207,Team_E,Midfielder,58,11.1,1.5,10.8,23.5,22,13,0.59,11.7,22.2,0.184,0.329,0.314,0.741
P0208,Team_A,Forward,49,0.0,4.7,7.4,27.9,20,14,2.98,66.4,30.6,0.157,0.351,0.391,0.745
P0209,Team_E,Guard,62,0.0,0.0,12.8,20.4,35,13,6.4,50.4,18.0,0.19,0.391,0.332,0.651
P0210,Team_D,Midfielder,14,15.8,4.9,1.3,18.3,20,4,1.46,63.5,3.4,0.207,0.385,0.306,0.74
P0211,Team_J,Defender,25,11.6,4.3,8.2,35.4,27,14,6.17,61.7,12.4,0.193,0.442,0.33,0.778
P0212,Team_I,Guard,10,15.9,7.3,4.0,47.1,23,17,0.5,88.4,18.5,0.174,0.481,0.456,0.706
P0213,Team_K,Striker,10,18.4,4.6,9.4,40.9,20,5,3.83,13.7,28.0,0.232,0.465,0.318,0.76
P0214,Team_B,Midfielder,15,9.0,2.7,3.1,24.3,26,13,1.55,36.0,4.1,0.109,0.498,0.329,0.923
P0215,Team_K,Midfielder,16,16.9,0.0,10.0,25.2,23,7,6.18,83.9,22.3,0.32,0.427,0.401,0.64
P0216,Team_F,Striker,12,16.3,0.0,2.3,12.6,29,8,2.45,20.6,29.8,0.167,0.543,0.343,0.687
P0217,Team_B,Center,61,11.5,3.3,7.5,45.3,34,11,0.5,63.6,5.7,0.318,0.341,0.357,0.651
P0218,Team_E,Guard,21,18.2,0.0,7.0,33.8,36,13,12.79,26.7,16.6,0.155,0.367,0.44,0.689
P0219,Team_E,Guard,22,22.2,1.0,3.9,16.7,29,17,0.5,36.1,19.0,0.214,0.581,0.254,0.601
P0220,Team_B,Defender,49,13.8,0.0,8.3,31.5,32,0,5.39,46.0,21.9,0.13,0.433,0.455,0.645
P0221,Team_A,Striker,20,16.6,0.5,3.8,32.7,33,15,8.27,42.1,14.8,0.153,0.426,0.351,0.95
P0222,Team_F,Guard,25,3.9,9.0,5.4,28.9,27,7,3.99,49.2,2.7,0.396,0.442,0.403,0.712
P0223,Team_F,Guard,60,0.0,0.0,5.1,27.4,34,8,8.52,46.7,27.2,0.363,0.528,0.347,0.76
P0224,Team_A,Forward,37,4.3,1.1,5.8,28.6,20,13,1.97,45.7,15.8,0.303,0.475,0.377,0.773
P0225,Team_J,Striker,79,10.0,0.7,13.3,31.9,30,8,0.52,34.6,25.6,0.151,0.407,0.266,0.911
P0226,Team_K,Defender,13,29.1,2.8,8.8,31.1,28,14,0.5,57.2,19.1,0.36,0.639,0.238,0.752
P0227,Team_K,Defender,70,4.3,2.5,10.6,25.0,30,3,4.63,60.8,14.2,0.126,0.306,0.321,0.737
P0228,Team_A,Forward,77,5.0,5.0,8.4,11.9,32,7,0.5,56.8,10.5,0.291,0.481,0.346,0.764
P0229,Team_A,Forward,31,28.2,3.6,5.7,19.8,30,15,3.07,38.9,22.0,0.281,0.485,0.265,0.702
P0230,Team_I,Midfielder,28,7.5,5.4,0.0,20.0,29,8,3.32,45.5,2.3,0.295,0.506,0.323,0.794
P0231,Team_J,Guard,48,8.0,4.8,3.1,29.9,26,13,4.44,57.7,15.1,0.107,0.43,0.33,0.716
P0232,Team_G,Center,12,17.0,4.9,4.7,39.4,21,5,0.56,24.4,15.8,0.129,0.611,0.302,0.672
P0233,Team_A,Center,56,23.4,5.6,6.2,10.0,24,16,3.92,58.5,23.9,0.162,0.505,0.366,0.707
P0234,Team_D,Guard,81,7.5,6.3,0.0,42.9,30,14,2.07,48.9,26.9,0.2,0.55,0.477,0.714
P0235,Team_K,Midfielder,45,20.8,4.4,17.9,23.7,24,17,5.49,22.8,9.5,0.259,0.343,0.374,0.709
P0236,Team_I,Midfielder,60,20.3,5.8,5.4,19.6,25,13,0.5,71.5,19.3,0.159,0.554,0.412,0.79
P0237,Team_F,Midfielder,58,22.0,4.6,8.0,25.6,32,9,0.5,63.8,11.7,0.322,0.482,0.329,0.698
P0238,Team_A,Striker,31,14.7,11.6,0.0,10.5,37,6,0.95,66.7,0.4,0.309,0.426,0.389,0.649
P0239,Team_H,Striker,74,18.6,0.4,5.5,24.5,29,3,7.73,88.9,0.0,0.252,0.531,0.366,0.682
P0240,Team_A,Striker,45,16.5,2.0,7.5,19.8,23,5,6.35,61.3,8.3,0.208,0.489,0.309,0.789
P0241,Team_C,Guard,21,26.5,6.6,8.2,29.9,23,3,2.9,53.2,5.4,0.304,0.433,0.377,0.813
P0242,Team_L,Midfielder,31,10.8,0.0,6.1,18.7,28,12,3.3,100.0,18.1,0.395,0.407,0.349,0.716
P0243,Team_C,Center,62,3.6,4.8,2.5,12.8,27,5,0.59,57.2,8.5,0.398,0.549,0.31,0.632
P0244,Team_H,Center,30,2.5,0.0,11.3,30.0,28,3,1.42,70.6,4.8,0.154,0.403,0.406,0.774
P0245,Team_K,Defender,57,11.2,0.1,6.7,31.5,33,6,0.7,37.4,5.5,0.302,0.385,0.308,0.748
P0246,Team_A,Center,47,13.8,8.0,6.8,16.6,24,14,2.2,42.6,17.0,0.386,0.502,0.374,0.862
P0247,Team_H,Center,30,20.5,6.6,2.0,40.0,26,8,6.57,52.5,6.4,0.334,0.427,0.358,0.868
P0248,Team_I,Forward,35,16.3,4.3,5.6,15.1,37,15,3.03,53.8,12.3,0.16,0.378,0.327,0.756
P0249,Team_C,Center,16,20.2,4.2,4.0,21.1,37,13,1.68,51.3,27.0,0.325,0.382,0.375,0.856
P0250,Team_I,Striker,65,8.5,1.3,10.5,33.2,29,7,5.17,37.5,16.3,0.381,0.417,0.369,0.738
P0251,Team_A,Forward,68,18.3,5.1,7.7,18.5,35,12,1.39,54.6,22.2,0.27,0.469,0.344,0.613
P0252,Team_I,Striker,77,11.9,1.3,10.9,45.6,22,12,0.95,36.4,20.4,0.321,0.507,0.205,0.804
P0253,Team_C,Center,55,28.8,5.0,2.9,30.2,35,17,0.92,52.7,14.2,0.171,0.493,0.29,0.816
P0254,Team_B,Center,68,30.7,0.0,6.3,16.4,29,16,1.54,45.6,31.7,0.284,0.3,0.362,0.892
P0255,Team_I,Defender,41,15.0,1.3,2.9,30.0,20,5,0.5,37.0,34.2,0.288,0.494,0.352,0.729
P0256,Team_H,Center,63,17.5,7.4,7.7,19.4,27,9,2.71,35.6,9.7,0.265,0.536,0.415,0.825
P0257,Team_C,Forward,12,0.0,2.4,0.7,42.0,29,0,7.24,74.5,9.6,0.268,0.32,0.365,0.95
P0258,Team_H,Midfielder,70,17.9,0.7,1.8,16.3,30,9,3.85,52.7,4.2,0.205,0.497,0.287,0.795
P0259,Team_F,Guard,30,13.4,3.1,0.0,38.7,24,6,5.98,64.1,20.6,0.37,0.474,0.233,0.638
P0260,Team_H,Center,24,9.1,7.5,10.1,33.6,22,14,4.22,54.4,9.1,0.211,0.551,0.329,0.811
P0261,Team_B,Center,71,7.0,5.4,6.2,36.0,33,5,1.95,27.8,13.4,0.211,0.419,0.286,0.835
P0262,Team_F,Defender,78,14.8,0.5,10.3,35.6,35,12,1.69,57.2,19.0,0.112,0.52,0.372,0.623
P0263,Team_B,Defender,76,13.1,2.4,4.7,16.8,34,2,0.81,64.2,1.2,0.197,0.47,0.307,0.669
P0264,Team_E,Midfielder,27,15.7,6.0,10.5,10.6,33,11,0.5,38.5,29.8,0.146,0.593,0.277,0.887
P0265,Team_D,Midfielder,76,9.5,4.8,8.3,13.9,30,4,1.85,28.7,18.0,0.198,0.354,0.303,0.935
P0266,Team_A,Striker,69,10.3,11.1,4.0,18.5,29,2,6.92,51.6,11.1,0.257,0.475,0.345,0.795
P0267,Team_H,Defender,53,0.0,4.5,6.2,17.3,21,17,6.14,16.8,10.1,0.28,0.39,0.335,0.778
P0268,Team_C,Defender,13,9.6,5.1,4.1,38.7,31,9,3.67,66.9,14.3,0.345,0.381,0.269,0.78
P0269,Team_L,Guard,28,19.0,3.0,4.5,25.5,21,4,0.56,16.1,12.3,0.117,0.462,0.327,0.76
P0270,Team_L,Striker,53,11.7,10.8,3.4,26.3,23,7,5.98,63.2,16.0,0.263,0.522,0.353,0.784
P0271,Team_H,Defender,70,3.2,1.1,0.8,26.7,23,16,5.74,54.3,29.0,0.232,0.624,0.346,0.862
P0272,Team_C,Forward,75,7.1,0.0,13.2,22.9,26,10,2.98,58.2,15.5,0.27,0.556,0.358,0.843
P0273,Team_A,Midfielder,68,16.8,9.7,15.3,25.5,21,9,0.6,47.5,25.9,0.159,0.413,0.34,0.732
P0274,Team_B,Defender,49,15.4,2.1,10.4,25.2,30,8,2.5,53.4,27.2,0.26,0.421,0.36,0.783
P0275,Team_J,Guard,20,0.0,9.7,5.1,27.7,22,3,5.18,66.3,7.0,0.102,0.459,0.432,0.686
P0276,Team_K,Forward,73,4.0,5.9,7.8,47.5,24,2,9.17,66.4,16.3,0.171,0.447,0.35,0.775
P0277,Team_K,Center,44,18.5,5.9,2.3,29.8,22,1,4.51,35.3,4.0,0.274,0.514,0.275,0.596
P0278,Team_D,Midfielder,26,13.7,2.3,13.9,29.1,33,5,4.12,91.2,24.6,0.246,0.394,0.2,0.798
P0279,Team_B,Striker,20,37.0,5.8,4.3,21.7,31,1,9.36,60.5,17.5,0.146,0.434,0.407,0.705
P0280,Team_B,Guard,76,0.0,4.6,9.6,39.9,34,14,3.17,49.0,14.1,0.183,0.56,0.303,0.749
P0281,Team_A,Guard,69,9.5,1.3,2.3,38.4,34,16,0.5,54.2,5.6,0.155,0.422,0.337,0.95
P0282,Team_L,Striker,36,16.3,11.2,15.3,15.1,29,4,5.81,49.5,14.8,0.306,0.344,0.38,0.687
P0283,Team_D,Striker,25,0.0,5.1,6.0,16.6,24,17,0.59,61.6,16.0,0.15,0.473,0.461,0.679
P0284,Team_I,Guard,77,15.3,0.0,4.6,22.9,21,6,0.92,63.7,18.8,0.334,0.503,0.39,0.58
P0285,Team_K,Defender,14,0.0,0.2,5.9,38.3,36,15,2.08,71.7,8.8,0.3,0.392,0.497,0.743
P0286,Team_B,Midfielder,71,9.1,8.8,8.8,20.5,30,15,2.58,52.3,24.6,0.364,0.519,0.268,0.857
P0287,Team_F,Striker,62,14.7,5.6,4.2,29.1,25,5,1.77,23.5,14.4,0.313,0.571,0.43,0.726
P0288,Team_H,Forward,55,22.6,2.1,10.2,23.4,33,3,6.71,7.6,17.9,0.127,0.523,0.307,0.597
P0289,Team_H,Defender,39,1.9,1.1,11.4,40.8,24,7,13.93,56.5,16.8,0.287,0.582,0.394,0.556
P0290,Team_C,Guard,49,13.8,0.3,9.1,25.6,36,2,12.77,13.6,12.8,0.329,0.364,0.415,0.688
P0291,Team_F,Guard,11,0.4,4.3,0.9,21.7,34,16,2.37,58.4,1.1,0.352,0.413,0.358,0.5
P0292,Team_K,Striker,77,12.7,4.6,9.0,21.0,21,9,2.95,68.4,15.9,0.38,0.391,0.323,0.691
P0293,Team_B,Forward,41,8.9,5.2,8.7,32.3,25,5,2.01,46.3,14.5,0.13,0.466,0.266,0.634
P0294,Team_C,Defender,19,2.2,9.0,1.2,20.3,28,8,0.58,40.6,7.9,0.135,0.446,0.286,0.8
P0295,Team_J,Defender,68,7.1,1.4,10.1,15.1,28,12,11.69,53.0,16.2,0.127,0.49,0.365,0.669
P0296,Team_C,Forward,45,4.0,4.6,6.2,17.5,37,10,10.03,34.7,28.8,0.241,0.557,0.38,0.794
P0297,Team_I,Striker,32,12.5,3.1,2.3,39.9,21,3,2.58,45.7,22.4,0.296,0.43,0.336,0.936
P0298,Team_E,Defender,78,16.3,8.5,7.4,25.3,27,0,6.45,35.8,15.3,0.332,0.328,0.373,0.702
P0299,Team_K,Defender,19,4.0,7.7,8.9,16.2,33,17,0.75,32.3,14.9,0.2,0.331,0.449,0.813
P0300,Team_L,Defender,81,14.2,1.9,0.2,29.7,36,7,2.38,83.1,9.1,0.168,0.566,0.333,0.745
P0301,Team_C,Defender,80,2.2,2.1,1.2,23.8,32,7,2.84,67.4,2.3,0.39,0.381,0.4,0.731
P0302,Team_E,Forward,22,5.0,2.3,0.0,30.2,22,9,2.07,68.1,9.2,0.3,0.448,0.351,0.818
P0303,Team_G,Defender,74,8.0,6.4,11.6,23.9,32,1,2.77,74.9,12.7,0.275,0.415,0.455,0.692
P0304,Team_I,Forward,11,13.2,6.6,9.4,19.5,26,5,1.19,62.4,18.5,0.156,0.435,0.379,0.604
P0305,Team_A,Guard,24,29.2,0.0,1.0,25.8,35,11,1.66,72.7,14.8,0.34,0.411,0.346,0.82
P0306,Team_F,Center,36,0.0,5.2,3.5,27.4,21,10,1.38,22.7,23.0,0.286,0.467,0.389,0.708
P0307,Team_D,Striker,53,4.0,9.3,6.6,40.2,22,0,4.38,61.2,21.0,0.238,0.498,0.39,0.753
P0308,Team_F,Guard,70,22.2,1.0,5.3,23.3,28,17,0.5,10.3,26.7,0.364,0.3,0.318,0.776
P0309,Team_G,Forward,28,7.7,0.4,4.1,18.4,23,7,6.17,20.1,10.5,0.17,0.497,0.34,0.845
P0310,Team_H,Defender,40,12.7,2.1,8.2,20.9,27,0,4.57,24.8,0.2,0.358,0.445,0.354,0.75
P0311,Team_G,Center,41,13.8,3.9,9.8,38.0,37,16,0.5,28.8,21.7,0.133,0.528,0.295,0.847
P0312,Team_E,Midfielder,79,1.3,1.9,4.0,5.9,37,8,3.01,70.8,13.3,0.19,0.45,0.458,0.636
P0313,Team_G,Striker,46,9.4,6.4,5.5,36.4,35,12,2.2,54.0,8.2,0.398,0.471,0.273,0.754
P0314,Team_D,Guard,68,12.9,6.8,8.6,22.3,30,10,12.25,50.2,0.0,0.221,0.576,0.411,0.921
P0315,Team_L,Guard,11,1.4,10.4,5.1,41.1,29,16,0.96,30.5,13.1,0.179,0.513,0.387,0.709
P0316,Team_H,Defender,28,11.7,9.6,2.3,8.0,24,16,2.56,53.3,2.8,0.108,0.394,0.349,0.728
P0317,Team_C,Defender,59,7.0,3.4,6.3,19.7,23,12,5.43,38.1,24.8,0.221,0.479,0.387,0.857
P0318,Team_G,Striker,36,2.9,3.4,3.6,17.3,35,7,1.41,59.3,9.1,0.245,0.473,0.323,0.776
P0319,Team_K,Defender,72,13.3,0.0,7.6,5.0,37,17,5.55,19.7,14.8,0.395,0.483,0.268,0.95
P0320,Team_C,Guard,18,3.5,0.0,0.0,28.5,35,1,3.49,33.3,18.2,0.356,0.511,0.398,0.674
P0321,Team_C,Guard,65,18.6,6.8,0.0,27.2,26,17,6.24,40.9,12.8,0.29,0.374,0.422,0.852
P0322,Team_G,Guard,61,24.5,2.2,12.2,27.5,21,13,1.66,5.9,0.0,0.251,0.483,0.284,0.95
P0323,Team_C,Striker,54,5.3,1.4,3.6,5.8,30,3,0.92,71.1,6.0,0.342,0.428,0.37,0.599
P0324,Team_G,Center,27,17.8,4.9,7.4,33.7,36,10,4.84,43.3,26.0,0.323,0.448,0.412,0.736
P0325,Team_D,Center,35,7.5,1.6,12.3,22.5,31,1,1.03,68.5,25.5,0.126,0.505,0.211,0.697
P0326,Team_E,Defender,13,0.3,5.9,8.1,18.1,31,10,3.39,34.5,6.4,0.225,0.306,0.288,0.785
P0327,Team_H,Forward,79,5.1,8.3,2.2,32.3,36,2,1.08,60.8,19.2,0.279,0.505,0.316,0.739
P0328,Team_A,Guard,48,13.1,0.0,0.0,20.2,21,14,10.78,65.6,1.7,0.319,0.328,0.386,0.718
P0329,Team_B,Guard,55,0.0,0.0,3.5,33.7,21,10,13.02,43.2,23.4,0.368,0.513,0.314,0.68
P0330,Team_L,Midfielder,17,13.6,5.8,14.4,44.1,30,3,5.08,53.9,0.0,0.322,0.395,0.216,0.635
P0331,Team_G,Center,81,35.3,3.2,2.2,33.8,26,4,3.45,50.3,12.5,0.305,0.429,0.368,0.679
P0332,Team_E,Forward,76,2.2,0.2,0.9,39.5,36,1,0.59,27.7,24.3,0.167,0.458,0.441,0.744
P0333,Team_G,Defender,76,15.5,2.5,0.7,25.8,34,13,1.39,38.2,13.0,0.235,0.395,0.304,0.778
P0334,Team_K,Striker,81,11.6,4.4,0.0,21.8,22,3,7.11,59.1,28.7,0.343,0.521,0.328,0.832
P0335,Team_C,Defender,69,15.8,4.0,9.2,40.1,26,7,1.39,22.4,12.6,0.23,0.576,0.324,0.819
P0336,Team_I,Midfielder,33,9.2,3.1,0.0,29.8,27,11,11.02,52.2,0.0,0.275,0.589,0.261,0.759
P0337,Team_J,Guard,52,7.4,3.8,5.7,26.9,36,6,3.97,43.0,14.9,0.362,0.503,0.29,0.679
P0338,Team_K,Guard,20,5.4,4.1,6.5,18.8,25,8,0.5,55.2,27.5,0.194,0.489,0.332,0.833
P0339,Team_E,Striker,35,7.1,6.9,1.9,28.6,22,14,0.5,56.7,0.0,0.311,0.538,0.383,0.95
P0340,Team_A,Forward,41,22.7,0.0,8.4,23.8,23,4,4.66,39.8,18.1,0.137,0.429,0.218,0.731
P0341,Team_C,Guard,16,14.0,4.9,5.5,21.0,35,12,1.56,60.1,5.6,0.136,0.391,0.426,0.841
P0342,Team_H,Guard,58,15.0,4.2,6.4,18.3,30,10,0.74,30.6,28.7,0.101,0.466,0.293,0.693
P0343,Team_G,Midfielder,60,14.7,9.6,4.7,31.0,32,0,2.69,46.1,10.0,0.146,0.452,0.439,0.824
P0344,Team_F,Striker,64,14.9,6.7,4.4,17.9,27,6,0.5,47.9,6.0,0.179,0.462,0.224,0.8
P0345,Team_F,Center,77,8.6,0.0,7.8,30.5,27,3,8.36,50.7,10.6,0.305,0.459,0.235,0.665
P0346,Team_K,Guard,22,12.2,4.0,5.3,18.3,36,8,9.42,46.2,5.0,0.398,0.605,0.23,0.619
P0347,Team_A,Midfielder,22,23.4,7.0,7.0,16.0,37,3,0.84,25.8,15.2,0.322,0.424,0.267,0.654
P0348,Team_C,Midfielder,58,15.2,2.3,9.9,38.2,32,7,0.5,22.6,16.2,0.287,0.395,0.376,0.735
P0349,Team_D,Guard,59,6.7,5.4,4.0,22.9,31,8,4.81,43.2,29.6,0.35,0.414,0.418,0.659
P0350,Team_L,Midfielder,25,9.4,1.7,0.0,34.1,22,4,1.58,42.5,9.0,0.279,0.557,0.314,0.662
P0351,Team_K,Defender,61,24.1,8.8,6.5,27.9,36,17,0.91,25.3,13.0,0.349,0.443,0.309,0.844
P0352,Team_C,Center,43,9.0,1.9,2.4,43.1,28,12,10.63,23.7,11.2,0.373,0.443,0.403,0.781
P0353,Team_D,Striker,72,9.2,1.5,8.3,13.3,26,1,0.54,78.1,12.9,0.346,0.412,0.239,0.778
P0354,Team_A,Midfielder,65,6.5,8.1,4.9,31.4,26,11,0.62,55.2,13.7,0.187,0.316,0.319,0.721
P0355,Team_L,Defender,18,1.8,0.0,9.7,25.3,20,12,5.11,100.0,6.0,0.137,0.431,0.32,0.653
P0356,Team_K,Midfielder,74,6.2,9.8,13.7,22.5,24,15,0.9,66.5,6.0,0.273,0.51,0.399,0.657
P0357,Team_I,Defender,56,27.3,8.1,3.8,18.7,27,5,0.5,41.5,16.3,0.14,0.527,0.309,0.794
P0358,Team_D,Guard,56,3.5,5.4,4.2,36.5,33,3,4.06,58.1,2.4,0.383,0.632,0.255,0.712
P0359,Team_I,Defender,64,11.2,5.2,1.3,16.1,24,2,4.13,64.6,18.2,0.232,0.3,0.401,0.822
P0360,Team_F,Defender,57,10.4,0.6,12.5,24.7,22,2,0.98,96.9,32.8,0.366,0.38,0.5,0.536
P0361,Team_C,Defender,33,21.2,3.7,5.9,20.2,24,12,0.96,45.3,0.0,0.29,0.381,0.326,0.732
P0362,Team_I,Forward,46,4.8,3.6,9.9,27.7,29,4,4.3,0.9,0.0,0.101,0.451,0.326,0.727
P0363,Team_B,Center,19,21.9,2.6,11.4,16.7,33,2,4.72,39.4,26.7,0.36,0.443,0.394,0.642
P0364,Team_H,Defender,23,0.0,2.7,8.0,32.9,30,15,0.61,62.3,17.5,0.241,0.382,0.25,0.76
P0365,Team_I,Striker,60,14.7,5.1,1.1,25.4,20,6,3.91,48.1,12.6,0.146,0.355,0.302,0.787
P0366,Team_E,Center,17,16.0,1.2,0.0,13.5,34,15,1.09,50.5,7.0,0.113,0.436,0.29,0.829
P0367,Team_E,Striker,31,9.1,6.2,9.1,20.0,33,6,3.45,71.4,20.4,0.116,0.34,0.34,0.737
P0368,Team_J,Midfielder,37,12.0,7.8,5.4,19.8,29,15,0.64,46.3,18.0,0.328,0.409,0.438,0.936
P0369,Team_A,Forward,37,17.4,0.0,4.1,21.2,24,0,5.73,26.8,14.0,0.236,0.55,0.353,0.809
P0370,Team_I,Midfielder,70,7.2,8.4,4.0,24.0,30,12,5.95,52.0,15.4,0.271,0.476,0.425,0.801
P0371,Team_F,Guard,81,3.1,8.0,8.4,14.9,23,2,2.42,45.4,10.1,0.12,0.475,0.309,0.775
P0372,Team_B,Striker,25,6.5,6.1,4.1,34.2,36,0,1.87,29.9,20.6,0.155,0.345,0.306,0.796
P0373,Team_J,Striker,66,0.0,5.2,8.6,29.9,27,11,5.02,53.8,2.0,0.148,0.482,0.335,0.57
P0374,Team_L,Midfielder,37,5.2,4.3,7.5,14.0,23,0,0.96,44.7,14.7,0.261,0.505,0.315,0.636
P0375,Team_I,Forward,64,8.1,6.9,7.7,33.1,29,1,1.07,64.5,33.8,0.237,0.358,0.357,0.686
P0376,Team_B,Defender,23,17.8,8.9,0.0,22.8,22,8,0.61,62.6,10.5,0.347,0.489,0.419,0.715
P0377,Team_D,Striker,58,11.0,2.6,2.8,31.1,32,2,0.5,62.8,10.9,0.292,0.484,0.326,0.838
P0378,Team_G,Center,18,12.2,4.8,5.5,30.1,23,11,3.99,65.7,9.9,0.38,0.512,0.368,0.508
P0379,Team_J,Guard,42,17.1,0.6,8.4,35.0,21,8,0.5,69.2,15.5,0.396,0.3,0.412,0.763
P0380,Team_A,Defender,77,5.1,3.1,9.7,20.3,30,4,0.57,52.8,6.5,0.231,0.452,0.344,0.742
P0381,Team_E,Guard,55,15.4,0.1,1.4,39.2,34,6,1.6,42.5,12.2,0.223,0.378,0.384,0.629
P0382,Team_J,Defender,72,5.1,0.2,5.3,12.4,25,14,0.5,46.4,22.1,0.351,0.372,0.311,0.794
P0383,Team_A,Defender,78,11.2,5.2,7.2,31.2,35,15,0.5,23.3,16.8,0.206,0.443,0.345,0.676
P0384,Team_H,Forward,41,25.1,0.0,10.7,12.8,28,10,1.02,71.0,25.8,0.117,0.453,0.321,0.5
P0385,Team_E,Midfielder,31,0.0,6.5,2.1,12.8,29,12,8.05,16.5,29.5,0.256,0.423,0.488,0.876
P0386,Team_B,Center,18,11.3,0.0,7.4,41.6,21,0,6.44,50.6,19.0,0.263,0.484,0.316,0.728
P0387,Team_G,Striker,20,6.7,10.2,6.7,30.9,35,1,0.5,76.0,15.6,0.199,0.593,0.27,0.728
P0388,Team_C,Midfielder,19,7.3,1.7,5.4,30.9,33,1,4.77,67.5,8.7,0.378,0.465,0.367,0.632
P0389,Team_K,Defender,57,8.5,8.5,11.8,22.4,36,7,0.96,51.4,19.8,0.205,0.424,0.272,0.791
P0390,Team_I,Defender,30,0.2,0.0,1.3,24.1,29,12,1.02,50.2,24.2,0.258,0.567,0.4,0.745
P0391,Team_D,Midfielder,39,16.0,5.2,0.0,12.0,26,12,7.66,19.1,19.7,0.36,0.5,0.333,0.63
P0392,Team_D,Center,64,0.9,0.0,1.0,5.0,33,11,0.5,44.9,12.8,0.134,0.589,0.422,0.921
P0393,Team_A,Midfielder,30,12.3,0.7,11.1,41.2,28,5,3.22,33.4,9.5,0.147,0.473,0.365,0.883
P0394,Team_F,Midfielder,49,7.7,4.8,9.8,27.2,28,7,2.3,48.1,23.8,0.155,0.456,0.357,0.722
P0395,Team_G,Guard,31,11.6,0.0,3.4,33.9,34,7,3.11,61.6,20.0,0.161,0.591,0.38,0.783
P0396,Team_J,Midfielder,26,22.4,5.8,9.8,17.1,22,0,5.81,17.7,17.0,0.384,0.492,0.324,0.863
P0397,Team_H,Midfielder,63,0.0,9.8,11.6,31.3,36,5,0.8,58.8,16.3,0.199,0.3,0.311,0.594
P0398,Team_C,Forward,64,23.2,2.1,8.2,18.4,21,16,5.21,91.7,18.7,0.25,0.494,0.303,0.773
P0399,Team_G,Guard,76,19.4,1.9,7.3,24.0,30,0,0.6,47.6,12.8,0.254,0.325,0.277,0.74
P0400,Team_A,Defender,71,0.3,3.3,4.2,35.1,33,11,0.5,42.9,25.7,0.243,0.377,0.327,0.68
P0401,Team_K,Striker,55,23.4,1.3,2.8,29.5,29,4,2.71,69.4,28.0,0.16,0.474,0.33,0.95
P0402,Team_E,Midfielder,72,12.6,2.3,11.0,26.0,37,5,4.76,31.6,16.2,0.31,0.499,0.325,0.877
P0403,Team_L,Defender,67,0.8,8.2,3.1,29.9,25,17,3.68,42.7,9.9,0.371,0.455,0.253,0.775
P0404,Team_A,Forward,56,16.4,2.4,10.5,27.5,23,9,8.35,64.6,21.0,0.271,0.454,0.349,0.756
P0405,Team_E,Striker,11,22.8,7.5,0.0,40.1,31,1,1.01,64.1,10.1,0.306,0.313,0.346,0.697
P0406,Team_J,Guard,18,15.0,1.2,13.7,45.6,21,1,1.38,48.6,19.0,0.17,0.404,0.442,0.645
P0407,Team_L,Center,33,15.6,0.4,14.8,21.0,26,1,5.25,41.7,27.1,0.135,0.409,0.307,0.758
P0408,Team_H,Guard,71,13.4,1.5,9.9,17.2,24,7,1.26,17.5,9.2,0.153,0.414,0.298,0.747
P0409,Team_E,Center,42,18.4,6.1,2.8,15.2,21,8,0.93,24.9,7.5,0.276,0.462,0.307,0.761
P0410,Team_G,Guard,70,24.8,4.8,3.4,33.3,20,16,0.75,26.7,15.3,0.367,0.335,0.31,0.753
P0411,Team_B,Midfielder,19,16.3,6.5,5.5,46.7,28,2,0.5,34.8,15.9,0.142,0.475,0.355,0.767
P0412,Team_J,Midfielder,73,5.1,8.7,4.7,12.0,21,16,3.49,41.7,0.0,0.272,0.409,0.336,0.767
P0413,Team_H,Midfielder,33,13.2,6.9,5.8,28.2,26,9,7.37,29.1,17.1,0.227,0.412,0.402,0.95
P0414,Team_F,Striker,70,16.2,0.0,5.7,19.1,26,11,2.33,65.3,12.9,0.128,0.549,0.426,0.756
P0415,Team_H,Defender,69,20.8,5.4,4.1,39.0,25,1,9.47,65.0,16.1,0.209,0.397,0.469,0.758
P0416,Team_L,Forward,45,13.1,0.9,1.8,34.9,37,14,8.34,78.6,7.4,0.265,0.513,0.376,0.693
P0417,Team_L,Center,74,0.0,6.0,3.4,32.6,24,7,1.63,73.3,12.9,0.214,0.411,0.336,0.735
P0418,Team_E,Midfielder,29,7.1,2.6,12.7,18.9,33,2,1.03,11.4,7.1,0.239,0.401,0.406,0.712
P0419,Team_A,Center,60,16.2,1.3,6.3,20.6,26,0,4.09,25.0,17.0,0.197,0.438,0.315,0.794
P0420,Team_G,Center,35,7.5,3.9,10.0,21.0,24,4,2.82,35.8,9.6,0.317,0.609,0.329,0.764
P0421,Team_C,Defender,30,12.1,1.7,9.3,20.5,25,12,2.95,68.6,10.9,0.301,0.474,0.259,0.636
P0422,Team_H,Forward,68,21.1,3.6,3.7,37.8,36,6,0.91,81.4,20.2,0.172,0.422,0.438,0.775
P0423,Team_C,Striker,77,0.7,4.5,0.9,12.8,33,6,1.04,16.0,12.9,0.321,0.348,0.319,0.705
P0424,Team_J,Guard,38,18.4,4.2,7.0,37.5,35,1,0.5,29.9,8.4,0.347,0.312,0.443,0.726
P0425,Team_L,Forward,32,10.2,2.9,12.0,17.6,27,6,3.63,55.1,26.5,0.233,0.323,0.378,0.697
P0426,Team_G,Defender,20,13.6,6.6,0.8,21.2,24,8,0.5,48.4,0.0,0.347,0.347,0.278,0.854
P0427,Team_E,Midfielder,33,10.9,7.5,2.0,15.4,27,12,1.72,40.8,11.9,0.15,0.381,0.331,0.709
P0428,Team_G,Guard,79,16.8,8.8,4.8,27.7,23,16,3.38,59.3,32.7,0.209,0.403,0.282,0.699
P0429,Team_K,Guard,16,16.5,2.6,4.8,18.2,31,0,1.44,58.1,9.3,0.136,0.374,0.388,0.775
P0430,Team_I,Forward,10,1.6,3.0,4.7,28.2,29,0,2.95,64.8,17.1,0.24,0.428,0.448,0.668
P0431,Team_K,Defender,27,13.1,6.3,11.2,20.4,31,11,2.11,40.6,11.8,0.352,0.441,0.326,0.758
P0432,Team_G,Center,19,28.6,7.5,1.6,30.5,29,2,1.46,45.1,28.9,0.331,0.493,0.323,0.84
P0433,Team_G,Midfielder,54,14.9,0.1,0.3,34.5,25,6,11.07,54.8,14.4,0.391,0.568,0.415,0.732
P0434,Team_B,Guard,42,18.4,0.0,5.1,19.2,20,3,0.5,35.1,11.4,0.257,0.408,0.44,0.735
P0435,Team_L,Striker,50,10.7,2.1,2.8,22.1,20,13,2.45,67.2,5.9,0.336,0.326,0.325,0.723
P0436,Team_A,Center,13,2.4,3.0,0.7,25.7,29,14,0.5,87.1,21.3,0.128,0.429,0.305,0.703
P0437,Team_D,Midfielder,72,12.7,3.6,9.6,15.8,26,11,2.01,46.3,13.9,0.273,0.3,0.436,0.914
P0438,Team_J,Striker,16,12.5,2.2,6.2,34.8,37,13,0.63,65.5,7.5,0.107,0.584,0.308,0.722
P0439,Team_J,Guard,57,8.2,5.3,4.9,29.9,23,10,0.5,86.3,16.6,0.108,0.476,0.219,0.778
P0440,Team_J,Center,17,15.0,0.0,6.9,27.7,35,13,2.33,56.5,22.1,0.118,0.313,0.364,0.847
P0441,Team_B,Midfielder,54,17.3,3.9,8.9,37.6,36,9,0.5,72.5,10.5,0.17,0.483,0.299,0.881
P0442,Team_K,Center,28,4.4,3.4,9.7,20.0,36,15,4.66,43.9,0.0,0.132,0.406,0.425,0.659
P0443,Team_G,Defender,61,17.2,3.5,1.0,38.1,31,17,2.38,83.2,14.7,0.24,0.444,0.322,0.665
P0444,Team_D,Defender,31,8.6,4.6,5.8,19.9,27,0,4.77,79.1,3.4,0.271,0.404,0.459,0.806
P0445,Team_F,Midfielder,62,9.4,7.2,7.8,40.2,25,10,5.75,39.2,10.6,0.318,0.534,0.3,0.863
P0446,Team_F,Forward,73,12.5,3.9,9.7,27.3,25,14,9.94,54.4,7.8,0.151,0.523,0.339,0.686
P0447,Team_D,Striker,72,11.0,4.8,7.8,36.2,24,16,0.5,28.4,0.0,0.367,0.429,0.337,0.639
P0448,Team_I,Forward,76,12.9,4.2,6.4,33.1,22,4,1.23,31.3,9.8,0.197,0.373,0.366,0.559
P0449,Team_E,Center,59,21.2,9.3,8.6,16.6,31,0,4.0,67.2,24.2,0.309,0.443,0.367,0.708
P0450,Team_L,Guard,72,8.5,6.0,7.6,30.1,24,15,0.5,81.6,0.0,0.236,0.453,0.255,0.759
P0451,Team_F,Midfielder,49,0.0,0.0,6.0,24.9,29,15,2.17,20.8,10.0,0.394,0.511,0.356,0.669
P0452,Team_E,Midfielder,20,0.0,4.0,0.0,14.6,33,10,2.25,46.4,12.5,0.147,0.452,0.318,0.725
P0453,Team_C,Forward,50,12.8,4.1,4.2,28.2,21,6,2.75,40.3,20.8,0.202,0.388,0.324,0.7
P0454,Team_I,Forward,38,5.8,4.0,2.9,41.5,32,12,9.32,37.6,22.1,0.281,0.455,0.368,0.829
P0455,Team_I,Guard,57,5.3,5.6,4.7,28.9,28,6,8.83,24.7,19.1,0.389,0.341,0.347,0.645
P0456,Team_F,Defender,12,7.6,6.9,7.0,36.3,36,13,1.81,63.8,23.9,0.203,0.558,0.374,0.705
P0457,Team_D,Forward,29,9.7,6.5,9.1,46.9,21,15,3.11,73.4,7.8,0.222,0.577,0.443,0.829
P0458,Team_G,Forward,10,15.1,6.4,1.5,13.4,20,0,0.5,29.8,14.3,0.319,0.475,0.253,0.825
P0459,Team_D,Defender,69,10.7,3.1,10.3,13.4,23,8,6.38,49.0,10.8,0.3,0.361,0.443,0.847
P0460,Team_D,Guard,46,7.5,0.2,2.2,12.5,24,15,0.7,45.7,17.4,0.193,0.464,0.385,0.759
P0461,Team_I,Center,20,11.4,4.6,4.1,16.3,29,10,1.22,67.7,6.7,0.334,0.431,0.29,0.837
P0462,Team_B,Defender,45,7.7,1.7,8.1,37.1,22,4,0.5,71.2,19.2,0.339,0.502,0.385,0.723
P0463,Team_G,Forward,57,8.8,0.6,1.5,24.9,31,7,0.5,74.1,15.3,0.251,0.475,0.313,0.845
P0464,Team_L,Defender,17,2.7,2.6,5.9,18.3,32,0,4.52,15.3,14.2,0.377,0.463,0.301,0.844
P0465,Team_L,Center,31,9.4,3.2,0.0,12.7,35,15,3.21,82.2,11.0,0.185,0.404,0.2,0.876
P0466,Team_L,Striker,74,9.0,6.1,0.0,36.9,30,7,0.9,73.0,17.3,0.277,0.47,0.321,0.626
P0467,Team_H,Striker,17,27.2,5.5,13.1,13.1,33,8,2.64,27.1,10.7,0.203,0.396,0.361,0.754
P0468,Team_J,Defender,40,8.6,0.0,9.7,33.6,22,4,1.5,66.4,7.1,0.386,0.435,0.38,0.626
P0469,Team_J,Center,49,7.8,9.6,7.5,26.5,26,10,0.5,59.7,21.0,0.155,0.557,0.327,0.722
P0470,Team_C,Forward,31,11.4,0.6,6.5,5.0,21,17,0.5,76.3,12.8,0.208,0.405,0.323,0.705
P0471,Team_C,Striker,57,8.6,6.0,3.8,46.9,37,3,1.83,73.7,22.2,0.211,0.308,0.304,0.759
P0472,Team_I,Forward,28,10.8,5.1,14.6,27.7,29,5,1.59,35.4,19.0,0.144,0.518,0.43,0.719
P0473,Team_H,Defender,13,5.4,3.5,12.4,36.4,24,1,1.18,60.8,20.1,0.182,0.492,0.394,0.711
P0474,Team_F,Midfielder,17,0.2,6.0,0.0,38.3,37,2,0.63,76.8,15.9,0.231,0.505,0.334,0.769
P0475,Team_K,Midfielder,63,3.2,8.9,3.0,20.1,20,9,0.7,21.2,15.1,0.383,0.42,0.341,0.802
P0476,Team_E,Center,20,12.5,1.4,5.6,23.4,27,6,0.5,58.2,11.6,0.181,0.532,0.3,0.848
P0477,Team_L,Midfielder,19,12.2,0.3,0.0,31.6,30,3,1.22,35.4,21.9,0.285,0.497,0.313,0.763
P0478,Team_C,Guard,12,6.6,3.6,7.9,24.9,22,1,2.67,41.4,14.9,0.179,0.465,0.324,0.921
P0479,Team_F,Center,71,9.1,10.0,8.7,11.7,25,8,1.33,23.7,2.1,0.277,0.384,0.286,0.636
P0480,Team_E,Midfielder,45,9.2,4.1,2.3,22.0,28,8,2.38,85.1,2.7,0.17,0.65,0.389,0.84
P0481,Team_L,Center,69,15.1,4.3,0.0,27.9,26,0,0.66,62.6,15.7,0.364,0.554,0.414,0.772
P0482,Team_A,Forward,33,24.1,2.1,11.1,26.1,29,13,0.72,34.9,0.0,0.142,0.426,0.361,0.837
P0483,Team_C,Midfielder,36,23.7,0.6,6.2,30.4,28,3,4.66,33.5,6.4,0.213,0.482,0.352,0.727
P0484,Team_D,Striker,41,14.4,7.4,4.0,22.6,21,10,4.29,53.3,6.2,0.156,0.453,0.382,0.586
P0485,Team_K,Forward,79,9.9,3.1,11.5,23.0,28,2,1.54,65.3,20.2,0.327,0.3,0.272,0.639
P0486,Team_E,Guard,20,8.8,5.8,3.4,27.6,20,10,0.89,29.0,8.2,0.349,0.581,0.315,0.743
P0487,Team_A,Guard,58,27.0,2.8,1.6,22.5,37,9,3.2,57.1,10.9,0.31,0.422,0.265,0.758
P0488,Team_E,Guard,35,26.9,1.9,4.3,15.7,37,0,1.71,25.8,8.5,0.103,0.526,0.306,0.644
P0489,Team_C,Defender,66,0.3,0.2,0.0,26.2,32,12,0.87,62.2,20.7,0.319,0.437,0.321,0.736
P0490,Team_A,Guard,37,15.5,0.0,2.3,18.1,29,1,0.5,61.6,20.8,0.381,0.484,0.411,0.729
P0491,Team_B,Midfielder,70,20.6,7.2,6.6,37.1,37,5,7.21,88.3,30.7,0.355,0.366,0.339,0.619
P0492,Team_A,Forward,45,7.5,10.2,2.3,26.7,22,6,4.53,63.7,5.3,0.258,0.47,0.325,0.939
P0493,Team_B,Striker,76,11.5,4.7,0.0,21.0,26,11,0.5,26.6,13.7,0.247,0.421,0.314,0.71
P0494,Team_I,Striker,48,6.7,4.2,6.9,24.0,23,17,5.77,90.7,10.1,0.372,0.501,0.321,0.646
P0495,Team_E,Midfielder,54,11.7,6.4,1.6,32.5,30,12,0.57,32.1,13.2,0.38,0.425,0.423,0.684
P0496,Team_D,Defender,10,6.2,5.0,6.7,16.5,33,17,1.81,40.0,0.0,0.301,0.476,0.35,0.95
P0497,Team_I,Midfielder,31,19.0,3.5,9.6,27.4,36,2,0.5,77.8,15.3,0.336,0.499,0.366,0.719
P0498,Team_B,Center,72,8.4,7.1,8.1,12.5,28,4,1.81,68.1,6.7,0.362,0.377,0.354,0.788
P0499,Team_E,Center,19,19.0,6.4,5.4,26.1,36,11,5.09,60.5,19.3,0.174,0.382,0.331,0.95
P0500,Team_F,Center,16,10.9,2.9,2.2,23.0,20,2,0.5,65.5,12.7,0.191,0.543,0.314,0.724
P0501,Team_D,Center,60,14.3,3.4,10.6,14.5,35,7,5.31,67.1,17.9,0.223,0.501,0.421,0.681
P0502,Team_B,Striker,35,13.5,6.4,0.0,24.5,34,1,0.5,49.1,14.4,0.135,0.496,0.332,0.755
P0503,Team_F,Striker,25,26.1,6.7,12.2,31.4,24,9,5.22,50.5,35.0,0.126,0.394,0.339,0.864
P0504,Team_E,Forward,11,1.9,3.1,4.7,17.0,22,7,7.8,57.8,23.2,0.338,0.468,0.33,0.899
P0505,Team_K,Midfielder,76,15.6,6.9,6.1,17.4,28,2,2.01,67.2,35.0,0.371,0.432,0.288,0.802
P0506,Team_D,Midfielder,66,14.6,0.6,0.6,26.8,22,1,1.8,33.1,11.0,0.118,0.446,0.259,0.898
P0507,Team_J,Guard,46,26.6,1.5,6.3,15.6,22,0,0.5,45.7,18.6,0.298,0.419,0.348,0.851
P0508,Team_F,Midfielder,77,2.9,3.1,3.5,37.0,23,9,1.71,49.8,21.5,0.12,0.483,0.33,0.795
P0509,Team_I,Midfielder,27,7.8,0.0,14.6,31.4,34,0,3.64,52.6,24.1,0.387,0.507,0.5,0.624
P0510,Team_G,Guard,42,16.5,7.9,4.6,34.6,33,8,2.63,33.9,29.7,0.131,0.466,0.34,0.641
P0511,Team_K,Striker,47,10.6,4.7,4.0,27.8,31,13,0.5,62.8,12.4,0.374,0.374,0.34,0.84
P0512,Team_J,Striker,10,18.6,0.0,5.3,33.0,24,5,1.22,45.0,13.3,0.23,0.423,0.307,0.541
P0513,Team_L,Guard,69,15.1,3.4,8.4,35.5,20,0,1.75,33.1,12.6,0.4,0.583,0.332,0.831
P0514,Team_B,Midfielder,39,16.0,4.0,2.3,5.0,21,0,1.94,44.6,28.5,0.301,0.464,0.367,0.727
P0515,Team_I,Striker,29,15.1,1.8,12.0,26.2,25,3,2.76,53.6,23.9,0.29,0.41,0.376,0.893
P0516,Team_H,Forward,66,17.4,3.2,8.6,24.0,23,5,1.81,62.8,15.0,0.244,0.506,0.48,0.74
P0517,Team_G,Striker,70,11.5,1.2,6.8,43.6,21,0,7.3,41.1,12.8,0.299,0.401,0.314,0.76
P0518,Team_D,Guard,65,6.0,5.7,11.6,38.7,33,1,5.27,67.1,23.5,0.352,0.512,0.419,0.838
P0519,Team_J,Midfielder,69,13.6,9.7,6.6,15.1,36,2,0.5,100.0,25.3,0.313,0.393,0.411,0.5
P0520,Team_F,Defender,11,4.4,2.8,12.0,5.0,30,2,0.97,32.6,20.7,0.176,0.386,0.401,0.661
P0521,Team_D,Striker,71,14.3,6.1,6.8,27.1,30,16,2.31,60.7,7.3,0.32,0.514,0.275,0.742
P0522,Team_D,Midfielder,59,7.6,4.8,5.5,40.4,31,7,2.05,48.8,17.2,0.346,0.42,0.346,0.676
P0523,Team_L,Forward,68,19.3,4.7,2.1,44.4,20,15,2.74,79.0,17.8,0.111,0.392,0.336,0.684
P0524,Team_C,Center,22,0.0,8.3,8.0,11.5,28,15,2.45,29.6,5.9,0.115,0.41,0.289,0.91
P0525,Team_K,Forward,14,19.5,3.4,4.3,31.5,27,6,3.95,42.9,30.1,0.194,0.384,0.289,0.696
P0526,Team_E,Guard,49,12.4,2.8,5.0,33.2,31,13,3.19,69.0,21.1,0.134,0.383,0.382,0.846
P0527,Team_F,Center,46,16.2,3.3,2.3,33.3,28,7,0.5,79.7,13.4,0.107,0.3,0.208,0.887
P0528,Team_A,Midfielder,70,6.2,9.5,0.0,21.9,25,16,2.05,66.9,12.6,0.293,0.473,0.341,0.758
P0529,Team_F,Center,76,0.7,4.9,1.2,24.8,33,9,0.61,51.5,27.9,0.359,0.478,0.215,0.731
P0530,Team_L,Guard,71,12.9,4.1,0.0,11.7,26,5,1.33,31.3,14.2,0.281,0.472,0.346,0.655
P0531,Team_A,Forward,47,17.7,0.0,5.3,14.3,25,12,7.45,58.4,5.2,0.144,0.424,0.302,0.751
P0532,Team_I,Forward,50,23.4,5.3,8.3,29.4,32,4,1.84,42.9,20.6,0.237,0.468,0.44,0.794
