trip_id,route,vehicle_type,departure_hour,distance_km,passengers,fare_amount,delay_minutes,day_of_week,is_holiday,weather_condition,on_time_pct,passenger_satisfaction,origin_lat,origin_lon,dest_lat,dest_lon
T000001,Route_14,Ferry,12,32.9,25,9.95,9.1,Fri,0,Snow,0.909,2.1,40.72332,-73.75257,40.64217,-73.92715
T000002,Route_6,Train,10,14.0,27,13.08,1.4,Mon,1,Clear,0.861,2.9,40.80171,-73.91464,40.97182,-74.09462
T000003,Route_9,Subway,19,15.5,25,9.28,13.3,Thu,0,Clear,0.758,2.4,40.88819,-73.89061,40.8341,-74.09359
T000004,Route_4,Train,16,35.8,27,7.47,24.9,Mon,0,Clear,0.85,4.0,40.91126,-73.73197,40.87871,-73.81932
T000005,Route_18,Bus,14,16.1,27,8.97,6.1,Sat,0,Clear,0.755,4.9,40.92498,-74.05922,40.78989,-74.04698
T000006,Route_14,Train,19,25.0,37,5.13,3.4,Sat,0,Snow,0.851,4.5,40.925,-73.9158,40.56964,-74.03914
T000007,Route_11,Bus,9,21.9,25,14.95,4.9,Mon,1,Clear,0.856,4.8,40.75384,-73.88682,40.68145,-73.76184
T000008,Route_9,Subway,13,15.8,31,11.55,13.0,Tue,0,Fog,0.728,5.0,40.50283,-73.98568,40.84686,-73.91303
T000009,Route_8,Train,22,3.9,28,7.68,5.8,Mon,0,Rain,0.734,4.3,40.61317,-73.71443,40.75701,-73.70056
T000010,Route_2,Tram,9,31.2,38,14.74,9.6,Wed,0,Clear,0.866,3.1,40.53325,-73.88188,40.88404,-73.88515
T000011,Route_12,Bus,2,29.8,27,6.4,0.4,Tue,0,Clear,1.0,2.0,40.64132,-73.9044,40.79815,-74.02442
T000012,Route_8,Bus,11,41.2,31,14.36,6.4,Mon,0,Snow,0.916,3.5,40.78472,-74.04733,40.88534,-74.09509
T000013,Route_10,Train,10,42.5,28,2.61,11.3,Mon,0,Snow,0.761,3.6,40.54749,-74.0011,40.94126,-73.81401
T000014,Route_19,Bus,0,28.1,36,4.59,3.8,Sun,0,Rain,0.869,4.8,40.82857,-73.71242,40.57707,-73.95035
T000015,Route_8,Subway,1,36.4,29,3.26,0.9,Sun,0,Clear,0.923,3.2,40.74531,-74.09715,40.64789,-73.90568
T000016,Route_6,Train,14,7.1,25,9.0,0.1,Sat,0,Clear,0.832,4.1,40.59786,-73.72235,40.82356,-74.02637
T000017,Route_18,Subway,9,26.8,27,7.32,4.0,Thu,0,Rain,0.729,1.7,40.979,-73.90096,40.8035,-73.99202
T000018,Route_17,Subway,13,12.1,31,9.08,0.7,Wed,0,Clear,0.768,2.1,40.66158,-73.91979,40.66889,-73.71451
T000019,Route_19,Tram,6,15.5,26,6.77,2.6,Fri,0,Clear,0.923,4.3,40.84586,-73.85462,40.51233,-73.84395
T000020,Route_18,Ferry,14,36.9,29,10.6,6.7,Sat,0,Rain,0.807,4.3,40.83648,-73.7635,40.5912,-73.90412
T000021,Route_8,Train,5,21.1,41,6.77,7.0,Sun,0,Clear,0.762,4.7,40.85519,-74.09738,40.87925,-74.07739
T000022,Route_2,Train,2,4.0,33,11.23,2.7,Sat,0,Rain,0.758,3.2,40.58865,-74.01719,40.88799,-74.01633
T000023,Route_7,Subway,15,15.5,29,5.79,5.3,Sat,0,Clear,0.807,2.4,40.95921,-73.70152,40.87048,-73.70098
T000024,Route_10,Tram,18,29.1,38,13.02,2.1,Tue,0,Rain,0.946,4.1,40.71615,-74.02956,40.78928,-73.96306
T000025,Route_12,Subway,10,28.5,28,10.34,4.3,Fri,0,Clear,0.812,4.8,40.78436,-73.87686,40.61896,-73.90383
T000026,Route_1,Bus,17,20.1,39,12.07,5.0,Wed,0,Clear,0.906,3.2,40.70093,-74.02681,40.58968,-74.0525
T000027,Route_6,Train,1,43.9,40,8.41,3.2,Sat,0,Clear,0.943,3.6,40.81166,-73.86941,40.57567,-73.99574
T000028,Route_10,Tram,8,1.0,29,5.88,4.3,Wed,0,Rain,1.0,2.3,40.82259,-73.95241,40.86216,-73.9358
T000029,Route_11,Tram,22,21.2,35,9.41,7.4,Mon,0,Rain,0.824,2.9,40.5211,-73.71251,40.81812,-73.95946
T000030,Route_10,Subway,22,22.8,27,6.64,4.2,Wed,1,Clear,0.812,2.2,40.79803,-73.92243,40.69457,-73.99266
T000031,Route_2,Subway,12,25.1,27,13.11,0.6,Tue,0,Rain,0.785,4.2,40.84534,-73.88689,40.83414,-73.99696
T000032,Route_11,Subway,17,13.0,30,11.44,0.0,Sat,0,Clear,0.986,5.0,40.80497,-73.74317,40.95862,-73.8782
T000033,Route_11,Tram,2,4.1,28,10.7,1.5,Mon,0,Clear,0.902,4.2,40.62916,-73.87294,40.58497,-73.76294
T000034,Route_20,Ferry,3,24.9,29,11.37,0.2,Wed,1,Clear,0.926,4.3,40.60489,-73.8503,40.99666,-73.81888
T000035,Route_3,Ferry,8,26.0,23,2.0,20.1,Tue,1,Clear,0.762,3.2,40.74462,-73.74903,40.59966,-74.05348
T000036,Route_9,Train,6,26.6,28,5.69,2.2,Mon,1,Rain,0.737,2.5,40.9519,-73.99364,40.58638,-73.74797
T000037,Route_3,Train,5,10.7,28,8.16,1.5,Tue,0,Rain,0.723,4.8,40.56376,-73.95083,40.68969,-73.93302
T000038,Route_16,Train,3,20.1,33,12.05,0.2,Sat,0,Clear,0.853,3.6,40.83498,-74.09854,40.85609,-74.04252
T000039,Route_18,Subway,12,44.5,29,14.35,0.2,Tue,0,Clear,0.781,2.8,40.96927,-74.0105,40.9167,-73.89791
T000040,Route_9,Subway,18,3.6,31,13.25,0.3,Tue,0,Clear,0.841,3.0,40.80889,-73.92553,40.576,-73.73302
T000041,Route_12,Ferry,13,6.4,24,13.63,5.0,Fri,0,Rain,0.854,2.9,40.87146,-73.89871,40.5802,-74.09861
T000042,Route_15,Bus,9,28.4,33,10.65,1.5,Tue,0,Clear,0.787,1.9,40.57968,-73.76529,40.88064,-73.74299
T000043,Route_3,Bus,6,33.4,27,2.44,2.6,Sun,0,Snow,1.0,3.2,40.76082,-73.89916,40.78827,-73.70242
T000044,Route_3,Tram,2,31.1,20,6.99,0.1,Tue,0,Clear,0.899,3.2,40.5409,-73.77311,40.89316,-73.95042
T000045,Route_6,Train,4,9.5,26,3.65,0.1,Fri,0,Clear,0.912,2.6,40.92646,-73.77194,40.6355,-73.74261
T000046,Route_17,Train,1,22.6,30,8.59,2.9,Wed,0,Clear,0.803,4.7,40.86323,-73.93015,40.88558,-73.95973
T000047,Route_8,Tram,19,43.2,25,7.43,0.1,Mon,0,Rain,0.876,3.6,40.60857,-73.97221,40.89404,-73.99451
T000048,Route_4,Train,8,5.3,25,4.85,3.0,Mon,0,Clear,0.849,3.7,40.75441,-74.05692,40.52418,-74.00002
T000049,Route_16,Subway,14,37.3,27,2.15,1.7,Tue,0,Rain,0.94,3.3,40.93253,-73.98713,40.81794,-74.0961
T000050,Route_12,Ferry,11,43.0,33,6.35,0.2,Sun,0,Rain,0.788,1.6,40.75238,-74.09529,40.88782,-73.71039
T000051,Route_8,Bus,1,37.1,42,11.03,2.4,Mon,0,Clear,0.839,4.6,40.51839,-73.80012,40.52848,-73.71416
T000052,Route_2,Train,18,2.5,37,5.66,2.3,Sat,0,Clear,0.899,4.5,40.60443,-73.76241,40.87753,-74.06208
T000053,Route_14,Tram,19,31.4,27,12.22,2.6,Sun,1,Clear,0.872,3.6,40.54542,-74.0025,40.54511,-73.91604
T000054,Route_1,Ferry,11,26.3,24,10.11,1.9,Sun,0,Rain,0.866,3.0,40.65199,-73.70825,40.66653,-73.94807
T000055,Route_4,Train,11,32.4,38,4.24,7.8,Sat,0,Clear,0.827,4.0,40.55715,-73.70748,40.91441,-73.94574
T000056,Route_20,Subway,21,21.4,29,13.06,0.2,Thu,0,Clear,0.857,3.5,40.50005,-73.93221,40.62573,-73.70901
T000057,Route_12,Bus,22,25.3,26,12.93,3.4,Sat,0,Clear,0.815,2.3,40.77824,-73.88016,40.82322,-73.75557
T000058,Route_13,Ferry,14,13.0,18,10.27,1.2,Sat,0,Rain,0.801,3.7,40.70635,-73.83443,40.95547,-73.99438
T000059,Route_20,Bus,10,23.4,25,3.49,2.5,Fri,0,Clear,0.836,2.6,40.98153,-73.87066,40.7909,-74.05323
T000060,Route_5,Ferry,20,7.9,25,2.06,2.2,Thu,0,Rain,0.886,4.3,40.51342,-73.92126,40.92356,-73.95636
T000061,Route_3,Ferry,0,11.1,30,2.4,24.4,Mon,0,Clear,0.897,3.1,40.63978,-73.70416,40.88472,-74.00175
T000062,Route_17,Tram,11,17.8,22,13.79,9.2,Thu,0,Clear,0.794,3.8,40.98827,-73.90825,40.59965,-73.94623
T000063,Route_1,Ferry,18,23.6,26,13.99,5.5,Tue,0,Rain,0.753,4.0,40.89316,-73.82211,40.52385,-73.74903
T000064,Route_6,Bus,0,35.4,26,13.6,10.0,Thu,0,Rain,0.92,4.4,40.82521,-73.86617,40.59562,-74.04196
T000065,Route_12,Tram,15,13.4,30,11.16,5.6,Tue,0,Snow,0.871,4.0,40.62176,-74.039,40.61101,-74.01851
T000066,Route_20,Tram,15,15.8,27,13.67,11.2,Sat,0,Snow,0.689,3.2,40.77436,-73.79503,40.55666,-74.07135
T000067,Route_7,Tram,11,6.5,30,11.76,2.1,Thu,0,Clear,0.845,4.9,40.87484,-73.91365,40.60144,-73.91625
T000068,Route_6,Ferry,0,36.6,35,2.51,2.5,Sun,0,Clear,0.95,2.9,40.51452,-74.05502,40.63346,-73.91544
T000069,Route_12,Ferry,14,14.8,28,11.4,5.7,Wed,0,Clear,0.64,2.6,40.52593,-74.03435,40.53718,-73.8831
T000070,Route_15,Train,1,14.8,29,9.32,1.2,Tue,1,Rain,0.88,3.5,40.9659,-73.73816,40.97527,-74.09809
T000071,Route_14,Bus,6,26.1,20,9.91,2.3,Mon,0,Clear,0.854,3.3,40.99155,-73.76262,40.92176,-74.07285
T000072,Route_9,Ferry,5,37.8,21,12.01,2.1,Sun,0,Clear,0.834,3.0,40.89849,-73.97605,40.97604,-73.97476
T000073,Route_10,Train,13,43.5,21,14.92,15.2,Mon,0,Clear,0.899,2.8,40.88216,-73.89326,40.7812,-73.90405
T000074,Route_2,Train,5,6.7,24,13.18,5.4,Sun,1,Rain,0.757,3.1,40.5197,-73.72172,40.71951,-74.0279
T000075,Route_3,Subway,1,15.5,29,13.7,0.0,Fri,0,Clear,0.965,2.5,40.62232,-73.85011,40.8413,-74.03206
T000076,Route_12,Subway,22,38.4,40,2.54,1.2,Thu,1,Clear,1.0,3.4,40.91195,-74.01011,40.69495,-74.00541
T000077,Route_2,Train,17,0.9,25,11.63,0.3,Thu,0,Snow,0.888,3.9,40.72215,-73.73765,40.80432,-73.93791
T000078,Route_12,Subway,2,32.6,29,14.28,0.6,Thu,0,Clear,0.845,4.4,40.6507,-73.83149,40.6574,-74.06027
T000079,Route_8,Tram,13,43.1,29,1.6,5.9,Tue,1,Snow,0.88,5.0,40.79076,-74.06071,40.53343,-74.06073
T000080,Route_13,Ferry,20,16.9,25,14.47,1.0,Mon,1,Clear,0.832,3.9,40.69724,-73.81716,40.88053,-74.09322
T000081,Route_12,Train,5,11.6,24,1.56,7.2,Thu,0,Clear,0.825,4.8,40.81464,-74.01536,40.8787,-74.0595
T000082,Route_8,Bus,6,33.1,37,7.64,10.7,Thu,0,Rain,0.955,2.7,40.80583,-74.0077,40.8949,-73.96445
T000083,Route_7,Ferry,9,16.2,30,1.9,0.7,Sun,0,Clear,1.0,4.2,40.93461,-73.87268,40.83466,-73.93532
T000084,Route_15,Train,9,2.5,29,9.82,6.8,Sat,0,Clear,0.914,4.2,40.72193,-73.87129,40.77576,-73.94147
T000085,Route_4,Train,22,38.9,23,2.18,1.2,Fri,0,Clear,0.829,2.9,40.60829,-73.8039,40.8658,-73.90854
T000086,Route_13,Ferry,12,1.0,21,10.53,0.7,Fri,0,Rain,0.877,3.3,40.67474,-73.96054,40.55636,-73.97544
T000087,Route_20,Bus,22,30.2,29,10.24,4.3,Sat,0,Clear,0.796,3.8,40.86331,-73.76393,40.86884,-73.96989
T000088,Route_1,Bus,22,41.5,28,9.69,1.0,Sat,0,Clear,0.925,4.6,40.96937,-74.03759,40.51261,-73.84991
T000089,Route_17,Ferry,5,3.7,38,13.76,2.1,Thu,0,Clear,1.0,3.5,40.89568,-74.01976,40.86812,-73.83345
T000090,Route_15,Ferry,3,26.1,29,6.84,2.8,Tue,0,Clear,0.917,1.7,40.56931,-73.76504,40.67991,-73.72966
T000091,Route_14,Subway,9,8.4,25,3.91,7.2,Tue,0,Snow,0.964,4.3,40.84558,-73.83148,40.58868,-74.09269
T000092,Route_4,Bus,19,43.6,37,4.08,3.6,Wed,0,Clear,0.75,3.9,40.90111,-74.00584,40.67452,-73.86734
T000093,Route_8,Train,19,2.7,30,11.02,2.8,Sat,0,Snow,0.895,3.2,40.86393,-73.70595,40.58335,-74.03571
T000094,Route_18,Subway,20,6.3,32,2.41,6.1,Thu,1,Snow,0.937,3.6,40.93853,-73.76353,40.81769,-73.84056
T000095,Route_11,Ferry,5,40.5,41,2.44,7.5,Wed,0,Clear,0.877,2.7,40.95581,-74.04879,40.53698,-73.78981
T000096,Route_17,Subway,21,20.0,27,14.06,5.8,Sat,0,Clear,0.807,2.6,40.5547,-73.84074,40.96475,-73.95358
T000097,Route_14,Ferry,6,17.9,35,3.7,13.7,Wed,0,Rain,0.825,3.2,40.9266,-74.02779,40.65204,-73.82702
T000098,Route_20,Train,10,11.4,29,1.64,5.5,Tue,0,Clear,0.735,2.4,40.84325,-74.01586,40.82709,-73.96032
T000099,Route_5,Ferry,16,11.5,35,2.98,0.1,Thu,0,Clear,0.925,3.7,40.94263,-73.86438,40.7498,-73.84171
T000100,Route_18,Subway,5,29.4,26,4.49,1.3,Tue,0,Fog,0.859,3.0,40.87848,-73.93535,40.73764,-73.9819
T000101,Route_9,Train,20,5.8,25,4.16,1.3,Wed,0,Rain,0.969,3.0,40.86871,-74.07384,40.75982,-73.71092
T000102,Route_20,Bus,6,15.4,22,14.75,0.2,Sun,0,Rain,0.914,3.5,40.70091,-73.90533,40.63866,-73.94734
T000103,Route_12,Tram,1,14.9,40,8.6,0.1,Sun,0,Clear,0.897,3.6,40.91482,-74.04925,40.78757,-73.84773
T000104,Route_7,Train,7,22.9,33,4.04,2.4,Mon,0,Rain,0.717,2.2,40.79832,-74.08962,40.51398,-74.06238
T000105,Route_16,Tram,8,7.1,18,2.59,0.9,Fri,0,Clear,0.705,3.0,40.98585,-74.03995,40.67063,-73.99471
T000106,Route_5,Train,15,12.0,34,5.75,11.0,Fri,1,Snow,0.874,2.8,40.82083,-74.05382,40.98193,-74.05971
T000107,Route_12,Bus,5,24.5,37,2.42,5.0,Fri,0,Clear,0.986,2.8,40.60319,-73.89245,40.79751,-73.91821
T000108,Route_20,Train,7,12.6,32,4.67,2.3,Tue,0,Clear,0.922,1.8,40.97431,-74.06555,40.81297,-74.06216
T000109,Route_4,Ferry,6,8.0,32,4.72,3.9,Sun,0,Rain,0.842,4.1,40.50341,-73.9473,40.88078,-73.88347
T000110,Route_12,Subway,2,22.5,34,5.57,4.7,Mon,0,Clear,0.933,4.6,40.78956,-74.02441,40.99501,-73.86777
T000111,Route_13,Tram,12,20.3,25,12.36,0.7,Wed,0,Clear,0.848,3.5,40.96466,-73.92523,40.84403,-73.90579
T000112,Route_14,Tram,21,25.0,35,3.55,18.6,Sun,0,Snow,0.924,3.6,40.71069,-73.97631,40.93986,-73.91833
T000113,Route_7,Tram,16,9.7,27,10.81,1.9,Fri,0,Rain,0.99,2.2,40.57607,-73.94252,40.90316,-73.92794
T000114,Route_6,Ferry,22,24.1,32,12.32,0.9,Wed,0,Clear,0.78,3.8,40.91949,-73.92493,40.77365,-73.8834
T000115,Route_14,Tram,21,38.9,32,11.73,3.5,Sun,0,Clear,0.672,2.2,40.50285,-74.05874,40.55496,-73.87654
T000116,Route_14,Subway,3,9.7,36,9.05,2.0,Tue,0,Clear,0.727,2.2,40.73046,-73.92355,40.79345,-74.02285
T000117,Route_11,Ferry,3,29.4,37,1.54,3.7,Sun,0,Rain,0.898,3.0,40.70119,-73.83583,40.56156,-73.84623
T000118,Route_2,Bus,18,28.6,32,9.47,4.7,Thu,0,Rain,0.737,3.6,40.97406,-74.08403,40.55094,-73.8194
T000119,Route_9,Bus,20,37.8,41,14.56,1.8,Wed,0,Clear,1.0,2.6,40.80636,-73.78512,40.92563,-73.7184
T000120,Route_15,Subway,21,14.8,28,6.96,8.3,Wed,0,Rain,0.88,3.3,40.6646,-74.02172,40.73613,-73.80493
T000121,Route_4,Train,9,7.7,34,1.77,15.1,Fri,0,Rain,0.707,3.9,40.85576,-73.89363,40.59175,-74.01839
T000122,Route_18,Bus,22,22.6,26,8.56,1.1,Sun,0,Fog,0.823,3.7,40.7169,-74.00255,40.57068,-73.80645
T000123,Route_10,Ferry,4,16.8,32,13.59,0.9,Wed,1,Clear,0.851,4.8,40.71951,-73.91829,40.8903,-73.75302
T000124,Route_6,Tram,15,4.0,40,7.47,4.1,Thu,0,Clear,0.856,3.0,40.63351,-73.91611,40.5378,-73.72943
T000125,Route_20,Bus,16,19.8,32,2.24,10.0,Tue,0,Clear,0.909,3.4,40.78212,-73.84443,40.83245,-73.97107
T000126,Route_15,Train,0,20.0,32,10.1,15.8,Fri,0,Clear,0.885,3.1,40.64198,-73.80608,40.98417,-73.79009
T000127,Route_2,Tram,21,1.8,32,13.15,2.6,Mon,0,Clear,0.783,4.6,40.96944,-73.99902,40.52305,-73.92113
T000128,Route_12,Tram,17,4.6,36,6.98,3.1,Sun,0,Rain,0.863,3.6,40.84389,-73.86417,40.51711,-73.98222
T000129,Route_11,Bus,16,14.6,26,10.79,5.0,Mon,0,Clear,0.834,2.8,40.53231,-73.716,40.7046,-73.7464
T000130,Route_13,Ferry,10,9.0,29,8.07,0.6,Fri,0,Clear,0.815,4.7,40.5228,-73.84542,40.85319,-73.74097
T000131,Route_16,Train,5,31.1,36,4.58,10.4,Wed,0,Rain,0.873,3.4,40.80148,-73.81785,40.64155,-73.91718
T000132,Route_17,Subway,11,1.1,34,13.93,1.6,Thu,0,Rain,0.99,4.2,40.53384,-74.04887,40.70489,-73.96029
T000133,Route_2,Ferry,16,25.2,34,5.83,3.0,Thu,0,Fog,0.851,4.0,40.5298,-73.71758,40.99307,-73.94398
T000134,Route_16,Tram,11,16.7,31,3.94,3.5,Wed,0,Clear,0.73,4.4,40.57442,-73.72288,40.7565,-73.72197
T000135,Route_1,Subway,2,14.7,28,4.57,6.6,Sun,0,Snow,0.793,2.9,40.87204,-74.08312,40.76372,-73.77509
T000136,Route_5,Bus,16,14.5,32,2.07,7.2,Fri,0,Snow,0.863,3.8,40.54784,-73.77452,40.52683,-73.78396
T000137,Route_3,Bus,9,43.2,37,4.45,12.8,Thu,1,Clear,0.788,3.7,40.98402,-73.72426,40.95819,-74.04762
T000138,Route_1,Tram,5,27.8,23,4.7,3.7,Tue,0,Rain,0.697,2.9,40.81434,-73.72594,40.56805,-74.06079
T000139,Route_20,Train,22,41.0,26,4.28,15.3,Tue,0,Clear,0.803,2.6,40.58006,-73.87537,40.99155,-73.91627
T000140,Route_5,Bus,1,11.5,29,4.88,7.0,Sun,1,Clear,0.784,2.8,40.71618,-73.90886,40.6165,-73.77891
T000141,Route_17,Ferry,7,28.4,28,7.1,9.1,Thu,0,Clear,0.734,3.3,40.88111,-73.95902,40.6173,-74.03951
T000142,Route_17,Subway,8,43.8,27,5.23,4.5,Mon,0,Fog,0.883,2.0,40.56181,-74.06489,40.62449,-73.80305
T000143,Route_5,Bus,20,42.8,34,4.7,6.7,Mon,0,Snow,0.757,3.7,40.89209,-73.87702,40.98434,-73.91982
T000144,Route_1,Bus,20,20.6,34,10.36,2.0,Sun,0,Rain,0.87,4.8,40.80054,-74.08663,40.80089,-73.8685
T000145,Route_2,Subway,14,41.6,41,11.32,13.8,Sat,0,Clear,0.8,1.5,40.92391,-73.98675,40.88369,-74.01747
T000146,Route_11,Ferry,20,36.9,24,11.69,1.1,Thu,0,Clear,0.871,3.4,40.62979,-74.01155,40.91645,-73.85516
T000147,Route_18,Ferry,8,26.7,43,9.38,3.3,Sun,1,Snow,0.781,4.4,40.72901,-73.88096,40.97971,-73.88679
T000148,Route_5,Ferry,7,19.5,34,3.29,13.5,Mon,1,Clear,0.822,4.0,40.57115,-73.95663,40.95288,-73.90361
T000149,Route_5,Bus,14,9.9,37,2.49,3.1,Fri,0,Clear,0.978,4.0,40.84641,-73.85387,40.84843,-73.72258
T000150,Route_12,Subway,22,3.1,29,14.95,0.3,Sat,0,Fog,0.968,3.7,40.9563,-73.73981,40.84884,-73.97356
T000151,Route_3,Subway,16,43.1,27,2.97,4.4,Fri,0,Clear,0.978,3.2,40.83819,-73.8914,40.60857,-73.8733
T000152,Route_14,Tram,8,40.1,28,4.29,1.1,Mon,0,Fog,0.856,3.4,40.61936,-73.93735,40.80996,-74.02181
T000153,Route_15,Tram,20,42.4,36,14.71,0.3,Sun,0,Clear,0.884,3.9,40.61192,-74.01496,40.79674,-73.83032
T000154,Route_3,Bus,19,43.5,28,6.81,3.2,Thu,0,Clear,0.794,4.3,40.82363,-74.04606,40.73759,-73.9166
T000155,Route_9,Bus,6,19.6,25,9.85,2.5,Tue,0,Clear,0.822,4.7,40.78732,-73.74098,40.72385,-73.70994
T000156,Route_9,Ferry,16,21.5,23,6.64,1.1,Wed,0,Clear,0.777,3.8,40.56779,-74.06525,40.74385,-74.08361
T000157,Route_3,Train,8,43.7,27,3.87,0.9,Tue,0,Clear,0.863,2.1,40.88552,-73.70095,40.62509,-73.72312
T000158,Route_2,Ferry,12,23.5,36,5.94,0.8,Wed,0,Rain,0.857,4.8,40.6901,-73.89802,40.86867,-73.83029
T000159,Route_10,Train,13,30.1,27,5.25,1.0,Tue,0,Clear,0.984,3.3,40.90865,-73.89502,40.94934,-73.76312
T000160,Route_13,Train,22,5.8,33,11.9,2.3,Tue,0,Snow,0.805,4.0,40.81268,-73.78767,40.78519,-74.01468
T000161,Route_18,Train,22,15.2,30,10.66,2.3,Mon,0,Rain,0.875,2.0,40.93539,-73.9629,40.59625,-74.05937
T000162,Route_19,Subway,21,34.0,35,9.0,6.8,Thu,0,Clear,0.875,3.2,40.91324,-73.74378,40.73825,-73.78785
T000163,Route_9,Bus,17,35.0,29,1.93,7.6,Wed,1,Rain,0.79,4.0,40.88448,-74.09302,40.68463,-73.99948
T000164,Route_8,Subway,6,21.0,26,5.71,4.6,Fri,1,Fog,0.792,4.3,40.68691,-73.97517,40.92332,-73.70187
T000165,Route_12,Ferry,2,24.4,25,11.62,0.3,Wed,0,Fog,0.771,2.8,40.6186,-73.7122,40.63231,-74.02792
T000166,Route_9,Subway,10,37.8,32,10.59,4.8,Fri,0,Clear,0.95,4.2,40.97855,-73.94043,40.71564,-73.87001
T000167,Route_7,Subway,18,41.8,20,4.66,6.3,Sun,0,Clear,0.914,5.0,40.86568,-73.75809,40.55056,-74.08746
T000168,Route_7,Tram,13,16.0,32,8.8,3.7,Thu,0,Rain,0.925,4.5,40.80732,-73.73687,40.69375,-73.70759
T000169,Route_20,Subway,7,17.0,32,9.34,35.2,Thu,0,Clear,0.847,4.2,40.58136,-73.92067,40.7824,-74.02709
T000170,Route_7,Tram,16,44.3,27,4.19,0.8,Tue,0,Clear,0.865,3.8,40.7173,-73.81015,40.73939,-73.80936
T000171,Route_12,Subway,16,20.6,32,5.29,4.5,Thu,0,Clear,0.817,3.8,40.99308,-73.88485,40.63228,-73.99274
T000172,Route_16,Bus,19,13.1,21,3.43,2.7,Fri,0,Snow,0.781,3.0,40.54651,-73.94216,40.91201,-73.93845
T000173,Route_18,Train,11,13.7,26,3.98,3.7,Mon,0,Fog,0.878,3.3,40.69094,-74.00005,40.54479,-73.76365
T000174,Route_14,Train,7,8.3,30,11.23,0.1,Fri,0,Clear,0.823,4.3,40.9084,-73.99548,40.64668,-74.08533
T000175,Route_17,Train,5,18.0,39,4.5,1.2,Wed,0,Clear,0.849,4.4,40.5898,-73.7454,40.76889,-73.98312
T000176,Route_12,Bus,8,23.0,38,7.6,0.4,Sun,0,Rain,0.852,3.0,40.55923,-73.74516,40.69077,-73.96774
T000177,Route_20,Subway,2,2.4,25,2.82,4.4,Sun,1,Rain,0.846,3.3,40.79571,-74.03748,40.62326,-73.97636
T000178,Route_9,Train,15,9.3,23,13.14,7.8,Thu,0,Clear,0.856,3.6,40.95364,-73.94791,40.66246,-73.8599
T000179,Route_12,Tram,19,43.5,41,3.28,6.0,Thu,0,Clear,0.691,3.7,40.89662,-73.79677,40.57706,-73.95937
T000180,Route_17,Train,12,2.7,27,3.64,10.6,Wed,0,Clear,0.758,4.4,40.65527,-73.92408,40.51911,-73.99972
T000181,Route_2,Tram,19,27.8,26,8.87,0.1,Mon,0,Rain,0.817,3.1,40.9534,-73.73386,40.57478,-73.85388
T000182,Route_5,Tram,7,24.1,21,3.77,1.7,Sat,0,Clear,0.768,3.0,40.52186,-73.98849,40.76432,-73.96789
T000183,Route_10,Subway,2,32.2,36,14.22,5.5,Fri,0,Rain,0.932,4.2,40.78103,-73.97276,40.80583,-73.79644
T000184,Route_9,Train,9,25.3,38,7.9,1.5,Thu,1,Rain,0.784,2.4,40.53242,-74.0849,40.89538,-74.03435
T000185,Route_14,Subway,3,25.4,34,6.86,22.6,Sat,0,Snow,0.947,3.2,40.89029,-73.88094,40.84214,-74.04066
T000186,Route_8,Train,19,26.6,29,7.89,3.6,Wed,0,Rain,0.929,2.6,40.95979,-73.82524,40.69042,-74.06667
T000187,Route_2,Train,19,6.5,32,14.71,2.7,Thu,0,Clear,0.76,2.8,40.86599,-73.9036,40.73304,-73.76856
T000188,Route_20,Train,4,41.4,23,7.15,14.7,Fri,0,Clear,0.968,3.8,40.69427,-73.70037,40.94032,-73.7518
T000189,Route_17,Tram,12,14.5,27,13.16,9.7,Tue,0,Clear,0.899,4.7,40.66542,-73.75844,40.53418,-73.78158
T000190,Route_6,Subway,14,39.2,23,3.8,1.5,Fri,0,Snow,0.872,3.8,40.76805,-73.85587,40.61464,-73.9881
T000191,Route_13,Train,13,26.4,33,12.54,4.5,Sun,0,Rain,0.877,2.7,40.58185,-74.02153,40.54349,-73.95894
T000192,Route_10,Ferry,15,14.5,24,10.79,1.8,Wed,0,Clear,0.88,3.7,40.72611,-73.83587,40.74482,-73.73401
T000193,Route_10,Bus,11,38.5,34,12.96,0.5,Sun,0,Rain,0.69,4.0,40.87085,-73.71883,40.89386,-73.77575
T000194,Route_14,Subway,15,27.4,35,13.16,1.9,Fri,1,Rain,0.714,2.9,40.78096,-73.92231,40.56559,-73.76803
T000195,Route_4,Subway,4,42.9,20,14.5,15.1,Thu,0,Clear,0.902,2.4,40.92209,-73.99896,40.87667,-73.87811
T000196,Route_3,Train,20,18.4,27,8.03,1.0,Thu,0,Clear,0.854,2.5,40.99656,-73.7164,40.85654,-73.86896
T000197,Route_12,Tram,1,1.3,26,12.4,0.3,Sun,0,Clear,0.802,4.3,40.53991,-74.07762,40.91145,-74.05273
T000198,Route_7,Tram,19,27.5,32,3.06,2.2,Tue,0,Rain,0.702,4.4,40.83104,-73.82728,40.79585,-73.70816
T000199,Route_16,Tram,7,32.1,35,14.21,0.0,Tue,0,Rain,0.715,2.6,40.5443,-73.95065,40.80102,-73.96929
T000200,Route_14,Train,12,3.1,25,3.4,4.1,Fri,0,Rain,0.88,3.2,40.54865,-74.06514,40.83034,-73.75831
T000201,Route_6,Ferry,0,10.5,21,14.44,1.8,Sun,0,Rain,0.805,4.3,40.64354,-74.0777,40.56539,-73.80915
T000202,Route_9,Train,16,11.1,25,9.58,1.4,Tue,0,Rain,0.869,4.6,40.68821,-73.75781,40.78454,-74.01194
T000203,Route_9,Tram,22,36.3,33,9.63,1.3,Fri,0,Clear,0.863,5.0,40.85747,-73.95633,40.74915,-73.82043
T000204,Route_9,Bus,8,21.4,27,6.92,9.1,Sun,0,Clear,0.806,4.3,40.98465,-74.0561,40.59199,-73.92934
T000205,Route_6,Ferry,18,11.9,26,5.5,1.8,Wed,0,Clear,0.906,3.8,40.61888,-73.91644,40.54393,-73.83062
T000206,Route_5,Bus,15,44.2,26,10.24,27.3,Mon,0,Clear,0.872,3.9,40.68333,-74.09335,40.81572,-74.02449
T000207,Route_4,Tram,16,41.4,31,11.49,0.6,Thu,0,Snow,0.918,1.9,40.85431,-73.91268,40.63407,-73.94783
T000208,Route_7,Subway,3,10.2,36,5.69,3.9,Fri,0,Clear,0.839,2.7,40.75658,-74.07675,40.67747,-73.78006
T000209,Route_16,Subway,16,32.8,25,3.88,10.3,Tue,0,Clear,0.754,3.7,40.65695,-74.02806,40.82129,-73.96357
T000210,Route_6,Train,11,6.2,27,11.82,0.5,Fri,0,Clear,0.743,3.1,40.51494,-74.07877,40.86295,-74.09521
T000211,Route_2,Ferry,22,4.3,26,3.66,0.4,Wed,0,Rain,0.946,3.0,40.95992,-73.85384,40.76395,-73.91899
T000212,Route_18,Tram,8,42.3,29,5.86,7.4,Fri,0,Clear,0.768,3.2,40.89663,-73.81198,40.97738,-73.74358
T000213,Route_5,Train,12,34.7,28,7.58,1.8,Fri,0,Snow,0.861,2.8,40.87179,-73.70749,40.77342,-73.97068
T000214,Route_16,Tram,16,31.4,40,5.22,10.3,Wed,0,Rain,0.855,3.4,40.60224,-73.85364,40.71875,-74.07679
T000215,Route_18,Ferry,21,14.1,35,13.0,7.8,Sun,0,Clear,0.939,4.0,40.90059,-74.07757,40.95905,-73.80249
T000216,Route_2,Bus,5,43.5,21,1.64,1.1,Mon,0,Clear,0.869,3.3,40.65696,-73.86127,40.62145,-73.83879
T000217,Route_2,Ferry,9,2.4,27,7.79,5.4,Thu,0,Clear,0.886,3.8,40.54838,-73.84326,40.94276,-73.96445
T000218,Route_8,Subway,7,26.5,24,11.27,3.3,Thu,0,Snow,0.819,3.5,40.91766,-73.88615,40.80188,-73.93744
T000219,Route_6,Subway,14,3.0,28,3.62,2.3,Sat,0,Clear,0.871,3.6,40.63714,-73.94442,40.6077,-74.01314
T000220,Route_12,Tram,6,31.8,32,14.38,2.2,Tue,1,Clear,0.913,4.5,40.84459,-74.02183,40.56811,-73.92193
T000221,Route_9,Subway,4,3.3,32,6.5,1.4,Tue,0,Fog,0.642,2.8,40.98981,-73.99692,40.99343,-73.82225
T000222,Route_5,Tram,17,36.0,28,1.94,2.0,Wed,0,Clear,0.934,5.0,40.57831,-73.7055,40.62534,-73.77402
T000223,Route_1,Ferry,19,7.2,31,11.37,11.3,Sun,0,Clear,0.673,3.8,40.77585,-73.79343,40.61825,-73.80029
T000224,Route_12,Ferry,13,19.5,30,9.23,6.1,Mon,0,Clear,0.905,5.0,40.92777,-74.07167,40.88628,-74.05437
T000225,Route_3,Ferry,1,15.9,27,1.97,4.8,Fri,0,Clear,0.896,4.0,40.67662,-74.09665,40.83695,-74.06513
T000226,Route_3,Subway,5,17.2,27,4.57,14.2,Wed,0,Rain,0.688,3.5,40.95512,-73.9627,40.72246,-73.93631
T000227,Route_12,Tram,22,33.6,30,9.48,17.7,Mon,0,Clear,0.942,3.1,40.71573,-73.92949,40.7624,-73.88104
T000228,Route_8,Tram,7,26.4,19,1.63,7.1,Mon,0,Snow,0.818,3.6,40.71749,-73.81707,40.63683,-73.93975
T000229,Route_17,Ferry,6,30.9,23,2.25,0.0,Sat,1,Clear,0.993,2.6,40.68868,-73.82435,40.8964,-73.83379
T000230,Route_15,Subway,16,3.3,34,10.6,6.8,Sun,0,Clear,0.784,2.8,40.57393,-73.71437,40.91743,-73.76995
T000231,Route_2,Subway,5,39.1,26,7.26,6.1,Mon,0,Clear,0.892,2.5,40.60201,-73.70431,40.82685,-74.09588
T000232,Route_6,Ferry,16,3.6,32,7.75,3.7,Thu,0,Clear,0.798,3.1,40.58822,-74.05462,40.63248,-73.82341
T000233,Route_4,Train,19,7.3,28,8.46,5.2,Sat,0,Snow,0.835,2.4,40.62755,-73.9624,40.88868,-73.85049
T000234,Route_14,Tram,11,0.9,28,2.23,0.2,Thu,0,Clear,0.841,2.9,40.54484,-73.76781,40.66669,-73.80557
T000235,Route_5,Bus,12,12.5,28,6.92,6.9,Thu,0,Rain,0.941,2.6,40.68492,-74.09479,40.57875,-73.81603
T000236,Route_6,Tram,7,10.7,29,6.44,2.9,Sat,0,Rain,0.789,3.1,40.95432,-73.81978,40.5791,-73.82337
T000237,Route_18,Tram,21,18.8,26,14.72,6.7,Mon,0,Clear,0.869,3.6,40.53925,-73.73643,40.88174,-73.81694
T000238,Route_7,Ferry,11,14.9,28,1.6,0.6,Thu,0,Clear,0.752,3.1,40.73343,-73.94019,40.57653,-73.73119
T000239,Route_7,Subway,16,24.5,22,14.24,12.8,Thu,0,Clear,0.857,3.4,40.51983,-73.99478,40.85669,-73.83326
T000240,Route_8,Subway,3,15.2,33,14.69,23.8,Sat,0,Clear,0.767,3.0,40.77355,-74.08753,40.75165,-73.70384
T000241,Route_7,Train,7,40.1,32,7.38,0.2,Thu,0,Snow,0.631,2.4,40.98456,-73.70481,40.67647,-73.89542
T000242,Route_7,Subway,9,30.5,34,1.7,0.4,Sun,0,Clear,0.75,4.4,40.93959,-73.95846,40.61514,-74.06307
T000243,Route_7,Ferry,14,28.0,30,14.68,7.7,Tue,0,Rain,0.973,4.7,40.82421,-73.88401,40.91117,-74.08124
T000244,Route_18,Bus,10,29.0,28,7.73,10.8,Sat,0,Rain,0.708,3.7,40.63472,-73.90642,40.80311,-73.89334
T000245,Route_6,Tram,17,24.9,29,13.25,6.4,Sat,0,Clear,0.918,4.8,40.78277,-73.8469,40.91945,-73.76217
T000246,Route_5,Tram,6,4.2,32,6.63,14.4,Thu,0,Clear,0.805,4.5,40.72261,-74.02175,40.76085,-73.8991
T000247,Route_18,Tram,8,34.2,32,6.01,2.4,Fri,0,Rain,0.796,4.0,40.91763,-73.71222,40.72505,-73.92252
T000248,Route_14,Ferry,21,22.3,32,8.53,1.1,Tue,0,Clear,0.756,3.1,40.68904,-73.97525,40.59397,-74.07234
T000249,Route_2,Train,8,40.5,34,9.46,7.7,Thu,0,Clear,0.994,2.5,40.74186,-74.09606,40.71764,-74.02062
T000250,Route_5,Tram,12,39.7,20,11.75,3.4,Mon,0,Rain,0.803,2.7,40.73161,-73.7966,40.91664,-73.71377
T000251,Route_14,Subway,9,10.1,25,14.49,3.3,Sun,0,Snow,0.9,3.9,40.75278,-74.00497,40.86677,-74.00009
T000252,Route_3,Tram,11,15.9,30,4.61,19.0,Thu,1,Clear,0.735,4.5,40.84873,-74.03305,40.89203,-74.0065
T000253,Route_20,Ferry,0,37.1,24,9.66,2.8,Sat,0,Clear,0.892,4.0,40.66113,-73.70233,40.7429,-73.9504
T000254,Route_16,Subway,9,2.2,28,4.61,9.3,Mon,0,Rain,0.862,4.4,40.72338,-73.81911,40.80229,-73.70157
T000255,Route_8,Bus,0,22.9,30,13.77,2.6,Fri,0,Clear,0.836,3.2,40.59612,-73.90739,40.56749,-73.88516
T000256,Route_3,Ferry,2,20.6,31,2.72,8.5,Fri,1,Clear,0.864,4.3,40.80406,-73.99006,40.77365,-73.97807
T000257,Route_15,Train,7,40.4,20,10.66,0.7,Sun,0,Rain,0.841,4.3,40.98917,-73.83187,40.64241,-73.7412
T000258,Route_3,Bus,14,41.5,35,14.1,0.7,Wed,0,Clear,1.0,3.0,40.86277,-73.85542,40.84994,-73.78052
T000259,Route_10,Bus,8,18.9,26,13.43,0.5,Sat,0,Rain,0.808,3.0,40.51665,-73.75426,40.5825,-73.9551
T000260,Route_14,Train,20,25.0,29,4.95,21.1,Fri,0,Rain,0.738,2.0,40.87942,-74.09443,40.97039,-73.80698
T000261,Route_20,Bus,10,39.8,29,4.79,0.2,Thu,0,Clear,0.863,3.3,40.76189,-73.98591,40.70472,-73.9545
T000262,Route_8,Train,2,37.7,33,13.67,0.2,Thu,1,Clear,0.868,3.8,40.98354,-74.00848,40.81122,-73.79697
T000263,Route_2,Ferry,20,24.4,30,3.3,1.0,Tue,0,Clear,0.83,2.7,40.51645,-74.0441,40.61767,-73.9593
T000264,Route_20,Tram,15,23.2,22,13.59,3.9,Wed,0,Rain,0.825,2.9,40.97468,-73.98372,40.6057,-73.93755
T000265,Route_16,Subway,20,31.9,34,2.89,3.7,Tue,0,Clear,0.973,3.6,40.50054,-73.9215,40.95244,-73.75095
T000266,Route_11,Ferry,4,33.4,32,12.21,1.0,Thu,0,Clear,0.692,4.9,40.58449,-73.82207,40.52085,-73.76827
T000267,Route_16,Train,6,11.2,25,9.6,2.2,Sat,0,Rain,0.947,3.2,40.8544,-73.87264,40.61454,-73.83983
T000268,Route_15,Ferry,12,43.1,30,7.01,4.5,Sun,1,Clear,0.576,4.6,40.64582,-73.94116,40.5279,-73.83301
T000269,Route_13,Subway,21,12.6,29,6.99,2.7,Sun,0,Clear,0.83,3.2,40.75046,-74.03962,40.53186,-74.0065
T000270,Route_5,Tram,9,40.7,26,11.35,13.3,Thu,1,Rain,0.905,3.1,40.81041,-73.78692,40.60207,-73.86628
T000271,Route_20,Tram,6,29.4,26,3.93,1.1,Fri,0,Rain,0.831,2.7,40.92435,-73.79217,40.61284,-73.76582
T000272,Route_12,Ferry,18,37.9,25,5.29,1.0,Sun,0,Clear,0.921,5.0,40.93279,-74.08412,40.81657,-73.7267
T000273,Route_11,Tram,20,5.9,31,2.78,1.3,Wed,0,Clear,0.758,3.8,40.79695,-73.93571,40.86048,-73.78228
T000274,Route_7,Subway,16,29.0,26,9.22,2.0,Sun,0,Clear,0.762,3.1,40.89853,-74.02681,40.80249,-73.9849
T000275,Route_17,Ferry,2,12.5,31,8.64,10.5,Mon,0,Clear,0.774,3.9,40.83496,-74.08591,40.52249,-73.71945
T000276,Route_20,Train,13,28.9,27,8.48,8.2,Wed,0,Rain,0.771,3.1,40.93188,-73.82201,40.82881,-74.02638
T000277,Route_8,Bus,20,24.6,27,7.52,2.7,Fri,0,Snow,0.778,4.0,40.88494,-74.08172,40.62589,-73.89532
T000278,Route_11,Subway,1,30.9,23,11.41,1.3,Thu,0,Snow,0.817,3.3,40.71374,-73.87332,40.97611,-74.05193
T000279,Route_6,Subway,21,17.6,27,10.51,0.0,Sun,0,Clear,0.877,2.6,40.57451,-73.82286,40.67966,-73.97155
T000280,Route_17,Tram,6,44.4,34,6.6,0.7,Mon,0,Clear,0.697,3.0,40.75712,-73.83383,40.92298,-73.84006
T000281,Route_14,Tram,22,41.1,27,5.0,5.4,Tue,0,Fog,0.836,3.2,40.65319,-74.00498,40.99274,-73.78107
T000282,Route_9,Train,4,38.8,24,5.11,2.6,Sun,0,Snow,0.925,3.6,40.78065,-73.87843,40.81217,-73.70075
T000283,Route_14,Tram,21,35.1,23,11.4,5.3,Sat,0,Clear,1.0,4.0,40.67988,-73.8916,40.7015,-73.94474
T000284,Route_11,Bus,16,4.2,28,14.93,6.6,Wed,1,Clear,0.861,1.9,40.93221,-73.90036,40.65635,-73.90665
T000285,Route_9,Tram,10,40.2,38,9.95,7.1,Mon,1,Clear,0.966,4.1,40.79449,-73.92516,40.9724,-73.73695
T000286,Route_1,Subway,12,11.1,36,7.96,0.8,Fri,0,Clear,0.921,3.4,40.73211,-73.78334,40.57889,-74.06188
T000287,Route_18,Tram,4,44.0,25,5.05,2.8,Mon,0,Clear,0.97,2.4,40.56058,-74.01971,40.89579,-74.02489
T000288,Route_13,Bus,9,19.1,26,11.81,2.1,Fri,1,Clear,0.727,4.3,40.96275,-73.98671,40.6382,-74.03643
T000289,Route_11,Train,2,40.8,29,2.9,0.2,Thu,0,Clear,0.879,3.0,40.50368,-73.91478,40.81142,-73.73168
T000290,Route_11,Bus,0,21.8,36,12.16,3.8,Thu,0,Rain,0.798,3.6,40.59618,-73.92338,40.9617,-73.93912
T000291,Route_2,Subway,10,37.3,27,9.2,0.8,Mon,0,Clear,0.786,3.9,40.5922,-73.81946,40.94467,-73.71803
T000292,Route_9,Ferry,18,14.5,36,2.68,2.1,Fri,0,Clear,0.774,2.8,40.9345,-73.76615,40.95802,-74.06225
T000293,Route_7,Ferry,19,25.2,25,13.13,2.5,Wed,0,Clear,0.796,4.1,40.79696,-74.03512,40.91556,-73.73491
T000294,Route_10,Subway,3,36.6,29,7.65,10.5,Wed,0,Fog,0.69,3.6,40.58872,-73.92029,40.99244,-74.09289
T000295,Route_13,Train,8,12.6,37,12.55,6.8,Mon,0,Rain,0.913,1.8,40.54856,-73.93084,40.79615,-73.73759
T000296,Route_9,Subway,8,42.2,33,12.79,2.7,Fri,1,Snow,0.74,2.4,40.53705,-73.9092,40.97157,-74.06783
T000297,Route_17,Tram,2,34.8,29,9.02,7.6,Mon,0,Rain,0.741,2.9,40.94296,-74.06202,40.93817,-73.79912
T000298,Route_16,Bus,17,2.6,33,13.14,4.0,Wed,0,Clear,0.693,5.0,40.90535,-73.79718,40.80456,-74.02392
T000299,Route_7,Ferry,10,0.8,34,12.34,4.1,Fri,0,Clear,0.958,3.7,40.70892,-73.86284,40.98829,-73.92003
T000300,Route_4,Ferry,10,24.7,31,10.65,7.5,Mon,0,Rain,0.882,3.2,40.90699,-73.86858,40.76443,-73.98307
T000301,Route_17,Subway,3,24.1,26,13.63,2.7,Wed,0,Clear,0.829,5.0,40.51599,-73.71023,40.67152,-73.83071
T000302,Route_14,Ferry,16,2.9,30,10.92,2.7,Tue,0,Clear,0.861,4.2,40.78916,-73.70907,40.94233,-73.91662
T000303,Route_4,Subway,18,17.7,23,2.52,1.6,Fri,0,Rain,0.797,3.2,40.76967,-73.75515,40.71513,-73.72978
T000304,Route_20,Ferry,1,27.6,27,3.57,0.8,Thu,0,Rain,0.836,4.4,40.59728,-73.83149,40.67508,-74.07823
T000305,Route_12,Bus,19,3.0,24,14.87,12.7,Tue,0,Clear,0.595,3.1,40.97778,-73.9691,40.89878,-74.0464
T000306,Route_17,Ferry,14,6.3,28,3.13,5.8,Tue,0,Clear,0.828,2.8,40.8958,-73.87397,40.79354,-73.79966
T000307,Route_8,Tram,13,19.7,37,9.81,5.3,Tue,0,Clear,1.0,1.9,40.51121,-73.72368,40.95193,-74.00335
T000308,Route_2,Bus,5,22.4,36,7.89,0.5,Sun,0,Clear,0.804,2.7,40.78156,-73.9889,40.51308,-73.98057
T000309,Route_16,Subway,10,42.5,22,14.54,7.5,Wed,0,Rain,0.854,4.5,40.95749,-73.77088,40.56153,-73.79573
T000310,Route_9,Tram,9,16.1,27,5.51,3.5,Tue,0,Clear,0.89,3.3,40.58132,-73.75857,40.8824,-73.70557
T000311,Route_2,Subway,13,25.9,22,8.52,13.7,Tue,0,Rain,0.875,3.2,40.5327,-73.97168,40.65406,-73.70727
T000312,Route_17,Subway,17,29.9,30,8.14,4.5,Mon,0,Snow,0.896,2.9,40.83871,-73.99671,40.86625,-74.06978
T000313,Route_15,Tram,9,19.5,24,4.62,8.2,Tue,0,Rain,0.76,2.4,40.69706,-73.9671,40.89661,-73.81284
T000314,Route_8,Ferry,4,15.3,28,1.57,3.9,Sat,1,Snow,0.734,4.2,40.81735,-73.84791,40.99289,-73.75569
T000315,Route_17,Tram,12,9.1,37,12.3,5.6,Sat,1,Snow,0.827,4.1,40.91004,-73.91428,40.89921,-73.80971
T000316,Route_10,Subway,0,41.1,28,12.43,0.9,Sat,0,Clear,0.974,4.0,40.53119,-73.80169,40.83906,-73.95934
T000317,Route_12,Train,18,1.9,28,3.64,6.0,Mon,0,Rain,0.71,3.2,40.76337,-73.94117,40.90396,-73.92867
T000318,Route_16,Subway,20,2.9,30,9.87,3.4,Sun,0,Clear,0.679,3.6,40.65524,-74.033,40.53146,-74.04083
T000319,Route_12,Ferry,5,12.7,34,5.21,1.0,Sat,0,Clear,0.815,3.4,40.93638,-73.91161,40.50173,-73.99536
T000320,Route_17,Train,3,8.9,30,4.01,11.1,Mon,0,Rain,1.0,3.8,40.61204,-73.79342,40.6895,-73.93339
T000321,Route_17,Bus,22,31.5,26,3.65,8.1,Wed,0,Rain,0.827,3.6,40.58826,-74.08102,40.85748,-73.94716
T000322,Route_7,Tram,15,19.7,38,7.66,21.2,Fri,0,Clear,0.876,3.9,40.78067,-74.02,40.62592,-73.99899
T000323,Route_11,Ferry,10,14.3,43,3.39,0.3,Fri,0,Fog,0.825,3.9,40.62381,-73.93011,40.93286,-73.83345
T000324,Route_9,Tram,21,42.2,28,7.28,3.8,Fri,0,Snow,0.971,3.0,40.97572,-73.7553,40.69009,-73.94515
T000325,Route_13,Bus,2,28.9,31,12.44,6.1,Wed,0,Clear,0.892,4.0,40.8033,-74.02923,40.74639,-74.03655
T000326,Route_9,Subway,18,18.3,28,1.6,2.1,Sat,0,Clear,0.782,4.0,40.99098,-73.94241,40.7488,-73.97044
T000327,Route_9,Tram,10,20.3,25,9.99,13.7,Sun,0,Clear,0.898,3.5,40.95418,-73.87078,40.88455,-73.94889
T000328,Route_17,Subway,3,40.9,22,6.39,1.2,Mon,0,Rain,0.861,5.0,40.84687,-73.92879,40.59827,-73.71257
T000329,Route_4,Tram,21,35.8,37,10.17,4.9,Wed,0,Clear,0.727,2.9,40.88139,-74.07922,40.62168,-73.87839
T000330,Route_11,Tram,17,29.1,24,14.55,14.6,Sun,1,Clear,0.877,3.9,40.51466,-73.7316,40.66126,-74.08886
T000331,Route_13,Train,3,15.4,18,4.54,0.8,Mon,0,Rain,0.841,4.6,40.52758,-73.72548,40.51725,-73.97608
T000332,Route_6,Tram,11,0.6,24,6.4,2.9,Sat,1,Snow,0.763,4.3,40.79448,-73.78204,40.97224,-74.07227
T000333,Route_6,Subway,13,12.7,29,8.23,1.2,Tue,0,Clear,0.841,3.2,40.89373,-73.75558,40.55182,-73.97536
T000334,Route_13,Train,14,34.1,30,3.59,0.2,Sat,1,Clear,0.773,2.9,40.75458,-73.92788,40.96392,-73.97742
T000335,Route_11,Ferry,7,14.6,36,6.03,2.2,Tue,0,Rain,0.896,3.1,40.86609,-73.87463,40.85523,-73.82192
T000336,Route_13,Tram,7,39.4,29,2.45,6.9,Wed,0,Clear,0.86,4.1,40.69378,-73.7366,40.68004,-73.78255
T000337,Route_13,Tram,15,4.8,30,11.6,1.3,Sat,0,Rain,0.954,4.1,40.9357,-73.81406,40.83963,-73.80099
T000338,Route_18,Train,16,31.1,37,9.31,4.9,Mon,0,Rain,0.681,3.4,40.51182,-74.02499,40.78016,-73.89001
T000339,Route_10,Train,20,9.9,27,3.68,3.0,Fri,1,Rain,0.735,4.6,40.90629,-74.06897,40.80323,-73.95567
T000340,Route_17,Subway,8,21.9,25,5.45,1.5,Tue,0,Clear,0.747,4.2,40.56638,-73.72147,40.89507,-73.89494
T000341,Route_1,Bus,19,36.5,28,9.88,4.5,Fri,0,Clear,0.706,4.5,40.8936,-73.91375,40.91873,-73.92328
T000342,Route_4,Tram,15,23.6,28,13.25,1.7,Fri,0,Rain,0.819,2.2,40.68768,-73.7423,40.55288,-73.73612
T000343,Route_6,Bus,16,42.1,29,2.67,9.7,Fri,0,Clear,0.84,3.9,40.86909,-74.02149,40.64526,-73.95439
T000344,Route_16,Tram,8,12.9,22,2.64,0.0,Sat,0,Clear,1.0,3.1,40.67114,-74.0523,40.58926,-73.85922
T000345,Route_2,Tram,6,12.5,29,6.44,0.1,Fri,0,Clear,0.957,4.8,40.9371,-74.09968,40.6444,-73.98183
T000346,Route_3,Ferry,15,33.5,28,14.18,11.2,Sun,0,Clear,1.0,3.6,40.70679,-73.86262,40.73744,-74.02775
T000347,Route_1,Subway,14,4.9,29,10.31,3.5,Wed,0,Clear,0.634,3.8,40.71153,-73.70901,40.50139,-73.74639
T000348,Route_9,Train,16,31.2,40,2.54,18.8,Thu,0,Rain,0.845,2.7,40.86023,-73.78836,40.5997,-74.02887
T000349,Route_14,Tram,7,44.4,21,13.68,3.8,Thu,0,Clear,0.853,5.0,40.94171,-73.73822,40.91195,-73.76456
T000350,Route_10,Subway,16,38.5,50,9.49,0.5,Wed,0,Rain,0.754,2.2,40.90525,-73.94194,40.64386,-74.02391
T000351,Route_8,Tram,22,11.4,35,10.82,1.1,Sun,0,Rain,0.803,3.7,40.82212,-73.8311,40.94127,-73.83902
T000352,Route_5,Subway,12,6.7,32,10.89,2.1,Fri,0,Clear,0.774,3.3,40.77294,-74.06995,40.52735,-73.7205
T000353,Route_5,Bus,5,24.4,34,3.42,0.2,Thu,1,Clear,0.701,4.5,40.53373,-73.79245,40.6233,-73.89092
T000354,Route_5,Subway,20,31.4,34,6.91,0.5,Sat,0,Rain,0.764,4.6,40.94994,-74.05083,40.91135,-73.83029
T000355,Route_7,Ferry,22,15.9,33,7.25,15.8,Sat,0,Fog,0.918,2.8,40.83692,-74.0858,40.8379,-73.94457
T000356,Route_1,Tram,6,7.1,30,3.43,8.2,Fri,0,Snow,0.714,3.7,40.73064,-74.08871,40.5779,-73.81651
T000357,Route_9,Bus,18,22.9,40,12.96,9.2,Tue,0,Rain,0.809,4.6,40.66635,-73.97629,40.65859,-73.84852
T000358,Route_4,Tram,0,22.4,40,3.05,1.4,Thu,0,Clear,0.847,5.0,40.55035,-73.95313,40.99559,-73.77265
T000359,Route_16,Subway,5,11.9,23,8.11,3.9,Mon,0,Rain,0.91,2.2,40.57614,-74.07293,40.60482,-73.75776
T000360,Route_14,Bus,20,20.6,33,12.26,5.1,Mon,0,Snow,0.787,3.2,40.96447,-74.05688,40.90795,-73.88397
T000361,Route_16,Train,21,7.8,40,10.02,2.7,Mon,0,Clear,0.826,2.3,40.65554,-73.98075,40.94046,-73.79045
T000362,Route_12,Tram,20,39.3,28,14.6,19.5,Mon,0,Clear,0.99,3.6,40.74636,-74.05714,40.95837,-74.01089
T000363,Route_10,Subway,18,7.5,24,13.33,0.9,Wed,0,Rain,0.88,4.4,40.56979,-73.79265,40.86415,-73.7618
T000364,Route_4,Ferry,14,30.0,28,9.57,11.4,Mon,0,Clear,0.847,3.7,40.72379,-74.05711,40.55585,-73.82766
T000365,Route_7,Train,8,25.7,34,1.99,0.7,Thu,0,Clear,0.671,3.5,40.84036,-73.85921,40.57984,-73.9313
T000366,Route_10,Subway,5,21.0,25,13.53,1.3,Wed,0,Snow,1.0,4.0,40.91284,-73.72053,40.54832,-73.99933
T000367,Route_8,Ferry,3,3.8,25,3.03,11.8,Sat,0,Clear,0.861,3.3,40.53857,-73.71739,40.98083,-73.96889
T000368,Route_18,Ferry,20,7.0,27,13.07,1.1,Mon,0,Clear,0.91,5.0,40.81409,-73.82918,40.96434,-74.09387
T000369,Route_2,Tram,18,19.1,28,14.37,7.3,Fri,0,Clear,0.834,3.4,40.96851,-73.80086,40.51536,-73.78449
T000370,Route_4,Subway,15,21.6,30,4.51,9.7,Sun,0,Clear,0.792,3.8,40.75701,-74.03573,40.54542,-74.09803
T000371,Route_20,Train,9,1.3,24,9.76,7.8,Wed,1,Snow,0.954,3.0,40.66414,-73.92907,40.75336,-74.06755
T000372,Route_1,Ferry,7,3.4,38,3.57,4.8,Sun,0,Clear,0.783,5.0,40.9207,-73.9361,40.5168,-74.05636
T000373,Route_8,Tram,13,34.0,29,7.74,9.4,Wed,0,Clear,1.0,4.5,40.52718,-73.95449,40.79465,-73.8469
T000374,Route_11,Ferry,3,9.6,26,13.81,15.8,Fri,0,Clear,1.0,4.4,40.70438,-74.08352,40.72774,-73.95112
T000375,Route_1,Bus,13,23.0,18,13.91,2.5,Wed,0,Snow,0.793,4.3,40.7553,-73.97692,40.91549,-73.71147
T000376,Route_5,Bus,5,40.7,29,6.98,1.2,Sat,0,Clear,0.901,3.8,40.67515,-73.98333,40.69763,-73.78489
T000377,Route_7,Tram,11,27.1,29,13.11,4.0,Tue,0,Rain,0.656,1.8,40.89041,-74.05483,40.96309,-73.77122
T000378,Route_5,Train,5,42.8,29,7.2,2.7,Sun,0,Clear,0.986,3.8,40.99037,-73.98783,40.50836,-74.07754
T000379,Route_8,Ferry,13,33.3,34,14.52,4.2,Sat,0,Clear,0.858,3.6,40.61772,-73.87811,40.74088,-73.98395
T000380,Route_19,Train,19,40.4,23,14.9,8.1,Thu,0,Clear,0.803,3.9,40.65186,-74.06362,40.89561,-73.86902
T000381,Route_11,Train,19,42.5,34,14.23,8.2,Sun,0,Clear,0.972,3.5,40.88789,-73.71202,40.96058,-73.98543
T000382,Route_14,Ferry,10,24.4,38,11.43,4.3,Mon,0,Rain,1.0,3.9,40.58203,-73.75174,40.74466,-74.08011
T000383,Route_11,Train,16,28.7,33,13.07,5.2,Sun,0,Rain,0.992,3.4,40.52439,-73.91975,40.91546,-73.95979
T000384,Route_12,Bus,18,32.6,29,12.67,5.5,Sun,0,Rain,1.0,4.7,40.95326,-73.99922,40.85737,-73.96409
T000385,Route_14,Train,13,17.9,28,11.15,2.2,Thu,0,Clear,0.783,4.9,40.57766,-73.70901,40.79913,-73.71644
T000386,Route_10,Bus,20,11.8,29,11.57,5.9,Sun,0,Rain,0.93,4.1,40.88284,-73.91563,40.52881,-73.76322
T000387,Route_10,Bus,14,38.8,30,11.55,6.8,Mon,0,Rain,0.897,4.4,40.76065,-73.78763,40.50612,-74.02996
T000388,Route_2,Bus,20,25.3,34,8.65,2.7,Sat,0,Clear,0.886,3.0,40.68274,-73.88668,40.62242,-73.8545
T000389,Route_20,Ferry,16,17.7,25,9.13,10.1,Sun,0,Clear,1.0,3.2,40.70696,-74.05426,40.62835,-74.05607
T000390,Route_14,Ferry,9,25.5,33,8.22,12.7,Sat,1,Clear,1.0,4.1,40.5512,-74.05283,40.51933,-73.74611
T000391,Route_1,Tram,22,39.1,25,3.91,11.9,Tue,0,Fog,0.9,3.6,40.73698,-74.094,40.87884,-74.08638
T000392,Route_10,Ferry,18,33.8,34,11.54,9.1,Sun,0,Fog,0.978,3.6,40.95153,-73.85944,40.64627,-73.79047
T000393,Route_8,Bus,5,44.3,27,14.26,5.2,Thu,0,Snow,0.732,2.4,40.64398,-73.71186,40.66812,-74.09
T000394,Route_6,Subway,13,1.4,27,13.32,1.6,Wed,0,Clear,0.959,3.5,40.79958,-73.97555,40.92985,-74.03604
T000395,Route_6,Tram,4,12.8,30,1.95,0.9,Thu,1,Rain,0.941,2.6,40.50679,-73.74552,40.95002,-73.78415
T000396,Route_5,Bus,0,23.4,19,10.23,5.0,Mon,0,Clear,0.864,3.9,40.55221,-73.80477,40.64296,-73.81581
T000397,Route_5,Bus,14,34.5,37,13.17,12.9,Sun,0,Clear,0.982,2.5,40.94651,-73.7111,40.80606,-73.8901
T000398,Route_18,Train,22,42.1,29,1.77,0.3,Wed,0,Rain,0.918,3.4,40.56421,-73.94133,40.8779,-73.73593
T000399,Route_12,Bus,7,37.5,30,14.55,7.9,Sat,0,Snow,0.819,3.8,40.93327,-74.06261,40.57481,-73.74901
T000400,Route_3,Train,22,3.3,33,8.91,0.3,Sat,0,Rain,1.0,4.1,40.79843,-73.92242,40.51289,-73.89983
T000401,Route_16,Bus,7,35.6,30,11.94,3.7,Wed,0,Rain,0.846,2.9,40.94136,-74.05191,40.7904,-73.93866
T000402,Route_18,Ferry,15,36.3,33,12.66,9.9,Tue,0,Rain,0.845,4.1,40.70162,-74.07325,40.97277,-73.70267
T000403,Route_12,Tram,6,6.7,26,12.68,13.1,Sun,0,Clear,0.859,3.9,40.81043,-73.82043,40.69727,-74.03056
T000404,Route_19,Ferry,5,24.7,25,13.44,0.9,Fri,0,Clear,0.912,2.3,40.82406,-73.79885,40.55967,-73.81959
T000405,Route_2,Train,0,1.0,26,13.42,0.7,Tue,0,Clear,0.948,4.1,40.69005,-73.77775,40.51235,-73.77201
T000406,Route_12,Bus,1,37.7,27,10.97,2.2,Wed,0,Rain,0.831,2.6,40.76965,-74.00435,40.50203,-73.90452
T000407,Route_6,Subway,20,24.1,34,2.49,2.7,Sun,1,Clear,0.87,3.3,40.77284,-73.91758,40.87548,-73.94967
T000408,Route_1,Tram,17,17.1,22,5.05,6.6,Sat,0,Clear,0.627,1.3,40.87509,-74.03597,40.98331,-73.97383
T000409,Route_5,Train,14,35.1,30,11.24,7.2,Tue,0,Clear,0.87,3.9,40.73575,-73.98068,40.77681,-74.02266
T000410,Route_18,Subway,21,19.2,28,14.18,3.0,Mon,0,Clear,0.83,3.2,40.59362,-73.96535,40.63033,-73.85826
T000411,Route_11,Tram,11,19.1,35,2.07,8.7,Wed,1,Rain,0.788,3.4,40.85803,-73.88817,40.80049,-73.75045
T000412,Route_1,Subway,21,41.8,30,1.85,4.0,Tue,0,Clear,0.781,2.9,40.78983,-74.02411,40.76068,-73.77936
T000413,Route_20,Ferry,11,2.1,32,7.02,0.2,Fri,0,Clear,0.932,2.8,40.67148,-74.0187,40.68988,-73.97349
T000414,Route_9,Train,10,7.2,23,6.35,23.9,Mon,0,Rain,0.699,5.0,40.93226,-73.90679,40.86874,-73.8201
T000415,Route_13,Tram,10,0.7,36,13.88,0.1,Tue,1,Rain,0.897,2.5,40.90283,-74.01371,40.65441,-74.01853
T000416,Route_9,Tram,6,13.1,30,11.48,1.6,Tue,0,Clear,0.788,2.0,40.83959,-73.93821,40.93314,-73.75348
T000417,Route_17,Train,15,14.0,26,9.71,0.2,Mon,1,Clear,0.901,2.3,40.8401,-73.84254,40.87317,-73.89938
T000418,Route_11,Subway,8,14.4,25,12.82,1.1,Sat,0,Rain,1.0,3.9,40.94097,-74.04866,40.58977,-73.93672
T000419,Route_15,Subway,14,22.7,29,12.48,3.9,Fri,0,Fog,0.89,4.5,40.93017,-73.84218,40.94577,-73.93862
T000420,Route_19,Train,10,40.8,29,4.2,2.5,Wed,0,Rain,0.925,3.0,40.76516,-73.75924,40.60394,-73.81844
T000421,Route_3,Tram,10,8.6,33,12.28,10.3,Tue,0,Clear,0.907,3.8,40.72418,-73.80423,40.72551,-73.72611
T000422,Route_2,Train,4,16.1,34,8.36,1.5,Tue,1,Snow,0.92,3.2,40.7144,-73.77323,40.57134,-73.76344
T000423,Route_20,Subway,12,21.7,32,4.06,7.2,Thu,0,Clear,0.85,3.2,40.96488,-74.09954,40.50787,-73.97234
T000424,Route_17,Train,17,40.6,27,11.52,0.9,Tue,0,Clear,0.918,2.9,40.71916,-74.06684,40.95273,-73.92575
T000425,Route_12,Subway,4,25.1,27,10.18,0.4,Sun,0,Rain,0.772,3.2,40.91742,-73.74877,40.95159,-74.04048
T000426,Route_6,Bus,15,5.8,30,13.74,1.1,Thu,0,Clear,0.687,3.1,40.92917,-73.81379,40.63138,-73.94374
T000427,Route_3,Bus,7,27.5,43,8.62,8.0,Sat,0,Clear,0.811,4.4,40.78999,-73.92227,40.6527,-73.8976
T000428,Route_3,Train,6,2.9,34,5.1,1.8,Sat,0,Snow,0.917,3.7,40.81433,-73.82457,40.99642,-73.86223
T000429,Route_7,Train,5,26.1,37,13.66,0.0,Sun,0,Clear,0.873,5.0,40.66379,-74.06357,40.90577,-73.73217
T000430,Route_13,Tram,21,7.8,25,1.85,3.6,Sat,0,Rain,0.986,3.3,40.66807,-74.04274,40.69821,-73.9492
T000431,Route_5,Tram,15,29.9,27,4.6,2.0,Wed,0,Rain,0.995,5.0,40.60487,-74.09269,40.92239,-73.78572
T000432,Route_18,Subway,17,44.2,31,14.58,5.8,Thu,0,Clear,0.776,2.7,40.6766,-73.72247,40.93105,-73.94754
T000433,Route_8,Train,9,12.6,32,13.0,1.3,Tue,0,Snow,0.842,4.0,40.82494,-73.79762,40.83238,-73.82708
T000434,Route_11,Bus,1,13.9,21,3.65,2.0,Tue,0,Snow,0.722,3.5,40.95039,-73.83442,40.85245,-74.01693
T000435,Route_17,Train,8,4.3,27,4.13,4.7,Wed,0,Rain,0.743,4.3,40.79027,-73.73229,40.60112,-73.91265
T000436,Route_20,Train,16,2.5,28,6.25,0.7,Sat,1,Rain,0.892,2.1,40.81354,-73.71769,40.99095,-73.80084
T000437,Route_2,Train,6,21.1,45,7.37,8.5,Mon,0,Clear,0.873,3.7,40.89278,-73.83365,40.70156,-74.02534
T000438,Route_18,Subway,20,26.7,29,7.55,1.9,Mon,0,Clear,0.882,2.5,40.97347,-74.09232,40.62437,-73.7969
T000439,Route_3,Ferry,1,1.0,36,3.23,1.5,Sat,0,Clear,0.818,3.6,40.99503,-74.04534,40.72169,-73.82662
T000440,Route_19,Subway,20,27.9,19,14.14,1.6,Sat,0,Snow,0.849,4.0,40.50408,-73.72142,40.51669,-74.05855
T000441,Route_11,Ferry,7,24.0,27,13.1,13.2,Mon,0,Rain,0.749,3.3,40.50174,-73.91834,40.70806,-74.06817
T000442,Route_17,Ferry,19,23.9,31,9.67,0.1,Mon,1,Fog,0.742,4.5,40.74603,-73.8607,40.90313,-73.76587
T000443,Route_8,Subway,1,32.4,27,2.23,3.5,Mon,0,Snow,0.889,4.9,40.89151,-73.88694,40.98704,-73.72867
T000444,Route_11,Train,4,16.7,25,3.02,0.5,Sat,0,Clear,0.95,5.0,40.92037,-73.94826,40.99805,-74.01645
T000445,Route_11,Ferry,7,3.6,29,8.35,3.3,Thu,1,Clear,0.911,3.4,40.84734,-73.75314,40.60751,-73.7897
T000446,Route_10,Bus,16,17.8,41,3.43,10.2,Fri,0,Clear,0.883,4.1,40.91993,-73.98568,40.58114,-73.76527
T000447,Route_15,Subway,5,4.1,30,2.33,1.2,Sat,0,Clear,0.813,3.1,40.57378,-73.9191,40.58744,-74.05067
T000448,Route_15,Tram,2,33.0,31,10.5,4.5,Sun,0,Clear,0.903,2.3,40.50729,-73.98084,40.6914,-74.01809
T000449,Route_10,Tram,0,0.7,29,4.6,16.7,Fri,0,Clear,0.821,3.4,40.89031,-73.90354,40.521,-73.95995
T000450,Route_7,Train,14,38.1,34,3.08,0.6,Fri,0,Rain,0.785,3.1,40.94022,-73.87799,40.59901,-74.09634
T000451,Route_18,Bus,9,25.2,27,11.01,3.7,Wed,0,Clear,0.585,5.0,40.869,-73.89672,40.82683,-74.05729
T000452,Route_1,Train,2,35.4,31,7.29,1.0,Fri,1,Clear,0.736,2.7,40.57011,-73.7502,40.92116,-73.97505
T000453,Route_12,Subway,15,24.0,32,10.42,0.4,Thu,0,Rain,0.852,2.7,40.74746,-73.83123,40.99546,-73.94226
T000454,Route_8,Ferry,16,29.8,28,4.55,7.3,Tue,0,Rain,1.0,2.0,40.73312,-73.90545,40.59878,-74.09594
T000455,Route_8,Ferry,15,2.5,27,12.87,4.8,Wed,0,Clear,0.998,3.0,40.60096,-73.99428,40.9966,-73.9586
T000456,Route_11,Tram,16,40.7,32,7.04,4.3,Tue,0,Clear,0.714,3.9,40.71586,-74.04567,40.81363,-74.01035
T000457,Route_2,Subway,4,16.1,22,14.08,2.9,Mon,0,Clear,0.907,2.9,40.5552,-73.83488,40.92864,-73.85851
T000458,Route_9,Ferry,19,39.1,25,12.58,15.7,Sun,0,Rain,0.849,2.6,40.55485,-74.08005,40.83736,-74.03999
T000459,Route_15,Ferry,14,8.8,27,14.44,3.7,Mon,0,Fog,0.769,3.7,40.86556,-73.86396,40.79042,-73.74031
T000460,Route_2,Train,5,5.0,36,11.15,9.9,Sun,0,Clear,0.929,3.5,40.79598,-73.7127,40.8691,-73.79187
T000461,Route_14,Train,10,4.0,36,3.0,4.6,Fri,0,Clear,0.897,5.0,40.85458,-73.92162,40.74614,-73.80572
T000462,Route_7,Train,10,5.1,45,6.78,2.5,Thu,1,Clear,0.825,3.4,40.5583,-73.72479,40.84641,-73.79634
T000463,Route_16,Tram,4,37.8,26,7.0,1.6,Sun,0,Clear,0.874,2.2,40.95247,-73.93345,40.82439,-73.89286
T000464,Route_15,Bus,9,40.0,32,6.59,2.7,Wed,0,Rain,0.639,3.7,40.78096,-73.86709,40.53566,-73.8191
T000465,Route_5,Ferry,4,17.7,30,10.24,7.3,Tue,0,Clear,0.706,5.0,40.78926,-73.84254,40.9334,-74.00134
T000466,Route_6,Ferry,0,31.6,37,8.8,4.9,Sat,0,Rain,0.784,2.2,40.68224,-73.76417,40.58121,-73.86352
T000467,Route_1,Train,6,3.5,30,3.58,1.4,Fri,0,Clear,0.89,3.9,40.91055,-73.7845,40.62218,-73.8702
T000468,Route_10,Train,0,3.0,25,14.46,1.4,Mon,0,Clear,0.879,2.5,40.74281,-73.85305,40.57998,-74.03668
T000469,Route_3,Train,4,32.4,31,12.52,12.6,Tue,0,Snow,0.787,3.3,40.83522,-74.09795,40.93995,-73.75047
T000470,Route_15,Train,10,15.2,28,10.48,14.1,Sun,0,Clear,0.942,4.0,40.74452,-73.82688,40.86054,-73.72622
T000471,Route_20,Subway,8,21.2,34,13.35,1.3,Mon,0,Clear,0.894,3.4,40.75655,-73.92659,40.70022,-74.03644
T000472,Route_4,Tram,19,28.4,22,14.36,3.2,Tue,0,Snow,0.846,3.3,40.71374,-73.85272,40.60722,-73.80469
T000473,Route_8,Subway,19,18.2,30,4.18,10.5,Mon,0,Snow,0.809,3.2,40.98922,-73.84473,40.7726,-73.84252
T000474,Route_15,Train,19,38.0,33,4.06,17.8,Sat,1,Clear,0.842,2.8,40.71245,-73.76421,40.63133,-74.07736
T000475,Route_19,Bus,12,4.5,32,12.73,11.5,Mon,0,Clear,0.744,3.9,40.73164,-73.96783,40.94692,-74.02247
T000476,Route_1,Train,7,14.7,22,8.83,12.1,Tue,0,Clear,0.971,3.7,40.6798,-73.7325,40.72896,-73.82536
T000477,Route_4,Tram,13,23.4,19,9.84,1.9,Sun,0,Clear,0.916,3.0,40.80331,-73.75227,40.80397,-74.01113
T000478,Route_11,Ferry,8,18.5,28,7.33,3.4,Tue,0,Clear,0.864,2.7,40.76998,-73.72351,40.56411,-73.8279
T000479,Route_12,Train,15,32.5,32,10.98,6.9,Tue,0,Clear,0.906,4.1,40.83306,-73.8733,40.80664,-73.84877
T000480,Route_20,Tram,5,41.2,33,11.65,0.9,Thu,0,Clear,0.787,3.7,40.55968,-73.86135,40.53473,-73.9887
T000481,Route_1,Subway,19,21.0,21,11.87,3.0,Thu,0,Clear,0.784,3.7,40.93891,-73.93443,40.58338,-73.94878
T000482,Route_1,Bus,9,30.0,18,5.1,3.3,Sat,0,Rain,0.801,4.2,40.97133,-73.87902,40.65288,-74.03623
T000483,Route_14,Ferry,7,21.7,25,4.18,2.5,Mon,0,Fog,0.873,3.5,40.87364,-73.85004,40.64172,-74.02359
T000484,Route_2,Bus,2,18.6,23,8.77,3.6,Thu,0,Clear,0.864,2.9,40.7688,-73.96626,40.73057,-74.00589
T000485,Route_17,Bus,14,14.1,34,14.67,5.0,Sun,0,Rain,0.993,4.4,40.71386,-73.8257,40.90384,-73.81084
T000486,Route_1,Ferry,20,25.1,30,4.18,1.1,Wed,0,Clear,0.945,3.2,40.68474,-73.75111,40.78612,-73.77603
T000487,Route_4,Bus,11,36.4,18,12.41,5.0,Thu,0,Clear,0.814,3.0,40.94235,-73.83643,40.7632,-73.98625
T000488,Route_11,Ferry,15,38.4,26,12.37,14.8,Wed,0,Clear,1.0,3.2,40.69857,-73.98157,40.57832,-73.70789
T000489,Route_16,Subway,14,26.1,38,3.25,0.3,Tue,0,Snow,0.832,1.8,40.73104,-73.96073,40.628,-74.08451
T000490,Route_1,Subway,2,6.5,22,5.55,7.0,Sat,0,Clear,0.716,4.9,40.76078,-73.99938,40.68623,-73.77486
T000491,Route_8,Subway,18,29.1,23,6.69,9.0,Sat,1,Clear,0.851,2.7,40.55984,-73.90326,40.869,-73.92832
T000492,Route_2,Train,7,15.2,30,9.49,2.3,Mon,0,Clear,0.997,2.9,40.70901,-74.04771,40.59203,-74.03091
T000493,Route_13,Ferry,19,1.8,29,12.93,0.6,Sat,0,Rain,0.774,3.2,40.65802,-74.08835,40.87734,-73.90763
T000494,Route_2,Tram,11,7.8,32,8.95,1.9,Wed,1,Clear,0.69,3.8,40.95805,-74.06683,40.70323,-73.96163
T000495,Route_3,Train,9,12.9,34,1.72,4.8,Fri,0,Snow,0.759,4.1,40.7802,-73.86517,40.74202,-73.88401
T000496,Route_11,Bus,3,38.3,29,13.07,3.1,Sat,0,Clear,0.808,3.2,40.68572,-73.88066,40.74627,-73.78607
T000497,Route_15,Subway,5,27.0,57,13.38,6.0,Sun,0,Clear,0.645,3.5,40.53043,-74.00993,40.90081,-73.96436
T000498,Route_15,Bus,1,27.7,36,10.09,4.9,Mon,0,Clear,1.0,3.4,40.92374,-73.85867,40.86937,-74.02555
T000499,Route_17,Train,9,0.9,23,4.47,1.0,Sun,0,Rain,0.932,4.4,40.85235,-73.74042,40.68586,-74.08209
T000500,Route_9,Subway,2,26.1,27,3.11,1.7,Thu,0,Clear,1.0,3.0,40.74373,-73.75021,40.77643,-74.05411
T000501,Route_18,Subway,1,12.2,30,5.44,7.7,Sat,0,Clear,0.875,3.0,40.92491,-73.90646,40.81705,-73.87881
T000502,Route_17,Ferry,4,43.1,27,13.54,0.1,Sun,0,Clear,0.82,3.9,40.95725,-74.02666,40.62213,-74.06341
T000503,Route_6,Subway,0,34.7,29,12.8,10.1,Wed,0,Rain,0.844,4.7,40.61748,-73.83301,40.9008,-73.85191
T000504,Route_17,Tram,13,23.8,23,4.27,1.9,Thu,0,Clear,0.883,4.2,40.90829,-73.95039,40.80993,-73.98474
T000505,Route_17,Subway,11,4.5,31,9.63,0.6,Wed,0,Clear,0.952,2.6,40.77893,-73.81725,40.97663,-73.87112
T000506,Route_10,Train,15,23.4,35,8.35,1.7,Thu,0,Clear,0.774,2.8,40.8904,-73.87007,40.81308,-73.96414
T000507,Route_11,Tram,21,9.7,29,7.55,1.3,Sat,1,Rain,0.75,4.2,40.87378,-73.8952,40.83511,-73.79318
T000508,Route_20,Tram,11,30.1,50,7.05,8.7,Wed,0,Clear,0.682,4.3,40.99265,-73.80386,40.88706,-73.8043
