trip_id,route,vehicle_type,departure_hour,distance_km,passengers,fare_amount,delay_minutes,day_of_week,is_holiday,weather_condition,origin_lat,origin_lon,dest_lat,dest_lon
T000001,Route_19,Ferry,17,16.6,29,11.4,15.4,Thu,0,Snow,40.74832,-73.83924,40.61175,-73.79916
T000002,Route_19,Subway,19,8.0,32,4.72,9.5,Tue,0,Clear,40.69854,-73.99051,40.72805,-73.99532
T000003,Route_8,Ferry,17,12.1,26,3.08,6.1,Fri,0,Clear,40.55234,-73.75852,40.8199,-73.80105
T000004,Route_5,Train,1,27.4,22,8.97,0.9,Sat,0,Rain,40.55372,-74.00613,40.7116,-73.77999
T000005,Route_7,Subway,16,35.5,29,2.14,0.2,Thu,0,Clear,40.7128,-73.97693,40.71796,-73.86665
T000006,Route_14,Subway,1,1.8,32,6.18,11.0,Tue,0,Clear,40.74053,-73.78313,40.74197,-73.79913
T000007,Route_15,Subway,13,43.3,29,14.25,2.6,Sun,0,Clear,40.96429,-74.03657,40.5881,-73.96751
T000008,Route_4,Train,3,11.6,27,13.46,0.4,Sun,0,Rain,40.71354,-74.0702,40.67697,-73.74125
T000009,Route_20,Bus,9,15.6,41,2.39,2.5,Mon,0,Clear,40.62521,-73.77452,40.55144,-73.73186
T000010,Route_18,Ferry,4,3.7,31,13.7,6.8,Tue,0,Clear,40.51303,-74.04423,40.94015,-73.92915
T000011,Route_12,Subway,1,31.0,27,10.09,2.4,Sun,0,Clear,40.83976,-73.88112,40.82879,-73.81352
T000012,Route_7,Ferry,9,3.1,30,4.34,0.7,Sat,0,Clear,40.98494,-73.79609,40.70505,-73.98232
T000013,Route_7,Bus,13,33.4,34,4.01,3.1,Mon,1,Clear,40.70443,-74.09249,40.68152,-74.03721
T000014,Route_11,Subway,13,20.6,31,13.79,5.3,Sun,0,Clear,40.928,-73.92471,40.67853,-73.74399
T000015,Route_19,Bus,20,42.1,40,6.35,1.6,Wed,1,Rain,40.85739,-74.08658,40.71446,-73.97727
T000016,Route_19,Tram,20,13.3,37,2.84,2.8,Tue,0,Clear,40.6583,-73.88389,40.53121,-74.09115
T000017,Route_1,Ferry,21,21.1,26,7.16,2.7,Tue,0,Snow,40.80388,-73.8915,40.86022,-73.80076
T000018,Route_17,Train,4,17.2,31,7.96,2.5,Mon,0,Clear,40.97876,-73.79942,40.6627,-73.97403
T000019,Route_9,Tram,18,17.7,36,10.02,1.6,Sun,0,Clear,40.77185,-74.00039,40.74587,-73.95386
T000020,Route_16,Subway,6,2.8,23,8.2,6.0,Thu,0,Clear,40.99413,-74.04685,40.67524,-73.70621
T000021,Route_14,Ferry,2,11.4,13,5.22,2.6,Wed,0,Clear,40.61535,-73.87,40.68838,-73.98148
T000022,Route_19,Subway,14,17.1,30,6.41,3.9,Mon,0,Clear,40.82788,-73.74777,40.88752,-74.06245
T000023,Route_18,Tram,2,12.6,27,7.17,1.7,Sat,0,Clear,40.52242,-73.90241,40.98729,-74.014
T000024,Route_8,Train,11,22.4,33,13.78,6.7,Wed,0,Clear,40.61557,-73.73599,40.55099,-73.87365
T000025,Route_2,Tram,10,40.9,25,14.42,3.7,Tue,0,Rain,40.76042,-73.96914,40.72674,-74.05914
T000026,Route_1,Bus,15,44.2,36,3.36,7.0,Sun,0,Fog,40.52837,-74.07817,40.80214,-74.03741
T000027,Route_5,Train,16,37.1,24,7.61,2.6,Tue,0,Clear,40.93796,-73.75719,40.70613,-73.72007
T000028,Route_1,Tram,16,22.2,27,14.42,3.5,Wed,0,Clear,40.67606,-73.82902,40.72293,-73.95304
T000029,Route_7,Ferry,0,39.6,22,9.39,5.6,Fri,0,Fog,40.71697,-73.77341,40.97696,-73.9685
T000030,Route_7,Subway,10,16.6,36,5.03,5.7,Wed,0,Rain,40.64514,-73.78009,40.84523,-73.84168
T000031,Route_2,Bus,18,21.3,38,6.11,16.0,Tue,0,Clear,40.8618,-73.77638,40.72393,-74.02188
T000032,Route_3,Ferry,15,28.2,29,4.19,0.9,Fri,1,Clear,40.83457,-73.78296,40.54646,-73.70734
T000033,Route_3,Bus,22,23.4,24,2.64,0.6,Tue,0,Clear,40.98246,-73.98246,40.81384,-73.97674
T000034,Route_14,Subway,7,20.5,24,14.9,10.7,Wed,0,Clear,40.63849,-73.82016,40.54355,-73.9692
T000035,Route_9,Train,2,26.6,51,6.13,6.1,Tue,0,Clear,40.92997,-73.84307,40.64115,-73.92037
T000036,Route_20,Train,6,33.0,36,5.37,6.7,Sat,0,Rain,40.55733,-73.86253,40.75008,-73.9896
T000037,Route_11,Bus,4,15.3,30,5.1,17.0,Sun,0,Clear,40.77238,-73.89956,40.55828,-74.00271
T000038,Route_6,Ferry,20,21.9,32,6.99,0.9,Wed,0,Rain,40.6123,-73.71276,40.86341,-74.0368
T000039,Route_2,Subway,12,18.0,30,9.14,1.3,Sat,0,Rain,40.86521,-74.00319,40.84793,-73.96441
T000040,Route_20,Ferry,13,15.6,25,3.52,0.4,Tue,0,Snow,40.98761,-74.06655,40.52666,-73.92467
T000041,Route_15,Ferry,18,38.6,28,7.96,7.1,Wed,0,Clear,40.66089,-73.81882,40.74386,-73.85012
T000042,Route_18,Train,1,10.3,23,12.48,19.6,Thu,0,Snow,40.98861,-73.99304,40.87343,-73.94854
T000043,Route_2,Subway,3,40.4,29,14.89,5.8,Tue,0,Clear,40.58787,-73.9859,40.97996,-73.79359
T000044,Route_5,Bus,14,25.9,28,3.05,11.4,Mon,0,Clear,40.96599,-73.9254,40.6135,-73.90368
T000045,Route_20,Tram,17,37.2,25,11.36,8.8,Thu,0,Clear,40.7231,-73.8335,40.95724,-74.01521
T000046,Route_17,Ferry,12,7.3,25,6.5,2.9,Thu,0,Clear,40.73988,-73.81038,40.95517,-73.78902
T000047,Route_9,Ferry,18,40.8,35,14.54,4.6,Fri,0,Clear,40.89925,-73.90213,40.64821,-73.9563
T000048,Route_12,Train,5,30.7,35,6.18,3.4,Mon,0,Clear,40.57943,-74.0861,40.5031,-74.08728
T000049,Route_16,Bus,17,26.1,24,13.86,3.4,Fri,0,Clear,40.99296,-74.00391,40.5982,-73.93155
T000050,Route_10,Ferry,16,38.5,26,5.65,5.3,Fri,0,Clear,40.65755,-73.8961,40.79199,-73.73561
T000051,Route_7,Bus,3,34.7,19,4.15,2.7,Fri,1,Clear,40.92968,-74.09003,40.61651,-73.95989
T000052,Route_7,Tram,15,38.6,26,12.69,16.2,Mon,0,Clear,40.82534,-73.71281,40.62149,-73.94411
T000053,Route_5,Subway,12,9.4,31,11.37,3.2,Sat,0,Clear,40.77953,-74.09468,40.58737,-73.81037
T000054,Route_19,Train,10,31.4,21,6.62,0.8,Sun,0,Rain,40.82367,-73.93709,40.7916,-74.0891
T000055,Route_7,Train,15,8.8,28,8.26,6.0,Thu,0,Rain,40.99093,-74.03062,40.96802,-74.09222
T000056,Route_10,Subway,12,23.0,29,14.01,0.3,Sun,0,Snow,40.75715,-73.71755,40.91502,-73.85474
T000057,Route_3,Subway,11,5.2,30,11.89,6.8,Sun,0,Clear,40.71511,-73.98301,40.52904,-74.0128
T000058,Route_12,Ferry,16,37.7,31,11.19,15.4,Mon,0,Clear,40.69371,-73.86061,40.7619,-74.06179
T000059,Route_18,Subway,12,28.7,28,4.23,14.0,Thu,0,Rain,40.79341,-73.7436,40.91016,-73.92979
T000060,Route_19,Subway,10,18.9,30,7.95,1.6,Sun,0,Clear,40.65095,-73.85226,40.88468,-74.00568
T000061,Route_7,Ferry,22,6.4,27,14.27,1.7,Mon,0,Clear,40.6879,-73.94715,40.98173,-73.71517
T000062,Route_8,Tram,11,6.9,27,2.95,10.5,Wed,0,Rain,40.9463,-73.72113,40.60871,-73.89105
T000063,Route_4,Bus,21,7.0,33,4.29,18.2,Sat,0,Clear,40.9677,-73.93968,40.97214,-74.07621
T000064,Route_11,Ferry,13,4.9,32,6.27,6.4,Fri,0,Clear,40.50866,-73.9207,40.95861,-73.83659
T000065,Route_16,Tram,10,40.0,25,4.2,1.6,Tue,0,Clear,40.73321,-73.9432,40.74309,-74.02063
T000066,Route_12,Subway,21,27.9,27,11.32,12.5,Thu,0,Clear,40.56532,-73.92349,40.76643,-74.01214
T000067,Route_6,Train,2,31.8,23,10.01,5.9,Mon,0,Clear,40.73022,-73.72897,40.89565,-73.88465
T000068,Route_12,Subway,5,39.3,18,9.76,1.3,Wed,0,Snow,40.57575,-73.99057,40.67323,-74.08771
T000069,Route_8,Bus,16,41.4,21,12.65,1.6,Thu,0,Clear,40.80554,-73.96947,40.7264,-73.74396
T000070,Route_4,Tram,20,38.6,24,3.47,0.1,Tue,0,Snow,40.69969,-73.80102,40.68562,-73.7388
T000071,Route_17,Bus,1,20.6,38,9.04,1.6,Fri,0,Snow,40.75818,-73.72535,40.70032,-73.98536
T000072,Route_14,Tram,12,5.0,26,2.28,0.7,Mon,1,Clear,40.90717,-73.80942,40.9325,-74.05815
T000073,Route_2,Train,2,10.1,39,10.67,9.4,Fri,0,Clear,40.5512,-73.92155,40.63458,-73.71457
T000074,Route_7,Train,17,35.6,29,9.2,4.3,Wed,0,Rain,40.66098,-73.94494,40.51798,-73.96692
T000075,Route_13,Tram,19,37.9,20,14.18,1.5,Sat,0,Clear,40.93085,-73.82039,40.72724,-73.96518
T000076,Route_3,Subway,19,14.1,35,10.4,3.1,Thu,0,Clear,40.78589,-74.05594,40.80305,-73.86701
T000077,Route_10,Ferry,6,21.8,39,5.21,2.0,Wed,0,Fog,40.97442,-74.05102,40.5858,-74.01386
T000078,Route_1,Ferry,1,28.8,35,10.18,2.9,Thu,0,Clear,40.55807,-74.05783,40.7033,-74.03987
T000079,Route_1,Tram,19,18.2,13,8.24,3.9,Fri,1,Rain,40.8895,-73.99304,40.51159,-74.0818
T000080,Route_8,Train,10,36.5,29,3.39,6.1,Fri,0,Clear,40.8037,-73.91866,40.68113,-73.90045
T000081,Route_13,Tram,18,38.0,26,10.09,1.0,Fri,1,Rain,40.99597,-73.76153,40.72279,-73.84197
T000082,Route_18,Ferry,1,19.4,33,9.8,27.9,Mon,0,Snow,40.53723,-74.02653,40.63397,-73.71321
T000083,Route_11,Bus,4,43.0,31,7.62,2.5,Tue,0,Clear,40.83063,-73.93332,40.72674,-73.86832
T000084,Route_6,Ferry,4,2.7,29,7.85,10.2,Wed,0,Clear,40.93795,-74.04059,40.98085,-73.77578
T000085,Route_16,Subway,8,37.4,31,14.95,0.2,Fri,0,Rain,40.70097,-73.71166,40.52234,-73.86226
T000086,Route_12,Subway,20,1.7,32,4.29,6.4,Sun,1,Clear,40.59211,-73.82257,40.66303,-73.8796
T000087,Route_14,Train,8,15.8,35,6.57,11.0,Wed,0,Clear,40.82771,-73.74887,40.74481,-73.83118
T000088,Route_5,Ferry,18,34.6,26,12.24,5.8,Thu,0,Clear,40.72042,-73.89954,40.77647,-73.91863
T000089,Route_19,Bus,21,21.4,23,5.95,6.8,Wed,0,Clear,40.98613,-73.97593,40.98282,-74.06197
T000090,Route_20,Ferry,0,40.6,38,11.42,1.6,Tue,0,Clear,40.54972,-73.98871,40.64327,-73.89565
T000091,Route_19,Train,3,39.3,31,3.85,4.5,Sun,0,Snow,40.95754,-73.92012,40.73952,-73.74865
T000092,Route_1,Train,15,28.1,23,13.63,3.1,Mon,1,Clear,40.88186,-73.90516,40.78198,-74.05802
T000093,Route_9,Subway,9,42.0,25,14.32,4.7,Fri,0,Clear,40.59062,-73.93519,40.73727,-73.89471
T000094,Route_16,Ferry,2,27.0,26,4.74,1.2,Sat,0,Rain,40.78997,-73.99469,40.81888,-73.83576
T000095,Route_7,Subway,4,7.3,25,14.11,6.5,Wed,0,Clear,40.95534,-73.75428,40.50759,-73.70275
T000096,Route_19,Subway,20,39.0,29,13.21,1.2,Sat,0,Clear,40.77825,-73.76783,40.82136,-73.98656
T000097,Route_13,Ferry,4,26.9,33,5.31,2.3,Mon,0,Clear,40.90222,-74.0627,40.99876,-73.80176
T000098,Route_20,Bus,4,26.8,26,12.97,3.9,Tue,1,Snow,40.56576,-73.80682,40.66609,-73.89746
T000099,Route_20,Subway,21,5.6,26,11.21,6.9,Wed,0,Clear,40.89342,-74.02194,40.95915,-73.84798
T000100,Route_1,Train,1,23.1,27,7.12,8.9,Wed,0,Clear,40.84521,-73.9619,40.52837,-73.81397
T000101,Route_15,Subway,18,14.6,24,6.49,0.1,Thu,0,Clear,40.8849,-73.7132,40.68325,-73.93509
T000102,Route_7,Subway,19,6.8,21,9.45,2.5,Fri,0,Clear,40.96708,-73.78421,40.65672,-73.89041
T000103,Route_2,Tram,5,39.7,35,7.75,2.3,Tue,0,Snow,40.54427,-74.06994,40.70225,-73.78094
T000104,Route_19,Ferry,8,3.1,39,7.44,7.8,Fri,0,Clear,40.92801,-73.794,40.68563,-74.02422
T000105,Route_17,Tram,0,21.0,38,7.08,0.9,Wed,0,Clear,40.83127,-73.96837,40.60832,-73.74732
T000106,Route_18,Train,13,19.7,33,13.75,12.4,Sat,0,Clear,40.80083,-74.05521,40.96556,-73.94472
T000107,Route_16,Subway,15,30.8,26,9.51,3.3,Thu,0,Clear,40.70533,-74.09786,40.70038,-73.98495
T000108,Route_9,Tram,22,22.6,41,8.66,4.5,Wed,0,Rain,40.56291,-73.90724,40.72763,-73.78843
T000109,Route_4,Train,7,26.8,28,12.52,9.8,Fri,0,Clear,40.94687,-73.80806,40.98792,-73.84646
T000110,Route_17,Tram,7,43.8,33,7.83,10.4,Fri,0,Clear,40.82955,-73.73608,40.51753,-73.82336
T000111,Route_4,Train,12,24.1,36,13.29,0.4,Mon,0,Snow,40.92591,-73.84911,40.87677,-74.03499
T000112,Route_19,Ferry,1,43.3,26,8.28,10.5,Sat,0,Clear,40.7944,-74.09646,40.79695,-73.95975
T000113,Route_4,Tram,14,33.0,30,5.34,1.8,Thu,0,Clear,40.85238,-73.85835,40.50698,-74.0929
T000114,Route_12,Subway,4,41.9,35,13.09,3.1,Fri,0,Clear,40.77534,-73.9405,40.89734,-74.03437
T000115,Route_13,Ferry,7,44.3,29,3.21,2.1,Sat,0,Snow,40.72177,-74.02948,40.70749,-73.93121
T000116,Route_13,Subway,6,1.6,31,12.95,4.5,Mon,0,Clear,40.92066,-73.96049,40.6531,-73.88347
T000117,Route_7,Bus,16,23.0,47,3.3,7.7,Fri,0,Rain,40.97481,-73.92763,40.58729,-73.89258
T000118,Route_14,Train,12,36.1,30,6.47,5.8,Sun,0,Snow,40.54344,-74.07097,40.52263,-73.97532
T000119,Route_7,Ferry,20,38.1,33,10.0,5.2,Tue,0,Clear,40.94948,-73.96275,40.67352,-73.71148
T000120,Route_6,Subway,1,22.2,21,5.97,2.7,Fri,0,Snow,40.70006,-73.81664,40.51226,-73.92369
T000121,Route_17,Tram,21,44.9,16,5.82,3.1,Mon,0,Clear,40.66251,-74.04812,40.81077,-74.0799
T000122,Route_15,Subway,7,1.5,32,7.23,3.4,Mon,0,Fog,40.97999,-74.03911,40.57231,-74.00067
T000123,Route_16,Bus,4,4.1,23,5.28,2.1,Tue,0,Snow,40.67603,-74.00752,40.66961,-74.00857
T000124,Route_15,Ferry,21,12.9,37,14.87,11.5,Thu,0,Clear,40.8191,-73.81623,40.97919,-73.71866
T000125,Route_11,Tram,1,34.5,28,6.22,3.1,Sun,0,Clear,40.94069,-73.8263,40.85818,-73.78791
T000126,Route_20,Ferry,10,32.0,33,3.89,5.5,Thu,0,Rain,40.85584,-74.04935,40.8138,-73.95957
T000127,Route_16,Tram,3,34.4,26,12.69,0.8,Mon,0,Clear,40.83185,-73.73255,40.58361,-73.75566
T000128,Route_17,Tram,6,4.7,25,13.71,2.3,Tue,0,Snow,40.62614,-73.72235,40.60449,-74.02064
T000129,Route_8,Train,14,35.1,29,5.51,11.4,Mon,0,Snow,40.74162,-73.97074,40.70846,-73.92066
T000130,Route_4,Tram,15,36.6,29,10.68,0.3,Sat,0,Rain,40.86195,-74.01575,40.75958,-73.96147
T000131,Route_10,Ferry,15,32.4,34,10.49,0.2,Wed,0,Rain,40.65955,-73.95396,40.93446,-74.00627
T000132,Route_20,Bus,6,9.3,41,3.22,9.0,Thu,0,Rain,40.53991,-73.76766,40.69822,-73.81535
T000133,Route_8,Subway,5,25.3,24,11.85,8.5,Sun,0,Clear,40.52104,-73.88618,40.7143,-73.90412
T000134,Route_6,Tram,3,36.7,31,10.27,26.3,Mon,1,Snow,40.96569,-73.79155,40.81865,-73.88183
T000135,Route_17,Bus,7,38.7,34,5.15,3.6,Sun,0,Clear,40.76462,-73.7802,40.99471,-73.70724
T000136,Route_11,Tram,8,40.4,34,5.12,0.9,Mon,0,Clear,40.91401,-73.74871,40.97631,-73.73183
T000137,Route_20,Train,15,25.8,35,13.8,5.3,Wed,0,Clear,40.94712,-73.73619,40.90439,-73.93948
T000138,Route_2,Subway,8,2.0,30,14.79,4.5,Wed,0,Clear,40.67275,-73.73243,40.84948,-73.92794
T000139,Route_20,Tram,21,26.0,35,14.72,1.4,Mon,0,Fog,40.73785,-73.92691,40.74105,-73.92565
T000140,Route_2,Train,17,4.9,21,14.75,7.6,Tue,0,Rain,40.99137,-73.8846,40.75299,-73.88592
T000141,Route_3,Subway,4,7.7,18,8.36,0.6,Sat,0,Rain,40.64966,-73.859,40.8601,-73.73986
T000142,Route_12,Ferry,0,24.7,29,5.9,0.4,Thu,0,Clear,40.5552,-73.7752,40.96493,-73.91941
T000143,Route_19,Train,5,9.3,33,5.2,0.0,Tue,0,Snow,40.61797,-73.8323,40.94629,-73.74428
T000144,Route_9,Tram,11,19.0,27,1.81,1.4,Wed,1,Fog,40.93201,-73.7672,40.81004,-73.91737
T000145,Route_8,Train,18,39.7,28,3.8,0.1,Fri,0,Clear,40.60549,-73.91823,40.95425,-73.75675
T000146,Route_13,Ferry,20,22.5,28,11.97,1.1,Mon,0,Clear,40.94857,-74.03138,40.60745,-73.87279
T000147,Route_16,Bus,8,7.0,33,2.63,9.3,Tue,0,Clear,40.66883,-74.03139,40.835,-73.82914
T000148,Route_10,Train,3,44.5,22,12.36,0.1,Sun,1,Rain,40.9326,-74.07825,40.66273,-73.72756
T000149,Route_10,Bus,20,34.9,33,10.16,17.5,Wed,0,Clear,40.71173,-74.04532,40.84179,-73.8296
T000150,Route_14,Subway,7,33.5,29,11.13,6.7,Tue,0,Fog,40.70481,-74.02502,40.9885,-73.72649
T000151,Route_4,Train,12,26.8,42,14.12,1.8,Tue,0,Rain,40.56495,-73.70403,40.51476,-73.8978
T000152,Route_1,Tram,5,25.5,44,13.29,13.4,Wed,0,Clear,40.53536,-73.81288,40.67305,-73.95665
T000153,Route_2,Train,21,41.1,29,12.19,18.7,Fri,0,Fog,40.84102,-74.01313,40.58868,-73.92775
T000154,Route_6,Bus,8,42.9,27,8.62,1.0,Sat,0,Clear,40.59566,-74.01177,40.59847,-73.82642
T000155,Route_3,Ferry,13,20.3,28,4.41,1.4,Sat,0,Clear,40.79453,-74.04999,40.84413,-73.82477
T000156,Route_12,Subway,10,34.0,31,2.97,7.5,Sun,0,Rain,40.61974,-74.05712,40.53734,-73.71233
T000157,Route_1,Train,9,36.5,33,14.33,6.8,Wed,1,Clear,40.90751,-73.7676,40.8553,-73.96723
T000158,Route_19,Bus,2,11.1,27,5.49,0.1,Thu,0,Clear,40.9462,-73.88922,40.83632,-73.79376
T000159,Route_5,Train,8,30.3,32,8.08,4.3,Fri,0,Clear,40.8519,-73.74923,40.5524,-73.98324
T000160,Route_20,Train,14,26.9,25,3.18,2.9,Thu,0,Snow,40.62873,-73.87003,40.93954,-74.07873
T000161,Route_12,Subway,10,20.0,32,12.08,2.5,Wed,0,Rain,40.55228,-74.08878,40.64602,-74.09536
T000162,Route_14,Train,18,5.1,26,10.65,6.2,Fri,0,Clear,40.63813,-73.99797,40.79644,-73.98672
T000163,Route_19,Train,15,16.4,32,7.33,0.1,Mon,0,Clear,40.54384,-73.71793,40.96557,-74.0479
T000164,Route_10,Tram,6,2.7,33,5.7,2.5,Fri,0,Clear,40.50296,-73.75925,40.66604,-73.99184
T000165,Route_1,Subway,3,26.1,31,5.06,7.5,Tue,1,Clear,40.93041,-73.76825,40.6947,-73.82276
T000166,Route_14,Train,6,35.2,22,9.65,0.6,Thu,0,Clear,40.51897,-73.88254,40.63253,-74.00493
T000167,Route_2,Train,18,9.0,36,13.57,0.2,Tue,0,Clear,40.51392,-74.07903,40.82859,-73.71951
T000168,Route_1,Train,13,2.0,25,9.35,3.5,Thu,0,Rain,40.68198,-73.71248,40.98228,-73.95115
T000169,Route_13,Bus,9,18.2,35,10.03,7.6,Thu,0,Rain,40.98998,-73.74953,40.84721,-73.8262
T000170,Route_2,Ferry,1,31.9,27,2.84,4.8,Fri,0,Rain,40.60447,-73.80511,40.50879,-73.89087
T000171,Route_5,Subway,7,41.5,31,2.81,2.5,Sun,0,Rain,40.91997,-73.87971,40.71133,-73.70969
T000172,Route_12,Bus,12,43.6,36,7.02,4.6,Sat,0,Clear,40.85613,-73.91544,40.62916,-73.98426
T000173,Route_17,Tram,13,44.5,26,10.72,3.9,Sat,0,Rain,40.72471,-73.96189,40.6908,-74.09894
T000174,Route_5,Train,21,25.0,26,2.98,5.3,Thu,0,Clear,40.75626,-73.78031,40.89562,-73.89209
T000175,Route_19,Train,3,20.2,28,2.73,3.2,Sun,0,Clear,40.84718,-73.85779,40.75048,-73.82394
T000176,Route_17,Subway,10,24.7,34,4.0,4.2,Sat,0,Clear,40.83145,-73.8208,40.52175,-73.92506
T000177,Route_19,Bus,1,41.1,41,6.54,6.5,Wed,0,Clear,40.90615,-74.07498,40.81708,-73.99631
T000178,Route_20,Subway,17,11.7,29,6.18,0.2,Mon,0,Rain,40.87817,-73.77413,40.52086,-74.02256
T000179,Route_19,Tram,10,12.2,30,13.3,1.3,Mon,1,Rain,40.76185,-73.75786,40.6374,-73.90131
T000180,Route_14,Tram,17,36.1,42,10.38,0.6,Wed,0,Clear,40.8595,-73.84982,40.63473,-73.96657
T000181,Route_3,Bus,5,32.4,24,6.73,15.7,Tue,0,Clear,40.50349,-73.75286,40.89247,-73.90584
T000182,Route_16,Ferry,0,17.7,21,10.83,0.2,Fri,0,Clear,40.50542,-73.78717,40.75976,-73.92483
T000183,Route_12,Tram,0,14.7,28,2.65,7.1,Thu,0,Clear,40.83369,-73.71993,40.94293,-74.02568
T000184,Route_8,Bus,18,44.0,32,14.17,2.4,Sat,0,Rain,40.85934,-73.85684,40.77275,-73.98548
T000185,Route_13,Train,21,4.7,41,13.04,0.8,Fri,1,Clear,40.63229,-74.005,40.92253,-73.7074
T000186,Route_5,Train,17,27.4,30,12.69,1.0,Wed,0,Clear,40.94346,-73.96547,40.81225,-73.97131
T000187,Route_14,Bus,13,35.2,34,3.21,8.7,Thu,0,Fog,40.85636,-73.74892,40.68615,-73.81715
T000188,Route_18,Tram,13,30.8,29,7.71,1.7,Sun,0,Clear,40.86657,-74.03793,40.57469,-73.99216
T000189,Route_13,Subway,14,44.7,21,8.13,8.4,Thu,0,Clear,40.80013,-74.0475,40.78233,-74.02924
T000190,Route_19,Bus,20,1.1,29,6.94,2.9,Mon,0,Clear,40.80712,-73.79827,40.69837,-73.99956
T000191,Route_16,Tram,13,5.9,28,7.06,3.4,Wed,0,Rain,40.73699,-73.92935,40.85211,-73.80655
T000192,Route_9,Bus,4,8.1,35,11.72,1.1,Fri,0,Rain,40.5852,-73.8348,40.93185,-74.09636
T000193,Route_3,Bus,11,17.0,34,7.9,23.3,Thu,0,Clear,40.53893,-73.9816,40.59866,-73.77441
T000194,Route_8,Bus,16,7.7,28,14.74,2.6,Wed,0,Rain,40.69971,-74.042,40.75612,-74.0182
T000195,Route_9,Bus,17,24.4,31,4.08,10.8,Thu,0,Clear,40.99776,-73.8858,40.87842,-73.75281
T000196,Route_5,Tram,17,2.2,28,14.88,3.2,Tue,0,Clear,40.53605,-73.94058,40.67562,-74.09922
T000197,Route_19,Bus,3,22.9,23,5.63,1.4,Wed,0,Rain,40.69358,-73.89112,40.63081,-73.70708
T000198,Route_4,Train,8,5.4,28,12.25,3.2,Tue,0,Clear,40.90248,-73.81101,40.90809,-73.92139
T000199,Route_16,Tram,13,25.0,27,7.0,2.6,Sat,0,Fog,40.67032,-74.01548,40.82094,-73.99493
T000200,Route_4,Tram,3,30.5,28,11.17,14.0,Mon,0,Clear,40.74185,-73.98372,40.89727,-73.77751
T000201,Route_5,Train,22,27.7,28,10.39,7.8,Fri,0,Clear,40.64484,-74.05375,40.73335,-73.82925
T000202,Route_10,Subway,6,33.1,24,3.09,6.0,Tue,0,Rain,40.8469,-74.09281,40.86637,-74.04275
T000203,Route_1,Train,1,29.4,20,6.4,7.4,Mon,0,Fog,40.77523,-73.91259,40.9082,-73.83159
T000204,Route_8,Ferry,21,40.5,24,8.44,4.0,Fri,0,Clear,40.86926,-73.8182,40.50236,-74.07753
T000205,Route_17,Ferry,1,10.0,40,4.84,0.1,Wed,0,Snow,40.88372,-73.86551,40.88741,-73.82647
T000206,Route_1,Subway,14,37.9,39,8.96,3.3,Wed,0,Clear,40.9454,-73.97961,40.94178,-73.7272
T000207,Route_17,Ferry,6,18.4,31,10.44,0.7,Wed,0,Fog,40.91183,-73.89767,40.79566,-73.99624
T000208,Route_11,Train,5,23.2,34,11.16,1.7,Thu,0,Clear,40.67049,-73.86929,40.68736,-73.8468
T000209,Route_6,Tram,16,42.8,37,4.24,15.9,Wed,1,Rain,40.68694,-73.93979,40.66621,-74.06159
T000210,Route_15,Train,2,6.2,36,14.24,2.8,Tue,0,Clear,40.96387,-73.92703,40.98129,-73.74354
T000211,Route_13,Tram,6,8.5,34,7.06,0.3,Wed,0,Clear,40.9032,-74.00696,40.85576,-73.81348
T000212,Route_6,Bus,0,38.6,31,10.02,10.0,Fri,0,Rain,40.77057,-74.08127,40.73981,-73.74649
T000213,Route_15,Subway,1,21.8,23,6.48,2.4,Tue,0,Rain,40.93843,-73.93342,40.51577,-73.93564
T000214,Route_13,Train,19,38.8,30,2.85,2.0,Mon,0,Clear,40.63547,-74.01193,40.61179,-73.77898
T000215,Route_15,Subway,17,41.0,29,13.57,0.9,Sat,0,Clear,40.64345,-73.9487,40.88206,-73.96093
T000216,Route_20,Tram,3,26.0,31,10.66,3.9,Thu,1,Clear,40.93506,-73.93997,40.95252,-73.86319
T000217,Route_12,Subway,19,44.0,23,7.45,0.7,Sat,0,Clear,40.8858,-73.90465,40.80333,-73.75102
T000218,Route_14,Tram,9,33.8,26,5.37,0.7,Tue,0,Clear,40.81935,-73.98078,40.85471,-73.8394
T000219,Route_17,Train,16,29.3,30,12.02,0.3,Tue,0,Clear,40.79035,-74.08854,40.69039,-74.08028
T000220,Route_17,Subway,1,18.1,32,4.7,0.5,Thu,0,Clear,40.74764,-73.70547,40.77315,-74.04535
T000221,Route_4,Tram,13,16.2,23,2.3,2.2,Wed,0,Clear,40.59687,-73.76513,40.71311,-73.75881
T000222,Route_15,Train,0,14.5,38,5.38,1.0,Mon,1,Clear,40.97655,-73.87925,40.55325,-73.97526
T000223,Route_5,Tram,15,34.7,35,8.32,4.6,Tue,0,Rain,40.7643,-74.08892,40.78095,-74.06243
T000224,Route_2,Tram,12,27.6,37,8.47,18.3,Tue,0,Clear,40.84593,-73.73715,40.95792,-73.99977
T000225,Route_15,Tram,20,37.2,32,4.81,8.9,Sun,0,Fog,40.8255,-73.79758,40.51296,-74.09417
T000226,Route_6,Bus,13,23.5,32,4.72,1.5,Wed,0,Rain,40.98346,-73.89235,40.68864,-73.99677
T000227,Route_1,Ferry,13,43.8,27,14.94,5.1,Thu,0,Clear,40.69036,-73.90966,40.75574,-73.82306
T000228,Route_1,Tram,14,8.2,22,14.04,2.9,Thu,0,Rain,40.50511,-73.93018,40.83821,-73.78104
T000229,Route_1,Ferry,18,45.0,35,10.82,13.0,Sat,1,Rain,40.57053,-73.83011,40.94151,-73.71432
T000230,Route_19,Subway,16,44.8,35,13.07,0.9,Tue,1,Fog,40.7831,-73.87684,40.76323,-74.08852
T000231,Route_15,Bus,16,2.4,24,2.0,1.6,Sun,0,Fog,40.86357,-74.00443,40.88546,-74.09377
T000232,Route_8,Subway,10,11.0,19,14.81,1.5,Sun,0,Clear,40.66672,-73.77713,40.96371,-73.92743
T000233,Route_16,Ferry,10,40.8,34,1.8,4.9,Mon,0,Rain,40.59787,-74.0532,40.83732,-73.87151
T000234,Route_5,Tram,14,24.9,38,3.73,16.0,Mon,0,Fog,40.65672,-73.828,40.83371,-73.94296
T000235,Route_19,Bus,3,3.0,28,13.62,6.9,Mon,1,Snow,40.67441,-74.04757,40.97256,-73.85773
T000236,Route_4,Ferry,17,25.3,24,3.38,2.5,Wed,0,Fog,40.93211,-74.03522,40.83247,-73.89437
T000237,Route_2,Train,21,25.8,33,13.98,0.4,Wed,1,Clear,40.75226,-73.72108,40.63475,-74.01278
T000238,Route_12,Bus,5,14.2,28,12.19,8.2,Fri,0,Clear,40.77077,-73.99739,40.96713,-73.73768
T000239,Route_16,Subway,16,1.8,27,3.99,8.2,Thu,0,Snow,40.50445,-74.09998,40.72915,-73.98007
T000240,Route_18,Subway,13,22.6,29,10.53,5.0,Tue,0,Clear,40.96767,-73.7945,40.73053,-73.94485
T000241,Route_12,Train,4,15.9,29,13.69,0.4,Tue,0,Clear,40.86608,-74.09524,40.55558,-73.75522
T000242,Route_15,Ferry,13,33.9,31,2.32,4.4,Fri,0,Clear,40.91825,-73.91541,40.90859,-73.73028
T000243,Route_5,Ferry,14,16.5,23,2.71,1.6,Thu,0,Rain,40.89821,-74.09517,40.88703,-73.9163
T000244,Route_20,Bus,18,26.2,40,14.02,3.1,Mon,0,Rain,40.66258,-73.81768,40.91014,-73.72435
T000245,Route_18,Bus,10,2.2,23,8.8,6.0,Wed,0,Fog,40.81979,-73.87878,40.55091,-73.9137
T000246,Route_2,Ferry,7,10.5,25,14.5,5.9,Fri,0,Clear,40.68772,-73.85428,40.88118,-73.72155
T000247,Route_15,Ferry,1,10.7,28,11.84,1.7,Tue,0,Fog,40.68173,-74.0455,40.52734,-73.94599
T000248,Route_19,Bus,17,28.1,38,12.09,3.6,Sat,0,Clear,40.69354,-74.03573,40.55002,-73.9024
T000249,Route_7,Tram,22,44.9,30,7.66,14.6,Tue,0,Clear,40.62453,-73.84142,40.79931,-73.7039
T000250,Route_19,Subway,8,26.7,24,7.69,9.1,Mon,0,Snow,40.68427,-74.04845,40.61221,-73.83882
T000251,Route_10,Ferry,4,32.7,35,4.47,5.3,Wed,0,Rain,40.81545,-73.73443,40.81371,-73.83512
T000252,Route_17,Tram,16,28.6,28,11.74,2.0,Tue,1,Rain,40.65152,-73.84747,40.55462,-73.87889
T000253,Route_4,Ferry,1,35.8,30,5.34,0.4,Tue,0,Rain,40.71143,-73.81276,40.98887,-73.8415
T000254,Route_5,Subway,19,12.3,22,6.27,2.6,Sun,0,Snow,40.65668,-73.95113,40.59343,-73.99539
T000255,Route_6,Subway,19,28.9,28,9.68,1.2,Fri,0,Snow,40.84668,-73.83191,40.50977,-73.76056
T000256,Route_12,Subway,17,23.5,27,9.57,10.4,Thu,0,Snow,40.62051,-73.91264,40.98646,-73.86286
T000257,Route_19,Ferry,2,5.1,24,6.94,2.4,Wed,0,Clear,40.6312,-73.94574,40.78509,-73.7408
T000258,Route_12,Bus,17,13.8,31,3.15,3.9,Fri,0,Clear,40.80131,-74.08543,40.69077,-73.75336
T000259,Route_10,Bus,12,7.6,24,12.55,11.5,Sun,0,Clear,40.89225,-73.74249,40.52869,-74.00621
T000260,Route_14,Bus,17,18.3,38,3.16,1.6,Fri,0,Clear,40.66155,-74.07485,40.79742,-73.70238
T000261,Route_7,Subway,10,39.4,38,2.88,5.8,Sat,0,Clear,40.81302,-73.99884,40.53143,-73.98746
T000262,Route_4,Bus,5,25.6,21,3.27,0.8,Sat,0,Rain,40.91111,-73.89495,40.80396,-73.91554
T000263,Route_19,Subway,9,30.7,23,7.64,13.2,Mon,0,Clear,40.60231,-73.74732,40.96689,-73.85341
T000264,Route_8,Train,14,32.5,33,4.77,16.0,Thu,0,Rain,40.83271,-73.89641,40.70296,-73.70424
T000265,Route_1,Train,3,18.9,23,12.39,0.9,Tue,0,Rain,40.82836,-73.76478,40.71019,-73.97602
T000266,Route_20,Ferry,17,28.9,30,11.9,15.1,Mon,0,Clear,40.57261,-73.90492,40.77334,-73.99407
T000267,Route_18,Train,9,11.9,32,10.29,1.6,Sun,0,Clear,40.60081,-74.00564,40.59525,-74.00375
T000268,Route_5,Tram,5,35.7,30,7.8,10.9,Fri,0,Rain,40.85901,-73.79315,40.56073,-73.78765
T000269,Route_5,Tram,20,14.3,31,7.91,0.9,Thu,0,Rain,40.72401,-73.93633,40.87756,-73.80285
T000270,Route_6,Subway,0,7.4,48,5.52,0.5,Mon,0,Snow,40.84669,-73.96944,40.66822,-74.03947
T000271,Route_18,Tram,21,39.2,23,14.98,1.0,Tue,0,Clear,40.65213,-73.79458,40.60022,-73.9299
T000272,Route_7,Train,4,3.3,27,10.72,13.6,Fri,0,Rain,40.91468,-73.93806,40.70049,-73.99002
T000273,Route_15,Tram,1,13.1,30,14.04,5.6,Fri,0,Clear,40.97932,-74.04065,40.93162,-74.03882
T000274,Route_4,Train,8,20.6,26,4.71,3.6,Wed,0,Clear,40.75374,-74.00451,40.99081,-73.93901
T000275,Route_10,Subway,19,19.1,26,10.64,1.4,Thu,0,Clear,40.7999,-73.92403,40.80573,-74.00516
T000276,Route_3,Tram,13,27.8,30,5.15,4.2,Wed,0,Clear,40.98581,-73.89486,40.77526,-73.92295
T000277,Route_17,Train,2,18.0,41,7.34,24.7,Sun,0,Clear,40.61085,-73.81361,40.92554,-73.74385
T000278,Route_4,Train,17,36.7,19,6.25,8.3,Wed,1,Rain,40.93828,-73.7368,40.69583,-73.73826
T000279,Route_7,Subway,20,6.7,28,14.76,1.1,Mon,1,Clear,40.99082,-74.09721,40.88059,-73.89954
T000280,Route_18,Bus,20,8.4,43,12.76,0.1,Wed,0,Rain,40.56763,-74.09104,40.67544,-73.95204
T000281,Route_17,Tram,8,27.3,25,2.69,0.2,Wed,0,Rain,40.67678,-73.82379,40.66232,-73.78876
T000282,Route_9,Ferry,14,4.6,23,7.42,0.6,Mon,0,Rain,40.66115,-73.74176,40.74259,-73.87939
T000283,Route_4,Tram,13,44.3,30,11.62,15.6,Wed,0,Clear,40.70597,-74.04515,40.65514,-73.849
T000284,Route_4,Train,9,8.2,28,4.18,2.2,Wed,0,Clear,40.73526,-74.06726,40.73844,-73.9171
T000285,Route_10,Tram,2,6.8,33,10.33,2.4,Fri,0,Clear,40.88677,-73.92129,40.66779,-73.93516
T000286,Route_11,Subway,13,41.1,28,7.56,4.7,Thu,0,Clear,40.51461,-73.70736,40.68683,-73.89469
T000287,Route_17,Bus,5,32.5,28,12.3,1.5,Wed,1,Clear,40.83907,-73.94975,40.96092,-73.96521
T000288,Route_17,Bus,15,27.4,32,8.85,3.8,Sat,0,Rain,40.58474,-73.91366,40.8693,-74.02725
T000289,Route_8,Train,16,23.7,20,12.04,6.1,Sat,0,Clear,40.69854,-73.82289,40.86332,-74.09951
T000290,Route_12,Bus,15,5.1,20,13.92,1.7,Sun,0,Clear,40.67933,-74.01105,40.83251,-73.83223
T000291,Route_9,Bus,17,34.6,28,5.33,5.5,Fri,0,Rain,40.7853,-73.75776,40.61496,-73.97293
T000292,Route_11,Tram,6,31.5,34,9.75,2.0,Wed,0,Rain,40.70981,-73.81593,40.73428,-74.01091
T000293,Route_16,Subway,3,40.1,23,11.83,7.3,Thu,0,Clear,40.73101,-73.79212,40.50809,-74.09343
T000294,Route_16,Ferry,5,5.2,35,6.75,0.4,Sun,0,Snow,40.95114,-74.07361,40.74422,-73.99442
T000295,Route_5,Ferry,7,31.9,36,3.14,2.6,Wed,0,Snow,40.97724,-73.99332,40.79254,-73.88619
T000296,Route_2,Train,19,10.9,22,13.29,6.9,Thu,0,Rain,40.65841,-73.95837,40.92947,-73.92562
T000297,Route_16,Train,6,30.6,38,8.61,6.1,Tue,0,Clear,40.84985,-73.71049,40.98887,-73.71558
T000298,Route_11,Ferry,8,25.9,30,13.61,7.3,Sat,0,Rain,40.50094,-74.08542,40.69266,-73.99222
T000299,Route_9,Train,20,33.8,38,14.63,7.7,Sun,0,Clear,40.62279,-74.07576,40.98724,-73.96648
T000300,Route_1,Ferry,19,39.9,29,8.98,1.7,Fri,0,Rain,40.52108,-73.81046,40.65894,-73.9838
T000301,Route_10,Bus,6,41.8,36,3.07,0.4,Sat,0,Clear,40.80403,-73.9811,40.98667,-73.88894
T000302,Route_15,Subway,13,30.8,25,12.23,1.5,Tue,0,Clear,40.54052,-73.7918,40.87984,-74.00838
T000303,Route_20,Ferry,1,19.9,25,10.52,1.6,Wed,0,Clear,40.80334,-73.99303,40.74147,-74.09971
T000304,Route_9,Train,4,18.7,41,14.12,0.3,Wed,0,Clear,40.94217,-73.75829,40.50932,-73.7596
T000305,Route_17,Subway,15,31.8,27,13.1,7.9,Mon,0,Clear,40.74858,-73.87049,40.51627,-73.93862
T000306,Route_9,Train,18,38.5,41,3.06,6.1,Fri,0,Rain,40.978,-73.77405,40.67357,-73.74945
T000307,Route_7,Tram,22,43.5,22,3.52,2.1,Sun,0,Clear,40.65556,-73.88131,40.75837,-73.76961
T000308,Route_15,Train,15,9.3,35,3.19,3.4,Wed,0,Clear,40.8153,-74.00933,40.51161,-74.05809
T000309,Route_15,Train,8,24.3,21,11.64,0.5,Sat,1,Clear,40.72366,-73.83446,40.78459,-73.75198
T000310,Route_6,Subway,8,28.0,37,5.91,0.0,Sat,0,Rain,40.66445,-73.90941,40.92103,-73.7189
T000311,Route_9,Tram,19,24.3,30,13.57,0.4,Sun,1,Clear,40.99433,-73.72108,40.63597,-73.92482
T000312,Route_14,Tram,12,0.6,31,2.85,4.5,Mon,0,Rain,40.80852,-73.70557,40.77331,-73.86974
T000313,Route_2,Subway,13,35.5,32,7.04,15.5,Wed,0,Clear,40.99426,-73.87055,40.97785,-73.87071
T000314,Route_16,Subway,15,38.1,29,7.99,6.0,Wed,0,Clear,40.75791,-73.87515,40.51212,-73.94046
T000315,Route_4,Ferry,19,7.5,38,7.49,2.3,Thu,0,Clear,40.6311,-73.72538,40.69509,-73.89596
T000316,Route_3,Subway,4,27.4,32,8.64,6.7,Wed,0,Rain,40.85082,-73.82927,40.51625,-73.85843
T000317,Route_7,Ferry,7,0.8,22,7.86,0.5,Fri,0,Clear,40.72293,-74.04158,40.7832,-73.9533
T000318,Route_7,Tram,13,2.4,28,6.45,16.9,Fri,1,Rain,40.68336,-73.94685,40.84064,-74.09517
T000319,Route_14,Ferry,6,18.3,30,7.78,3.6,Mon,0,Clear,40.98164,-73.89707,40.73898,-74.02612
T000320,Route_8,Ferry,17,9.5,26,7.28,8.8,Thu,0,Clear,40.95331,-73.708,40.80699,-73.75512
T000321,Route_17,Ferry,6,33.8,31,7.73,1.7,Fri,0,Clear,40.70318,-73.94948,40.8382,-73.87815
T000322,Route_15,Tram,20,2.5,28,2.4,9.3,Fri,0,Rain,40.62985,-74.09903,40.76719,-74.0159
T000323,Route_4,Tram,16,26.7,35,14.04,2.9,Sat,0,Clear,40.63965,-73.82506,40.93424,-73.77306
T000324,Route_10,Subway,1,22.7,33,4.23,1.1,Thu,0,Clear,40.86284,-74.07567,40.91452,-73.98145
T000325,Route_20,Bus,12,8.0,33,13.72,2.6,Thu,0,Clear,40.57078,-73.73917,40.54048,-73.76432
T000326,Route_1,Train,4,11.5,29,7.33,1.4,Mon,1,Rain,40.9495,-74.07748,40.96529,-73.9472
T000327,Route_3,Subway,22,35.7,31,9.03,0.8,Mon,0,Rain,40.83621,-73.91583,40.51725,-73.71985
T000328,Route_6,Train,13,15.4,27,7.78,0.1,Tue,0,Rain,40.53022,-73.8225,40.50543,-73.89572
T000329,Route_12,Bus,10,35.9,25,9.38,0.8,Sat,0,Rain,40.97621,-74.02635,40.66122,-73.88808
T000330,Route_2,Tram,11,16.6,28,12.42,3.3,Sun,0,Clear,40.68829,-73.71421,40.50131,-73.80175
T000331,Route_12,Train,4,4.9,32,5.87,9.4,Wed,0,Rain,40.73066,-73.7181,40.8577,-74.01347
T000332,Route_12,Tram,12,37.3,28,2.85,1.6,Tue,0,Clear,40.94195,-73.97654,40.99459,-73.82653
T000333,Route_20,Ferry,9,14.2,30,1.93,2.6,Sat,1,Rain,40.68886,-73.80434,40.99933,-73.97023
T000334,Route_10,Subway,5,27.5,35,7.27,3.1,Sat,0,Snow,40.89747,-73.81616,40.53308,-74.00602
T000335,Route_18,Bus,21,33.1,31,2.24,5.4,Fri,0,Clear,40.71345,-73.70912,40.97753,-74.01351
T000336,Route_1,Subway,19,36.1,38,4.78,4.0,Sun,0,Rain,40.85084,-73.77746,40.79919,-73.70364
T000337,Route_16,Subway,14,39.1,24,14.2,0.8,Sat,0,Clear,40.74989,-73.72434,40.6248,-73.72372
T000338,Route_5,Subway,13,16.4,31,5.15,13.4,Mon,0,Clear,40.6409,-73.82569,40.52664,-73.76482
T000339,Route_11,Train,17,44.8,31,8.91,1.6,Sat,0,Clear,40.68444,-73.84417,40.75546,-73.84327
T000340,Route_3,Bus,13,14.3,36,11.19,11.4,Sun,0,Clear,40.68395,-73.89994,40.89189,-73.7573
T000341,Route_8,Train,8,4.9,26,7.26,8.5,Sat,1,Clear,40.85117,-73.77239,40.58188,-73.78841
T000342,Route_7,Subway,6,14.3,36,5.93,0.2,Wed,0,Clear,40.80998,-73.80968,40.76713,-74.04789
T000343,Route_9,Train,17,26.5,40,12.84,0.2,Mon,0,Clear,40.60707,-73.90226,40.59554,-73.95395
T000344,Route_8,Bus,0,42.1,36,13.99,4.3,Fri,0,Clear,40.89967,-73.96345,40.8329,-74.01473
T000345,Route_20,Ferry,22,29.8,37,11.03,0.8,Fri,0,Rain,40.85175,-73.72799,40.93358,-73.95595
T000346,Route_15,Subway,16,1.2,27,1.71,20.1,Fri,0,Clear,40.64129,-74.07364,40.85203,-74.09478
T000347,Route_12,Ferry,7,32.5,29,12.69,6.0,Sun,0,Rain,40.72325,-73.84081,40.87735,-74.00608
T000348,Route_18,Subway,13,1.4,27,13.22,6.8,Mon,0,Clear,40.82451,-74.02965,40.54308,-73.80893
T000349,Route_8,Ferry,11,11.0,30,5.79,5.3,Mon,0,Rain,40.94943,-73.86574,40.84157,-73.88961
T000350,Route_1,Train,18,33.8,34,12.79,8.9,Mon,1,Snow,40.70883,-73.88905,40.78657,-73.79492
T000351,Route_5,Ferry,0,37.1,23,4.44,1.0,Fri,0,Snow,40.66199,-73.98617,40.9895,-73.74678
T000352,Route_3,Subway,1,28.4,34,1.82,1.2,Wed,0,Rain,40.61462,-73.91019,40.61998,-73.72039
T000353,Route_4,Ferry,6,2.4,16,12.12,7.2,Tue,0,Clear,40.88829,-73.77169,40.73475,-74.05683
T000354,Route_19,Subway,15,7.2,43,12.0,2.7,Thu,0,Rain,40.60543,-73.71809,40.77466,-73.77109
T000355,Route_13,Tram,14,40.0,38,5.67,3.1,Sun,0,Clear,40.57307,-74.01407,40.62071,-73.70662
T000356,Route_1,Ferry,4,6.6,32,12.0,2.2,Sat,0,Rain,40.7689,-73.96523,40.78613,-73.85993
T000357,Route_4,Train,1,37.7,30,7.35,11.3,Thu,0,Fog,40.85649,-74.08049,40.76579,-73.73325
T000358,Route_2,Subway,13,19.4,34,8.51,2.7,Sun,0,Clear,40.52657,-73.98375,40.79541,-74.00065
T000359,Route_10,Subway,6,22.9,31,8.46,2.3,Mon,0,Clear,40.53519,-73.98245,40.95249,-73.8137
T000360,Route_6,Ferry,11,24.2,27,7.18,3.7,Thu,1,Clear,40.8529,-73.73169,40.8683,-73.94096
T000361,Route_19,Bus,4,31.8,32,12.29,0.3,Sat,0,Fog,40.91847,-74.03625,40.99997,-74.04927
T000362,Route_14,Train,8,27.6,32,11.99,4.3,Thu,0,Clear,40.68576,-73.84498,40.81753,-73.95901
T000363,Route_14,Bus,19,4.4,27,4.64,13.7,Sat,0,Clear,40.7737,-73.99442,40.50772,-73.98732
T000364,Route_4,Ferry,19,9.9,28,11.13,10.4,Fri,1,Clear,40.64766,-73.81052,40.53939,-73.88443
T000365,Route_14,Train,15,5.9,27,9.55,3.9,Wed,0,Clear,40.64194,-73.84563,40.79963,-73.99691
T000366,Route_18,Bus,0,23.5,23,2.8,9.2,Thu,0,Rain,40.56907,-73.92113,40.74188,-73.74734
T000367,Route_13,Train,22,9.2,32,3.75,2.5,Sun,1,Clear,40.62067,-73.95355,40.60142,-73.70949
T000368,Route_13,Bus,14,38.7,31,3.0,0.8,Thu,0,Clear,40.97292,-74.0896,40.73567,-74.06758
T000369,Route_2,Bus,5,27.0,28,10.13,0.1,Mon,0,Rain,40.9795,-74.01594,40.76054,-73.98966
T000370,Route_15,Train,5,18.9,30,13.28,9.9,Fri,0,Rain,40.92896,-74.08591,40.627,-73.84129
T000371,Route_10,Subway,11,1.1,34,14.01,8.2,Sat,0,Rain,40.98571,-73.98866,40.85578,-74.01168
T000372,Route_3,Bus,18,36.9,37,11.14,12.2,Sun,0,Snow,40.60949,-73.8809,40.5282,-73.8453
T000373,Route_3,Bus,22,23.8,36,6.21,2.0,Mon,0,Rain,40.60979,-74.01193,40.66225,-74.08803
T000374,Route_20,Subway,5,14.7,31,14.86,4.4,Sat,0,Rain,40.71225,-73.7641,40.87334,-73.82359
T000375,Route_15,Ferry,20,35.7,29,13.09,3.6,Wed,0,Rain,40.64348,-73.8414,40.63542,-74.02635
T000376,Route_15,Ferry,19,44.9,35,8.39,0.5,Tue,0,Snow,40.83114,-73.99839,40.93208,-73.97689
T000377,Route_15,Train,9,22.4,28,5.42,10.0,Sun,0,Clear,40.57597,-74.02888,40.50238,-74.082
T000378,Route_16,Bus,16,29.0,28,14.03,0.2,Tue,0,Clear,40.55978,-73.73673,40.80487,-73.96014
T000379,Route_18,Bus,6,26.3,23,8.48,4.6,Thu,0,Clear,40.86984,-73.89444,40.86579,-73.77081
T000380,Route_15,Tram,13,34.1,32,13.32,0.8,Tue,0,Clear,40.81009,-73.96904,40.52182,-74.06325
T000381,Route_13,Train,0,34.9,28,13.84,3.1,Sun,0,Clear,40.62485,-73.73817,40.51241,-73.76986
T000382,Route_20,Ferry,14,41.8,25,3.86,1.5,Sat,0,Snow,40.74362,-73.73884,40.82233,-74.07759
T000383,Route_18,Ferry,4,23.0,23,13.96,0.2,Sun,0,Rain,40.67069,-74.0279,40.64285,-73.98644
T000384,Route_9,Subway,11,3.4,33,9.8,4.0,Sat,0,Clear,40.92946,-73.99382,40.73126,-73.7735
T000385,Route_19,Tram,19,36.4,34,7.27,5.7,Fri,0,Clear,40.93197,-73.78729,40.96395,-73.73526
T000386,Route_14,Subway,10,32.4,29,13.06,1.2,Sun,0,Clear,40.74154,-73.89021,40.83377,-73.88946
T000387,Route_20,Ferry,13,12.2,29,11.09,8.7,Sun,0,Rain,40.51448,-73.80612,40.95958,-73.70454
T000388,Route_19,Bus,6,18.4,24,11.57,0.1,Sun,1,Rain,40.81509,-73.93504,40.69939,-73.95278
T000389,Route_2,Tram,18,41.1,29,14.22,1.2,Mon,0,Clear,40.89906,-74.06284,40.69608,-74.00123
T000390,Route_5,Train,4,15.5,23,7.29,2.1,Sun,0,Clear,40.83657,-73.86627,40.67768,-73.73789
T000391,Route_8,Tram,15,17.8,33,12.84,3.0,Mon,0,Clear,40.56983,-73.93466,40.82386,-74.03563
T000392,Route_19,Tram,0,15.8,31,13.87,3.9,Thu,0,Rain,40.68504,-73.77237,40.8844,-74.0294
T000393,Route_6,Tram,0,19.7,36,6.48,1.2,Mon,0,Fog,40.95806,-74.03916,40.73304,-73.96389
T000394,Route_20,Train,10,11.6,28,9.71,1.5,Thu,0,Clear,40.58498,-73.94803,40.91944,-73.90886
T000395,Route_10,Tram,20,43.2,29,10.71,8.8,Sun,0,Fog,40.86867,-73.7134,40.62483,-73.96322
T000396,Route_8,Ferry,0,20.6,27,12.18,2.4,Tue,0,Rain,40.91298,-73.74623,40.70428,-73.78244
T000397,Route_1,Train,8,5.1,31,7.36,20.4,Sun,0,Clear,40.93626,-73.88868,40.92352,-73.941
T000398,Route_5,Tram,20,25.0,32,10.3,0.3,Sun,0,Rain,40.91364,-74.09365,40.77884,-74.03237
T000399,Route_7,Subway,9,34.7,26,10.08,2.6,Fri,0,Clear,40.75158,-73.7059,40.75511,-73.93811
T000400,Route_17,Train,13,1.3,21,11.99,8.7,Sat,0,Snow,40.90167,-73.80733,40.69269,-73.86486
T000401,Route_20,Train,0,28.3,27,9.04,1.3,Thu,1,Clear,40.58253,-73.97742,40.58012,-73.70133
T000402,Route_4,Tram,16,10.0,35,6.31,2.4,Thu,0,Clear,40.68058,-73.80208,40.80005,-73.78783
T000403,Route_12,Subway,6,2.2,21,5.37,0.8,Wed,0,Clear,40.54558,-74.02349,40.99219,-73.72257
T000404,Route_8,Bus,14,13.3,38,11.46,3.8,Wed,1,Clear,40.93792,-73.946,40.82958,-73.77354
T000405,Route_5,Tram,9,37.2,25,10.04,10.1,Tue,1,Rain,40.57373,-74.06255,40.56115,-74.09613
T000406,Route_6,Ferry,22,16.5,27,3.0,0.3,Thu,0,Snow,40.53518,-73.74781,40.92941,-74.05344
T000407,Route_14,Ferry,17,14.3,24,7.27,4.5,Fri,0,Clear,40.56903,-74.04519,40.58074,-73.79806
T000408,Route_17,Bus,1,2.4,39,5.16,3.8,Mon,0,Clear,40.73966,-73.7441,40.50482,-73.73692
T000409,Route_18,Ferry,1,42.5,34,2.66,7.7,Sun,0,Clear,40.6479,-73.82236,40.94768,-73.79964
T000410,Route_3,Tram,20,44.9,45,14.73,7.5,Tue,0,Snow,40.97235,-73.97289,40.93489,-74.06574
T000411,Route_6,Bus,3,24.1,21,5.58,0.5,Tue,1,Rain,40.6397,-73.85096,40.96264,-73.73227
T000412,Route_1,Bus,13,10.9,38,9.29,0.2,Fri,0,Clear,40.92374,-74.00099,40.53058,-73.70697
T000413,Route_20,Tram,7,38.7,35,8.21,0.2,Thu,0,Rain,40.63427,-74.0135,40.83108,-73.88405
T000414,Route_10,Tram,21,3.6,37,3.94,6.9,Fri,0,Clear,40.71051,-73.84112,40.93271,-73.95609
T000415,Route_20,Subway,6,40.9,27,9.2,10.7,Tue,0,Fog,40.62728,-74.0407,40.73791,-73.82132
T000416,Route_13,Tram,16,13.4,26,9.44,0.5,Sun,0,Clear,40.91883,-73.8139,40.50747,-73.74495
T000417,Route_4,Subway,19,29.9,45,4.21,0.1,Fri,0,Clear,40.68689,-73.82535,40.60482,-73.95699
T000418,Route_17,Bus,6,2.9,26,12.3,1.1,Sat,0,Rain,40.89949,-73.97252,40.59684,-74.00717
T000419,Route_15,Train,5,43.4,29,3.75,7.5,Wed,0,Snow,40.75406,-73.74003,40.72827,-74.01617
T000420,Route_17,Subway,2,18.9,26,6.59,1.1,Sat,0,Clear,40.5682,-74.03568,40.65065,-73.83925
T000421,Route_5,Ferry,20,5.3,32,7.78,0.1,Thu,0,Rain,40.76994,-73.83431,40.94523,-73.89876
T000422,Route_3,Bus,5,9.5,25,14.47,6.9,Sat,0,Clear,40.72686,-73.7108,40.69911,-73.80271
T000423,Route_11,Ferry,0,34.4,32,12.81,5.9,Tue,0,Clear,40.66958,-73.70026,40.66857,-73.93422
T000424,Route_13,Ferry,9,6.7,19,13.13,3.0,Thu,0,Clear,40.65434,-73.9279,40.96533,-73.82421
T000425,Route_19,Tram,2,42.2,32,8.35,0.2,Sun,1,Rain,40.86136,-74.06792,40.76354,-73.70943
T000426,Route_14,Tram,15,6.1,31,6.52,2.4,Fri,0,Clear,40.88471,-73.81651,40.96013,-73.87343
T000427,Route_7,Tram,18,9.6,33,9.25,0.6,Tue,1,Clear,40.62968,-74.00077,40.949,-73.70775
T000428,Route_7,Tram,3,7.7,29,5.81,1.3,Tue,1,Clear,40.91464,-73.79626,40.57475,-73.78653
T000429,Route_5,Train,11,41.4,45,11.38,0.9,Fri,0,Clear,40.82483,-73.7512,40.9107,-73.82898
T000430,Route_11,Train,0,7.0,30,14.15,3.5,Wed,0,Clear,40.89007,-73.74318,40.72471,-73.90751
T000431,Route_10,Subway,6,26.9,36,5.89,1.3,Mon,0,Clear,40.75206,-73.93121,40.89526,-74.01797
T000432,Route_10,Train,13,43.2,39,2.1,2.7,Sat,0,Clear,40.66189,-73.95036,40.79918,-73.9996
T000433,Route_17,Subway,10,24.0,26,12.94,0.2,Mon,0,Clear,40.83109,-73.84642,40.77662,-73.70283
T000434,Route_16,Ferry,7,29.9,33,9.41,4.0,Thu,0,Snow,40.9287,-73.73969,40.95236,-73.93777
T000435,Route_7,Bus,7,25.6,29,11.29,0.2,Wed,0,Snow,40.70716,-73.89549,40.88312,-73.74804
T000436,Route_19,Subway,10,8.1,26,6.87,8.4,Sat,0,Clear,40.66525,-74.08341,40.69331,-73.71855
T000437,Route_13,Tram,1,43.0,28,7.12,0.8,Mon,0,Snow,40.97823,-74.06863,40.55407,-73.94863
T000438,Route_14,Train,15,25.4,28,7.01,5.9,Thu,0,Rain,40.61821,-73.76348,40.69771,-73.73719
T000439,Route_16,Ferry,17,14.5,22,5.79,4.0,Fri,0,Clear,40.77874,-73.85811,40.55279,-73.83218
T000440,Route_7,Bus,4,9.1,26,12.89,0.3,Sat,0,Rain,40.81478,-73.94782,40.99139,-73.73298
T000441,Route_1,Train,9,17.3,28,7.0,6.2,Thu,0,Rain,40.67391,-73.98933,40.6976,-73.88286
T000442,Route_2,Subway,6,2.4,23,11.65,1.1,Tue,0,Rain,40.56575,-73.86418,40.65892,-73.99815
T000443,Route_14,Tram,12,31.6,37,14.8,5.1,Mon,0,Clear,40.95198,-73.95571,40.59688,-73.93426
T000444,Route_16,Ferry,6,13.5,35,8.05,0.2,Tue,0,Clear,40.85542,-73.74019,40.54421,-73.81529
T000445,Route_17,Subway,2,7.3,25,6.32,2.1,Sun,0,Clear,40.56388,-73.96011,40.96707,-73.8326
T000446,Route_15,Subway,17,0.8,32,12.61,9.6,Fri,0,Rain,40.74371,-73.77873,40.81106,-73.79152
T000447,Route_13,Tram,0,28.0,34,9.24,6.4,Thu,0,Clear,40.95013,-73.78703,40.6944,-73.96216
T000448,Route_1,Ferry,11,32.1,25,3.28,5.0,Thu,0,Clear,40.91615,-73.89661,40.70345,-73.88599
T000449,Route_6,Subway,12,33.8,37,2.02,11.4,Sat,0,Clear,40.79323,-74.00453,40.84641,-73.76804
T000450,Route_7,Bus,7,10.2,23,8.03,0.5,Fri,0,Fog,40.54265,-73.75671,40.51499,-74.04053
T000451,Route_12,Subway,14,33.0,37,10.98,5.4,Tue,0,Clear,40.8307,-73.82771,40.93748,-73.97746
T000452,Route_20,Ferry,12,20.2,27,6.32,3.0,Wed,0,Clear,40.60592,-74.07126,40.81545,-73.80138
T000453,Route_9,Subway,8,10.6,33,13.92,3.5,Fri,0,Fog,40.70819,-74.02102,40.55634,-73.7545
T000454,Route_13,Tram,14,0.9,32,9.95,11.3,Tue,0,Clear,40.99478,-73.85184,40.79363,-73.99891
T000455,Route_13,Ferry,1,1.9,28,3.64,2.9,Sat,0,Rain,40.78847,-74.08541,40.90198,-73.9789
T000456,Route_15,Subway,8,17.4,25,13.14,1.1,Sun,0,Clear,40.81917,-73.75286,40.93551,-73.77063
T000457,Route_8,Subway,2,34.1,41,7.45,10.8,Sat,0,Clear,40.59823,-73.87754,40.9489,-74.00521
T000458,Route_9,Ferry,2,16.4,28,1.57,2.5,Mon,1,Clear,40.51103,-73.90963,40.83258,-73.82073
T000459,Route_1,Subway,3,18.2,37,1.54,1.3,Wed,0,Rain,40.58945,-74.05308,40.89113,-73.84646
T000460,Route_5,Subway,19,27.3,26,8.42,14.1,Sun,0,Clear,40.75497,-73.88926,40.76898,-73.82654
T000461,Route_16,Bus,21,30.1,26,2.52,10.4,Wed,1,Clear,40.53147,-73.77388,40.67356,-73.89456
T000462,Route_4,Train,4,35.7,26,13.61,10.3,Tue,0,Clear,40.98063,-73.74922,40.532,-73.88328
T000463,Route_6,Tram,21,12.0,25,14.84,0.9,Wed,0,Snow,40.80002,-73.94944,40.65904,-74.0157
T000464,Route_5,Tram,12,17.6,32,9.23,7.9,Sun,0,Rain,40.8914,-73.84678,40.8069,-73.76396
T000465,Route_11,Subway,20,18.8,29,6.33,1.4,Thu,0,Clear,40.66748,-73.81077,40.60372,-74.05375
T000466,Route_18,Ferry,13,32.4,25,14.2,3.4,Sun,0,Rain,40.78375,-74.04306,40.5827,-73.98175
T000467,Route_14,Bus,13,12.1,25,9.28,2.0,Thu,0,Snow,40.61826,-73.93581,40.54986,-73.93858
T000468,Route_2,Bus,9,20.4,31,13.5,2.5,Wed,0,Clear,40.65543,-73.85314,40.67997,-73.88689
T000469,Route_20,Subway,9,31.7,34,3.15,0.4,Fri,0,Rain,40.89348,-74.04016,40.72764,-74.09238
T000470,Route_8,Ferry,2,31.5,29,8.18,3.3,Wed,1,Clear,40.62054,-73.74006,40.64338,-73.90844
T000471,Route_15,Subway,15,37.4,38,4.73,7.3,Sun,0,Clear,40.62907,-73.86707,40.7838,-74.0943
T000472,Route_20,Bus,3,9.3,39,6.77,2.6,Sun,1,Clear,40.71482,-73.7439,40.61494,-73.93241
T000473,Route_15,Tram,8,30.8,30,9.89,9.8,Sun,0,Snow,40.84464,-74.06352,40.51185,-73.726
T000474,Route_15,Bus,17,13.1,27,6.15,5.1,Fri,0,Clear,40.51638,-74.05754,40.99786,-73.72549
T000475,Route_4,Ferry,1,4.5,31,6.57,3.8,Tue,0,Clear,40.8781,-73.7989,40.53426,-73.84096
T000476,Route_7,Tram,2,27.1,32,8.79,7.9,Sat,0,Clear,40.58738,-74.01991,40.89655,-73.73457
T000477,Route_8,Ferry,5,10.0,27,13.17,2.2,Thu,0,Rain,40.82475,-73.76101,40.92697,-73.79328
T000478,Route_1,Bus,21,5.0,39,10.2,3.3,Fri,0,Rain,40.71748,-73.90495,40.67901,-74.05533
T000479,Route_1,Bus,19,36.2,28,12.07,3.6,Wed,0,Snow,40.88168,-74.09903,40.74217,-73.80795
T000480,Route_20,Bus,0,4.5,25,5.55,10.0,Sun,0,Rain,40.51113,-73.82142,40.8364,-73.7345
T000481,Route_14,Tram,12,38.8,29,14.49,28.0,Sat,0,Clear,40.67091,-73.90728,40.79929,-73.91917
T000482,Route_20,Train,7,30.2,23,9.47,4.8,Mon,0,Clear,40.55799,-73.92032,40.5372,-73.72878
T000483,Route_3,Subway,4,15.8,22,11.16,20.2,Fri,0,Fog,40.79285,-73.87797,40.93826,-74.00192
T000484,Route_4,Ferry,8,10.6,36,3.49,4.5,Wed,0,Clear,40.93043,-73.73156,40.99257,-73.77673
T000485,Route_12,Subway,2,19.0,27,12.35,15.6,Mon,0,Rain,40.53384,-73.96964,40.51065,-73.91751
T000486,Route_3,Bus,17,41.6,26,5.46,9.9,Thu,0,Clear,40.99044,-73.78341,40.58445,-74.01031
T000487,Route_11,Ferry,19,16.5,29,13.04,3.3,Sun,0,Rain,40.55786,-74.05524,40.98166,-73.87731
T000488,Route_20,Ferry,17,38.2,35,9.22,1.3,Mon,0,Clear,40.59832,-73.93117,40.80118,-73.8947
T000489,Route_7,Tram,8,18.1,28,13.43,0.1,Sat,1,Rain,40.62798,-73.78082,40.53464,-74.00513
T000490,Route_7,Train,12,23.3,32,4.35,2.4,Sat,0,Clear,40.70738,-73.865,40.63249,-74.00213
T000491,Route_13,Ferry,16,11.4,24,2.52,4.4,Wed,0,Clear,40.83365,-73.91213,40.96157,-73.79704
T000492,Route_8,Train,3,21.1,23,12.55,0.8,Tue,0,Clear,40.99595,-73.96349,40.6884,-74.03781
T000493,Route_6,Tram,10,27.1,29,2.89,0.3,Mon,0,Snow,40.90132,-73.83736,40.94413,-73.77588
T000494,Route_17,Bus,4,40.6,30,8.27,0.8,Thu,0,Fog,40.84616,-73.71218,40.60794,-74.01264
T000495,Route_4,Subway,12,29.1,31,7.34,2.9,Mon,0,Rain,40.71346,-73.8997,40.74763,-73.86746
T000496,Route_8,Subway,13,20.6,27,7.98,3.1,Tue,0,Clear,40.56699,-73.85519,40.87222,-73.97916
T000497,Route_15,Ferry,21,11.6,37,2.77,5.9,Wed,0,Rain,40.75552,-73.8671,40.56062,-73.8286
T000498,Route_15,Train,8,20.4,36,6.25,1.5,Mon,0,Clear,40.97664,-73.76023,40.50204,-73.80465
T000499,Route_2,Train,8,6.3,22,6.82,7.9,Tue,0,Clear,40.77737,-74.07208,40.96434,-73.99714
T000500,Route_6,Tram,1,14.7,40,5.41,1.5,Sat,1,Clear,40.5337,-74.09901,40.66221,-74.04326
T000501,Route_8,Train,11,44.5,30,8.65,8.1,Tue,0,Clear,40.7612,-73.92236,40.80108,-73.96969
T000502,Route_11,Subway,18,9.6,38,3.77,7.8,Thu,0,Snow,40.73213,-73.87815,40.70066,-73.9882
T000503,Route_19,Ferry,17,14.6,30,4.45,7.5,Thu,1,Clear,40.78644,-73.74467,40.94331,-74.09228
T000504,Route_5,Ferry,2,43.8,25,10.47,2.2,Thu,0,Clear,40.82221,-73.92472,40.72999,-73.76854
T000505,Route_20,Tram,11,0.6,41,5.77,0.1,Sun,0,Clear,40.68646,-73.73803,40.81229,-73.83092
T000506,Route_19,Tram,3,22.8,22,11.58,35.6,Tue,0,Rain,40.68382,-73.79162,40.88525,-73.78974
T000507,Route_16,Subway,21,43.2,39,8.33,3.4,Thu,0,Clear,40.9358,-74.09574,40.9356,-73.79475
T000508,Route_9,Bus,16,4.4,30,6.14,9.1,Tue,0,Fog,40.7931,-73.80189,40.73425,-73.96829
T000509,Route_18,Ferry,20,6.6,29,2.94,1.5,Tue,0,Clear,40.89365,-73.77285,40.53189,-73.89288
T000510,Route_7,Tram,8,14.4,35,2.27,13.0,Sun,0,Clear,40.53514,-74.05738,40.8774,-73.80977
T000511,Route_1,Tram,9,19.8,28,3.5,10.2,Sun,0,Rain,40.72367,-73.94985,40.60313,-74.01575
T000512,Route_20,Ferry,18,31.2,26,13.23,0.0,Sun,0,Clear,40.74933,-73.9309,40.95214,-73.96917
T000513,Route_16,Bus,13,15.9,26,4.47,20.7,Sat,0,Snow,40.51868,-74.02924,40.75681,-74.04563
T000514,Route_1,Subway,11,42.4,34,4.76,5.9,Sun,0,Clear,40.54368,-73.80767,40.77535,-73.97724
T000515,Route_10,Ferry,12,23.8,25,13.82,0.1,Mon,0,Clear,40.5129,-73.76355,40.76537,-73.99543
T000516,Route_20,Subway,21,10.0,27,9.59,1.9,Sat,0,Rain,40.55197,-74.00454,40.61953,-73.95156
T000517,Route_14,Train,9,15.7,34,5.54,2.4,Sat,0,Snow,40.6,-73.75306,40.72212,-73.87178
T000518,Route_16,Ferry,22,25.9,33,2.41,9.4,Wed,0,Clear,40.87305,-73.78948,40.8862,-73.73297
T000519,Route_7,Tram,9,23.1,26,5.77,9.8,Sat,0,Clear,40.62595,-73.96425,40.97623,-73.71669
T000520,Route_13,Ferry,6,4.6,31,11.32,1.5,Mon,0,Clear,40.74414,-73.86675,40.51245,-73.85379
T000521,Route_19,Tram,8,18.5,24,7.06,22.6,Sun,0,Rain,40.54324,-73.74089,40.75427,-74.04802
T000522,Route_8,Subway,2,28.5,24,11.98,3.3,Thu,0,Clear,40.62812,-73.71699,40.54232,-73.76361
T000523,Route_10,Subway,1,28.1,26,9.86,6.8,Thu,0,Clear,40.68291,-73.76684,40.69377,-74.04181
T000524,Route_10,Train,11,43.3,39,3.01,1.2,Mon,1,Clear,40.99586,-73.73361,40.84009,-74.07918
T000525,Route_9,Subway,22,12.0,32,5.18,13.3,Sat,0,Rain,40.66819,-74.01287,40.53582,-73.8407
T000526,Route_6,Ferry,22,16.4,38,3.14,0.5,Wed,0,Clear,40.58142,-73.7572,40.92129,-73.84027
T000527,Route_7,Tram,12,11.3,39,2.62,12.3,Mon,0,Clear,40.94015,-73.70718,40.51426,-73.75719
T000528,Route_20,Bus,19,25.2,39,11.85,4.9,Sun,0,Clear,40.60471,-73.88044,40.57646,-73.88701
T000529,Route_19,Tram,21,26.7,32,10.11,0.6,Sun,0,Clear,40.5452,-73.91435,40.80655,-73.75135
T000530,Route_2,Ferry,7,7.0,29,9.34,6.0,Sat,0,Clear,40.64284,-73.96851,40.69985,-74.08924
T000531,Route_4,Train,20,31.3,23,12.04,1.5,Fri,0,Rain,40.60486,-73.79357,40.98708,-73.79062
T000532,Route_12,Bus,5,7.7,35,8.86,6.4,Fri,0,Clear,40.9023,-73.8093,40.60433,-74.04891
T000533,Route_4,Bus,17,9.7,39,12.79,0.7,Tue,0,Clear,40.80398,-73.90088,40.73911,-74.0298
T000534,Route_5,Bus,21,37.5,20,8.17,0.8,Tue,0,Snow,40.89569,-73.95762,40.97415,-73.82498
T000535,Route_18,Bus,3,39.6,25,11.69,3.0,Wed,0,Clear,40.65051,-73.78192,40.93817,-74.00538
T000536,Route_17,Bus,8,29.2,35,9.33,4.3,Fri,0,Rain,40.81198,-74.07337,40.5253,-73.92235
T000537,Route_14,Ferry,22,2.7,24,9.44,4.1,Fri,0,Clear,40.53561,-74.04155,40.51129,-73.8802
T000538,Route_8,Tram,6,1.5,24,14.93,3.9,Sat,0,Clear,40.92978,-73.7752,40.90043,-73.93074
T000539,Route_12,Subway,20,16.1,24,8.29,4.5,Sat,0,Clear,40.6282,-73.91463,40.9179,-73.89151
T000540,Route_2,Train,20,13.3,26,8.31,0.9,Thu,0,Clear,40.90771,-73.77442,40.86935,-73.82556
T000541,Route_9,Train,4,18.3,31,10.21,3.7,Thu,1,Clear,40.54111,-74.06865,40.96288,-74.02693
T000542,Route_3,Ferry,2,35.3,30,12.29,0.4,Sat,0,Clear,40.59068,-73.80273,40.84627,-74.06254
T000543,Route_5,Bus,14,22.6,26,2.15,1.0,Mon,0,Clear,40.56564,-73.70345,40.74904,-73.91874
T000544,Route_2,Tram,6,10.4,35,7.8,3.8,Thu,0,Clear,40.97079,-73.91925,40.9839,-74.06833
T000545,Route_3,Train,13,24.7,29,14.34,1.3,Thu,0,Rain,40.88144,-73.71972,40.58186,-74.09232
T000546,Route_8,Subway,11,5.3,31,1.71,5.5,Sat,0,Clear,40.72167,-74.09258,40.72824,-74.00277
T000547,Route_8,Subway,5,16.1,27,10.93,1.1,Fri,0,Rain,40.62263,-73.87303,40.57932,-73.70855
T000548,Route_16,Train,21,28.8,33,7.77,6.4,Sat,0,Snow,40.56148,-73.72324,40.67615,-73.78078
T000549,Route_5,Subway,2,43.2,25,2.3,3.9,Sat,0,Rain,40.54132,-73.87596,40.95242,-73.93918
T000550,Route_10,Train,16,36.4,33,10.54,4.5,Sat,1,Clear,40.96297,-73.77233,40.54593,-74.09959
T000551,Route_18,Bus,6,7.0,22,6.97,0.0,Thu,0,Snow,40.68729,-74.00117,40.64703,-74.05288
T000552,Route_3,Tram,5,8.0,29,1.95,0.4,Tue,0,Rain,40.71168,-73.86018,40.56594,-73.80755
T000553,Route_14,Bus,20,17.3,34,11.09,0.1,Mon,0,Clear,40.88725,-74.067,40.6747,-73.98451
T000554,Route_18,Ferry,2,7.2,25,13.0,3.9,Mon,0,Clear,40.6246,-73.75615,40.73923,-73.90919
T000555,Route_16,Subway,16,33.6,32,5.54,13.2,Sat,0,Rain,40.53897,-73.81186,40.5884,-73.72249
T000556,Route_2,Ferry,22,30.9,26,4.58,1.2,Fri,0,Clear,40.5534,-74.07122,40.84177,-73.80205
T000557,Route_5,Bus,12,33.1,36,5.23,2.8,Sat,1,Fog,40.68124,-73.84507,40.6225,-74.04639
T000558,Route_5,Subway,22,13.7,31,3.06,0.3,Sun,0,Clear,40.75748,-73.86955,40.76028,-73.70544
T000559,Route_1,Tram,14,3.1,20,7.68,2.8,Thu,0,Clear,40.99957,-74.08817,40.79652,-74.01362
T000560,Route_5,Bus,2,5.6,33,8.21,5.1,Wed,0,Rain,40.61462,-74.07834,40.51017,-73.89755
T000561,Route_7,Ferry,20,38.6,30,14.74,3.0,Fri,0,Rain,40.99797,-73.99992,40.75555,-73.7116
T000562,Route_18,Subway,22,44.0,34,6.42,5.0,Fri,0,Clear,40.62397,-73.70929,40.97845,-73.81585
T000563,Route_17,Subway,14,21.9,31,5.26,0.2,Sat,0,Clear,40.8545,-73.97873,40.76206,-73.99851
T000564,Route_10,Train,13,32.4,34,10.99,1.1,Thu,0,Clear,40.56105,-73.84792,40.86755,-73.98515
T000565,Route_12,Bus,18,34.8,30,13.3,6.4,Wed,0,Clear,40.54163,-74.01834,40.69235,-73.7498
T000566,Route_11,Bus,19,35.9,21,6.64,0.6,Mon,0,Clear,40.75282,-73.97545,40.66248,-74.0401
T000567,Route_8,Bus,18,37.0,22,3.28,16.6,Wed,0,Clear,40.57145,-73.84634,40.93992,-73.82299
T000568,Route_13,Train,22,4.3,28,12.57,2.5,Thu,0,Rain,40.65273,-73.98763,40.761,-73.86665
T000569,Route_1,Ferry,14,40.6,31,4.34,15.7,Sun,0,Snow,40.61621,-74.0208,40.53202,-73.75607
T000570,Route_7,Ferry,22,11.6,29,9.51,2.1,Sat,0,Clear,40.71135,-73.99596,40.82188,-74.02355
T000571,Route_16,Subway,1,43.7,24,2.26,1.5,Wed,0,Clear,40.69674,-73.89028,40.53109,-73.71153
T000572,Route_2,Ferry,14,26.0,23,7.4,1.4,Tue,0,Clear,40.87656,-74.08824,40.8998,-73.86103
T000573,Route_12,Bus,19,8.0,38,12.87,13.4,Fri,0,Clear,40.51669,-73.76611,40.72414,-73.77694
T000574,Route_1,Tram,9,37.0,33,4.74,0.6,Wed,0,Clear,40.75034,-73.72812,40.89431,-74.07944
T000575,Route_5,Subway,2,28.4,25,1.78,17.4,Sat,0,Clear,40.63861,-73.9937,40.71449,-74.08493
T000576,Route_18,Bus,22,7.1,37,12.72,3.9,Wed,0,Clear,40.76356,-73.86851,40.98494,-73.81715
T000577,Route_10,Tram,2,12.5,22,12.25,0.4,Tue,0,Snow,40.71195,-74.07861,40.53081,-73.88156
T000578,Route_7,Bus,20,40.0,31,11.89,6.3,Thu,0,Clear,40.66398,-74.02084,40.80151,-74.02861
T000579,Route_4,Bus,7,0.9,42,13.26,2.0,Wed,0,Clear,40.87472,-73.88427,40.79869,-73.98903
T000580,Route_9,Bus,15,5.0,26,11.95,0.2,Sat,0,Clear,40.82238,-73.98412,40.93209,-74.06061
T000581,Route_13,Subway,18,24.3,27,6.5,8.4,Mon,0,Fog,40.65088,-73.81765,40.8072,-73.8467
T000582,Route_12,Subway,8,30.4,27,8.56,16.5,Sat,0,Fog,40.75052,-73.75504,40.98702,-73.87829
T000583,Route_12,Tram,14,29.9,38,4.04,1.2,Wed,0,Rain,40.87767,-73.84297,40.86207,-73.74552
T000584,Route_9,Train,13,4.2,38,12.72,3.1,Tue,0,Fog,40.85172,-73.81296,40.59322,-73.98803
T000585,Route_9,Bus,1,28.3,29,10.54,1.9,Fri,0,Rain,40.5162,-73.99832,40.76345,-73.94001
T000586,Route_14,Tram,4,25.4,32,4.42,13.8,Sun,0,Rain,40.94723,-73.88714,40.81218,-73.7342
T000587,Route_9,Ferry,20,21.3,39,13.3,51.5,Fri,0,Rain,40.7634,-73.92397,40.96638,-73.731
T000588,Route_13,Bus,14,32.7,30,2.33,26.9,Fri,0,Rain,40.78725,-73.88653,40.89162,-74.01119
T000589,Route_8,Train,16,13.5,23,10.57,1.2,Thu,0,Clear,40.56093,-73.84614,40.94988,-74.01947
T000590,Route_13,Train,22,43.9,36,2.62,0.1,Tue,0,Clear,40.9823,-73.99407,40.67805,-73.73639
T000591,Route_14,Subway,9,6.9,36,4.56,10.0,Wed,0,Rain,40.92282,-73.94397,40.80115,-73.88059
T000592,Route_4,Tram,12,7.4,36,11.09,8.7,Sat,0,Clear,40.74565,-73.91697,40.81186,-73.78771
T000593,Route_10,Tram,1,24.6,27,3.54,5.5,Fri,0,Clear,40.51559,-73.75563,40.78558,-74.02051
T000594,Route_2,Bus,3,16.0,28,8.59,2.0,Fri,1,Clear,40.70509,-73.80096,40.8541,-73.89615
T000595,Route_19,Bus,15,18.2,30,14.28,1.1,Tue,0,Clear,40.62185,-73.99817,40.74725,-73.8186
T000596,Route_7,Train,10,14.3,32,3.29,5.6,Sat,0,Clear,40.91318,-73.93084,40.89147,-73.76295
T000597,Route_5,Bus,16,26.0,31,5.51,9.1,Thu,0,Clear,40.76616,-73.81145,40.96136,-73.77308
T000598,Route_9,Tram,0,11.2,35,9.94,26.1,Sat,0,Clear,40.78745,-73.96864,40.64999,-73.91988
T000599,Route_5,Subway,16,12.2,29,10.73,4.3,Thu,0,Clear,40.89649,-73.83744,40.71063,-73.94909
T000600,Route_6,Ferry,0,22.9,23,14.22,10.8,Sun,0,Clear,40.53602,-73.79526,40.69615,-74.08324
T000601,Route_11,Subway,20,41.7,34,7.97,1.6,Mon,0,Clear,40.84194,-73.96643,40.90902,-73.86152
T000602,Route_3,Bus,15,27.7,37,6.47,0.8,Wed,0,Clear,40.58546,-73.85119,40.80372,-73.79167
T000603,Route_14,Tram,19,43.3,28,6.96,0.7,Fri,0,Clear,40.7853,-74.04697,40.8564,-74.01483
T000604,Route_17,Tram,3,18.5,29,1.91,8.3,Fri,0,Rain,40.51398,-73.95074,40.50704,-73.77319
T000605,Route_6,Bus,22,26.5,25,2.54,2.8,Fri,0,Clear,40.5192,-73.86256,40.99991,-73.80366
T000606,Route_5,Train,21,34.6,24,10.45,5.1,Tue,0,Snow,40.70517,-73.99658,40.71494,-73.78659
T000607,Route_10,Ferry,9,40.5,37,11.12,11.0,Mon,0,Clear,40.85717,-73.87143,40.86888,-73.83199
T000608,Route_6,Tram,2,29.1,34,7.6,2.7,Mon,0,Snow,40.90454,-73.83333,40.83301,-73.86773
T000609,Route_10,Subway,18,22.4,31,6.84,6.4,Fri,0,Clear,40.6947,-73.82317,40.91339,-73.79228
T000610,Route_3,Tram,0,19.1,36,11.47,1.8,Sun,0,Clear,40.72286,-73.75138,40.66793,-74.09589
T000611,Route_13,Tram,7,35.5,35,6.05,12.5,Sat,0,Clear,40.76048,-73.70627,40.6538,-73.82604
T000612,Route_1,Tram,1,21.4,39,4.52,2.5,Thu,0,Clear,40.85379,-74.05694,40.51516,-74.09503
T000613,Route_16,Train,3,6.9,35,5.94,10.1,Fri,0,Clear,40.96961,-73.8537,40.54571,-73.80053
T000614,Route_7,Subway,22,41.5,31,10.06,2.3,Tue,0,Clear,40.82595,-73.77805,40.96893,-73.74138
T000615,Route_3,Ferry,1,9.5,26,11.67,2.8,Thu,0,Rain,40.70997,-74.08108,40.71875,-73.86265
T000616,Route_20,Tram,7,18.7,23,6.69,7.7,Mon,0,Fog,40.57217,-73.71431,40.8511,-73.84075
T000617,Route_5,Train,2,15.1,24,14.76,0.4,Wed,0,Rain,40.51593,-73.71678,40.55927,-73.96005
T000618,Route_1,Bus,6,30.1,34,2.93,3.6,Thu,0,Clear,40.68021,-74.02229,40.63154,-73.87017
T000619,Route_4,Train,14,31.3,24,1.73,5.2,Thu,0,Rain,40.64049,-74.03888,40.95959,-74.05449
