player_id,team,position,games_played,points_per_game,assists_per_game,rebounds_per_game,minutes_per_game,age,experience_years,salary_millions,all_star,injury_games_missed,contract_year,market_value,win_shares,field_goal_pct,three_point_pct,free_throw_pct
P0001,Team_J,Center,47,2.9,1.5,10.3,25.4,28,17,0.53,0,3,0,1.0,3.9,0.541,0.297,0.669
P0002,Team_J,Midfielder,77,10.5,0.0,7.3,32.3,34,7,2.57,1,4,0,7.42,9.6,0.483,0.288,0.746
P0003,Team_B,Striker,19,19.8,3.7,9.3,8.0,37,9,0.65,1,9,0,20.82,6.0,0.454,0.379,0.747
P0004,Team_G,Center,67,9.8,1.5,7.0,20.6,28,6,2.93,0,8,0,8.92,6.8,0.52,0.385,0.823
P0005,Team_K,Forward,68,1.8,4.1,8.6,16.4,26,4,0.68,1,2,0,1.0,13.1,0.41,0.443,0.935
P0006,Team_H,Center,30,25.5,5.0,6.1,30.1,34,8,2.82,0,5,0,34.4,0.1,0.369,0.461,0.84
P0007,Team_G,Guard,55,10.6,5.1,5.6,24.0,29,13,2.86,0,3,0,16.5,0.0,0.463,0.327,0.846
P0008,Team_L,Striker,30,11.5,5.0,3.5,22.1,20,3,4.72,0,9,0,23.26,10.5,0.3,0.356,0.667
P0009,Team_H,Center,44,0.8,3.1,10.4,13.4,26,12,1.44,0,2,0,2.82,0.0,0.509,0.403,0.726
P0010,Team_K,Center,28,16.8,6.5,2.3,19.6,25,14,1.66,1,8,0,18.6,5.1,0.555,0.275,0.95
P0011,Team_C,Center,46,0.0,1.9,6.9,10.4,35,8,0.76,0,8,1,1.0,2.3,0.3,0.357,0.833
P0012,Team_G,Forward,16,10.9,5.9,7.8,12.3,26,15,0.96,0,1,0,13.34,2.1,0.509,0.417,0.818
P0013,Team_J,Center,68,13.9,4.0,5.7,17.8,23,11,2.55,0,7,0,16.92,8.4,0.535,0.367,0.832
P0014,Team_H,Center,12,9.2,3.2,6.3,25.3,22,17,7.56,0,4,1,15.49,8.8,0.44,0.31,0.791
P0015,Team_A,Forward,37,9.3,2.5,7.9,14.9,29,15,1.54,1,11,0,1.0,6.5,0.389,0.478,0.739
P0016,Team_J,Guard,66,0.5,2.0,2.0,35.4,31,5,0.5,0,6,1,1.0,3.9,0.489,0.345,0.904
P0017,Team_L,Forward,72,16.1,3.3,0.7,10.0,23,11,0.93,0,2,0,26.12,11.3,0.355,0.379,0.807
P0018,Team_H,Striker,18,11.9,6.6,2.8,38.5,28,5,0.66,0,4,0,17.87,9.1,0.462,0.39,0.584
P0019,Team_A,Forward,72,18.8,8.6,2.5,23.0,33,8,6.24,0,4,0,24.85,8.4,0.498,0.394,0.826
P0020,Team_D,Center,81,0.0,2.4,0.7,26.5,27,5,2.5,0,5,0,1.0,13.1,0.552,0.444,0.74
P0021,Team_B,Forward,25,1.7,4.9,0.3,13.6,33,6,8.84,0,4,1,1.0,11.3,0.597,0.358,0.5
P0022,Team_E,Defender,48,4.5,3.6,9.0,28.9,21,10,3.94,1,3,0,7.37,1.3,0.463,0.451,0.71
P0023,Team_K,Striker,35,4.6,5.6,4.3,19.4,35,7,0.64,1,2,1,1.0,4.6,0.489,0.317,0.57
P0024,Team_F,Guard,57,0.0,7.1,13.1,25.3,31,10,3.07,1,5,0,1.0,3.9,0.454,0.357,0.851
P0025,Team_J,Forward,59,3.4,1.9,5.6,31.4,28,16,0.5,0,5,0,1.0,11.7,0.492,0.396,0.759
P0026,Team_C,Striker,69,12.1,9.5,2.7,35.6,33,11,0.5,0,4,0,14.12,0.4,0.484,0.282,0.904
P0027,Team_J,Guard,52,24.8,3.4,13.4,5.0,32,11,7.61,0,3,0,19.64,1.1,0.473,0.385,0.81
P0028,Team_E,Center,49,22.6,6.8,12.8,14.5,22,3,9.46,1,2,1,23.14,0.0,0.3,0.356,0.84
P0029,Team_A,Defender,17,9.0,3.5,0.7,42.9,35,17,6.84,0,3,1,4.68,4.6,0.387,0.309,0.679
P0030,Team_L,Defender,57,11.3,0.0,2.8,16.5,23,12,8.48,0,2,0,1.0,4.9,0.497,0.399,0.808
P0031,Team_E,Center,31,2.7,6.9,7.8,5.4,26,5,3.48,0,7,0,2.24,2.2,0.386,0.23,0.566
P0032,Team_L,Midfielder,38,8.9,5.4,17.8,42.6,32,15,2.81,0,5,0,4.71,7.1,0.395,0.304,0.687
P0033,Team_F,Midfielder,40,13.3,9.4,3.7,25.8,36,15,1.11,1,7,0,20.18,0.6,0.509,0.406,0.574
P0034,Team_K,Defender,80,12.2,6.3,8.7,35.1,23,0,0.53,0,4,0,25.72,5.0,0.498,0.385,0.709
P0035,Team_L,Center,76,10.7,4.1,7.4,18.4,30,2,0.5,0,12,0,18.27,14.4,0.539,0.346,0.742
P0036,Team_F,Center,39,15.9,6.0,6.2,6.0,23,9,3.41,0,9,1,21.99,0.9,0.566,0.235,0.535
P0037,Team_A,Forward,39,17.6,4.1,6.7,25.6,22,8,0.54,1,7,0,25.26,1.3,0.522,0.351,0.642
P0038,Team_L,Forward,15,13.5,8.4,1.6,24.1,28,12,0.5,0,4,0,22.68,3.8,0.604,0.363,0.669
P0039,Team_D,Striker,32,9.8,3.6,14.3,16.0,26,0,4.0,0,3,1,1.0,1.9,0.515,0.402,0.692
P0040,Team_F,Defender,68,13.9,8.4,2.2,5.0,29,10,3.5,0,4,1,24.17,11.2,0.408,0.389,0.849
P0041,Team_C,Forward,81,0.0,1.4,7.1,35.9,21,2,1.02,0,6,0,1.0,6.8,0.565,0.283,0.693
P0042,Team_E,Striker,24,33.8,3.4,1.1,26.7,29,14,3.41,1,3,0,53.06,8.0,0.424,0.436,0.875
P0043,Team_I,Guard,65,15.5,5.8,9.2,24.8,28,1,1.21,0,4,1,18.05,1.7,0.453,0.262,0.784
P0044,Team_C,Center,59,11.3,0.3,3.0,21.2,26,13,1.22,1,6,0,9.31,2.9,0.436,0.419,0.8
P0045,Team_C,Guard,44,13.5,0.6,2.4,27.4,28,6,1.4,0,3,0,10.24,5.1,0.567,0.5,0.709
P0046,Team_H,Guard,28,15.1,1.6,8.6,31.0,28,8,3.85,0,4,0,24.63,1.0,0.451,0.377,0.635
P0047,Team_J,Midfielder,39,9.7,5.7,7.7,32.0,20,0,0.53,0,12,0,1.0,0.5,0.3,0.351,0.539
P0048,Team_A,Center,13,0.0,0.8,2.8,18.5,26,14,1.94,0,8,1,1.0,5.9,0.475,0.384,0.691
P0049,Team_F,Striker,55,10.9,4.8,0.0,29.2,28,12,1.19,0,4,0,13.98,0.0,0.521,0.327,0.775
P0050,Team_J,Forward,72,18.3,1.9,4.8,24.0,37,12,0.5,0,3,0,11.82,5.2,0.462,0.357,0.625
P0051,Team_D,Defender,39,8.6,6.3,5.7,37.1,31,11,1.58,1,7,0,3.38,0.0,0.454,0.41,0.742
P0052,Team_C,Defender,27,10.8,0.0,0.3,17.5,32,7,5.14,0,3,0,1.0,2.9,0.481,0.279,0.83
P0053,Team_H,Striker,78,7.2,6.7,7.4,20.2,25,0,3.37,0,5,1,6.9,2.6,0.464,0.294,0.805
P0054,Team_I,Defender,58,18.7,4.8,11.1,27.1,37,14,0.75,0,5,1,14.76,7.4,0.493,0.354,0.666
P0055,Team_I,Striker,38,14.5,8.3,8.0,28.0,21,17,0.5,0,2,1,20.58,9.4,0.376,0.343,0.636
P0056,Team_C,Midfielder,44,6.2,0.5,10.2,37.0,21,13,3.33,0,5,0,8.01,2.8,0.443,0.334,0.709
P0057,Team_J,Forward,33,27.7,3.5,4.6,35.8,35,12,2.52,0,5,1,36.9,9.2,0.494,0.317,0.683
P0058,Team_H,Striker,24,11.2,2.9,1.2,30.1,36,12,0.5,1,5,0,10.71,6.8,0.332,0.322,0.702
P0059,Team_A,Striker,61,0.0,5.4,3.8,10.0,37,6,0.5,0,4,0,1.0,10.2,0.498,0.421,0.751
P0060,Team_H,Midfielder,40,35.7,3.7,5.2,18.0,20,12,0.5,0,5,0,48.78,0.0,0.498,0.443,0.83
P0061,Team_H,Guard,77,7.9,6.5,0.0,33.0,24,13,0.5,0,8,0,18.38,5.4,0.557,0.333,0.729
P0062,Team_E,Defender,53,17.3,1.9,8.5,44.6,32,16,5.41,0,8,0,17.32,2.5,0.391,0.407,0.95
P0063,Team_J,Forward,35,7.6,7.5,6.7,17.5,35,14,1.09,0,10,0,4.3,1.1,0.354,0.371,0.626
P0064,Team_H,Guard,79,10.9,1.6,6.3,24.1,30,1,1.1,0,8,0,12.08,0.0,0.474,0.325,0.779
P0065,Team_C,Center,57,1.3,12.2,2.6,11.1,25,5,3.79,0,3,0,4.42,0.0,0.593,0.346,0.852
P0066,Team_D,Guard,73,5.7,5.2,1.1,26.8,30,2,8.27,0,4,1,11.96,7.0,0.403,0.4,0.605
P0067,Team_C,Forward,64,9.9,7.5,4.0,18.0,21,13,2.43,1,5,0,16.25,0.0,0.492,0.341,0.72
P0068,Team_D,Striker,31,9.4,3.3,8.3,25.5,20,15,4.74,0,7,0,8.66,10.0,0.375,0.334,0.585
P0069,Team_F,Center,39,9.7,5.9,8.4,5.0,30,8,0.92,0,2,0,10.12,10.2,0.468,0.331,0.861
P0070,Team_A,Midfielder,16,17.2,8.7,4.6,29.9,33,15,1.79,1,8,1,17.27,3.5,0.451,0.364,0.678
P0071,Team_C,Defender,27,17.8,7.7,9.6,18.8,32,7,5.13,1,3,1,28.24,3.2,0.46,0.426,0.735
P0072,Team_I,Striker,29,17.0,0.0,9.1,18.0,26,9,0.5,1,5,0,24.23,14.7,0.444,0.34,0.879
P0073,Team_L,Guard,59,9.0,0.1,7.4,11.6,33,11,0.5,0,4,0,1.0,10.4,0.46,0.369,0.71
P0074,Team_I,Midfielder,13,16.2,1.6,7.0,20.0,31,5,0.67,0,4,0,11.94,6.3,0.548,0.412,0.724
P0075,Team_G,Striker,74,18.5,1.4,8.7,28.8,28,16,0.5,0,3,0,16.37,11.1,0.389,0.404,0.839
P0076,Team_F,Defender,71,16.7,5.0,11.9,22.5,22,2,0.5,0,3,1,19.76,6.9,0.531,0.353,0.666
P0077,Team_E,Forward,13,13.0,1.1,6.6,38.0,37,15,6.17,0,6,0,6.92,6.5,0.51,0.355,0.889
P0078,Team_D,Forward,39,4.0,10.6,1.4,31.2,34,12,3.49,0,3,0,1.0,9.2,0.45,0.431,0.731
P0079,Team_F,Center,35,0.0,5.2,8.3,10.4,23,17,1.61,0,8,0,1.43,0.0,0.502,0.343,0.923
P0080,Team_J,Guard,21,23.7,7.9,7.1,20.1,36,3,5.88,0,11,0,22.01,10.4,0.548,0.481,0.531
P0081,Team_E,Guard,69,20.0,0.0,9.3,21.6,34,13,3.94,1,4,0,24.7,0.1,0.447,0.391,0.825
P0082,Team_A,Midfielder,17,15.8,2.7,2.6,40.2,34,8,1.42,0,6,0,20.85,0.9,0.485,0.281,0.771
P0083,Team_H,Guard,63,3.0,6.4,6.6,16.7,30,9,9.62,0,6,0,1.09,11.2,0.56,0.369,0.942
P0084,Team_A,Center,10,20.5,3.9,5.5,17.2,37,11,2.3,1,3,0,14.29,10.1,0.434,0.425,0.682
P0085,Team_G,Center,80,6.8,8.6,7.3,20.2,33,6,1.01,0,1,0,6.73,0.0,0.568,0.406,0.754
P0086,Team_G,Forward,41,5.6,2.1,6.9,21.5,28,2,1.39,0,2,0,1.0,9.3,0.499,0.369,0.823
P0087,Team_B,Midfielder,41,8.4,5.5,6.6,23.2,32,16,0.76,0,5,0,1.0,4.5,0.496,0.255,0.751
P0088,Team_F,Defender,31,22.7,3.5,0.0,34.5,20,9,5.55,0,4,1,27.79,0.0,0.489,0.324,0.769
P0089,Team_E,Forward,63,11.6,6.4,1.6,29.1,30,16,5.73,0,6,1,14.28,8.2,0.398,0.27,0.723
P0090,Team_A,Forward,48,17.0,1.9,13.2,21.9,26,14,2.31,0,3,1,27.0,3.0,0.437,0.315,0.844
P0091,Team_I,Striker,10,7.7,1.0,3.5,15.4,27,1,1.69,1,1,0,1.0,4.4,0.449,0.2,0.639
P0092,Team_G,Defender,63,27.8,4.4,10.7,18.4,27,1,6.66,0,5,0,39.42,6.1,0.415,0.383,0.873
P0093,Team_E,Striker,18,0.0,6.6,1.7,48.0,31,12,2.19,1,3,1,1.0,2.0,0.502,0.444,0.749
P0094,Team_I,Forward,15,12.8,3.2,7.3,27.9,31,4,0.86,0,4,0,10.54,4.1,0.414,0.371,0.885
P0095,Team_F,Midfielder,17,4.7,2.6,7.5,14.7,31,12,3.73,0,0,0,1.99,4.1,0.338,0.46,0.799
P0096,Team_K,Defender,14,26.1,4.2,0.0,19.4,37,0,0.5,0,2,1,36.57,0.5,0.373,0.339,0.725
P0097,Team_L,Midfielder,55,16.1,4.5,13.6,14.9,23,16,2.57,0,7,1,16.65,6.5,0.404,0.355,0.95
P0098,Team_H,Forward,64,20.8,7.4,9.7,32.2,31,15,2.64,0,6,1,18.33,7.4,0.47,0.269,0.872
P0099,Team_J,Defender,64,0.0,0.0,0.0,20.2,32,14,3.43,0,6,0,1.0,3.4,0.388,0.32,0.669
P0100,Team_J,Center,51,27.0,0.6,0.0,15.8,20,0,0.6,0,9,0,47.29,2.5,0.572,0.348,0.845
P0101,Team_I,Striker,62,13.5,1.2,2.2,14.5,29,1,0.5,0,6,1,15.17,6.0,0.485,0.325,0.745
P0102,Team_H,Defender,42,25.3,0.2,11.4,5.0,20,0,1.31,1,6,1,31.77,1.1,0.555,0.262,0.67
P0103,Team_L,Midfielder,46,5.5,0.9,6.0,18.0,20,12,8.76,0,2,0,1.0,0.0,0.439,0.38,0.695
P0104,Team_C,Striker,47,10.0,1.6,5.2,21.0,21,13,0.5,0,8,1,13.67,10.5,0.401,0.362,0.72
P0105,Team_D,Striker,31,17.0,0.0,0.0,25.4,34,16,4.84,0,4,0,18.45,4.4,0.566,0.2,0.583
P0106,Team_D,Guard,16,0.8,9.1,3.7,24.7,21,9,16.8,0,3,0,1.0,4.9,0.474,0.451,0.655
P0107,Team_B,Defender,31,22.1,5.3,6.9,39.4,22,8,4.01,0,9,0,28.34,2.2,0.442,0.349,0.819
P0108,Team_G,Center,69,19.4,6.3,7.4,23.6,30,9,0.5,0,4,0,43.56,3.3,0.512,0.246,0.597
P0109,Team_L,Midfielder,72,7.1,2.1,8.1,30.1,28,12,0.55,1,3,1,1.0,3.4,0.413,0.294,0.736
P0110,Team_B,Midfielder,39,12.9,0.0,13.9,40.3,25,3,0.5,1,6,1,13.01,5.8,0.379,0.278,0.664
P0111,Team_H,Midfielder,64,4.9,2.9,4.1,30.8,26,1,4.6,0,5,1,1.27,4.3,0.358,0.349,0.763
P0112,Team_B,Defender,39,16.5,7.3,7.2,21.2,37,9,0.5,1,3,0,19.67,0.0,0.434,0.369,0.635
P0113,Team_L,Midfielder,71,20.6,10.6,0.0,46.4,20,12,8.34,0,7,0,37.03,13.3,0.561,0.359,0.543
P0114,Team_L,Forward,15,8.8,5.6,5.2,22.8,25,3,1.97,0,2,0,2.55,0.8,0.308,0.396,0.622
P0115,Team_L,Guard,31,19.1,3.9,5.4,38.6,24,9,1.19,0,4,1,19.39,7.0,0.378,0.307,0.649
P0116,Team_I,Center,71,14.6,4.7,0.0,21.4,34,4,5.12,1,4,0,21.05,0.0,0.423,0.2,0.832
P0117,Team_F,Midfielder,26,3.0,9.8,8.3,25.3,36,10,0.5,1,5,0,4.33,9.5,0.467,0.39,0.646
P0118,Team_H,Defender,47,13.8,0.4,2.4,25.4,36,14,1.16,1,4,0,9.86,0.0,0.53,0.343,0.717
P0119,Team_H,Center,13,18.6,8.2,7.7,36.8,25,5,3.45,0,5,0,21.76,0.0,0.51,0.329,0.912
P0120,Team_E,Forward,72,21.7,0.0,14.3,16.3,29,15,2.41,0,5,1,30.77,8.0,0.43,0.406,0.85
P0121,Team_I,Forward,28,9.4,8.5,10.7,47.6,37,7,2.75,0,4,0,3.22,9.6,0.436,0.403,0.821
P0122,Team_H,Defender,34,0.0,8.8,8.9,23.9,20,11,3.07,1,3,1,1.0,0.0,0.424,0.348,0.636
P0123,Team_J,Guard,52,4.3,0.0,10.3,25.1,32,17,0.95,0,4,0,1.0,9.1,0.488,0.427,0.701
P0124,Team_L,Defender,45,15.9,11.3,4.8,27.1,23,3,6.11,0,4,0,28.41,1.5,0.366,0.397,0.707
P0125,Team_B,Forward,54,12.0,1.9,7.1,24.2,30,15,2.83,0,9,0,4.27,5.2,0.372,0.41,0.768
P0126,Team_I,Defender,38,0.0,3.4,10.0,31.3,24,4,0.5,1,6,1,1.0,5.1,0.513,0.398,0.938
P0127,Team_F,Midfielder,49,10.7,3.1,2.5,25.8,26,7,4.38,0,3,1,13.5,2.5,0.444,0.283,0.817
P0128,Team_I,Guard,17,34.2,5.8,4.9,28.9,25,11,1.23,0,4,1,46.32,4.1,0.466,0.27,0.876
P0129,Team_D,Striker,53,15.0,0.0,3.5,29.3,33,9,5.85,1,3,0,7.38,5.3,0.394,0.446,0.576
P0130,Team_H,Defender,61,14.2,4.6,3.7,34.4,20,12,14.62,0,5,1,20.28,3.5,0.452,0.354,0.922
P0131,Team_L,Defender,77,16.6,11.8,0.2,29.4,22,4,2.55,0,6,0,18.4,1.8,0.424,0.36,0.845
P0132,Team_B,Center,46,10.6,2.9,4.1,25.9,30,10,0.5,0,8,0,11.13,0.4,0.65,0.261,0.796
P0133,Team_H,Midfielder,33,10.1,4.7,1.1,31.1,32,14,4.79,0,2,1,10.86,11.5,0.627,0.439,0.74
P0134,Team_H,Striker,34,0.0,7.2,0.0,13.2,35,3,2.59,0,6,0,1.0,3.5,0.378,0.288,0.714
P0135,Team_I,Midfielder,44,10.0,3.2,4.4,46.6,21,8,7.94,0,9,0,17.0,7.6,0.498,0.29,0.616
P0136,Team_H,Guard,41,14.7,3.2,3.3,34.1,24,7,0.5,0,6,0,20.76,2.2,0.418,0.352,0.901
P0137,Team_A,Guard,17,13.9,0.3,5.8,5.0,27,7,7.22,1,3,1,12.36,7.0,0.468,0.348,0.681
P0138,Team_K,Guard,80,2.6,2.9,13.3,38.0,28,7,1.7,0,4,0,1.0,0.0,0.446,0.29,0.719
P0139,Team_K,Defender,61,13.4,2.1,2.3,39.8,21,15,1.68,1,2,0,18.07,4.4,0.49,0.271,0.62
P0140,Team_G,Striker,35,16.2,3.8,7.7,24.0,21,0,1.29,1,6,0,23.71,3.0,0.524,0.333,0.818
P0141,Team_C,Center,12,10.8,8.8,5.1,14.9,23,2,1.03,1,6,0,21.54,6.8,0.525,0.249,0.68
P0142,Team_I,Center,78,11.3,4.4,10.0,31.0,32,15,0.5,0,6,0,15.84,7.5,0.506,0.475,0.602
P0143,Team_I,Center,68,16.0,2.2,2.0,40.1,20,16,7.89,0,4,0,27.06,4.5,0.434,0.295,0.762
P0144,Team_B,Center,73,19.9,0.7,6.7,15.3,36,17,3.91,0,4,0,11.08,6.9,0.454,0.388,0.66
P0145,Team_B,Striker,73,11.1,2.8,6.5,27.4,30,1,4.33,0,5,0,9.22,0.0,0.51,0.42,0.684
P0146,Team_G,Center,23,11.4,3.2,0.0,35.8,26,9,1.29,1,1,1,10.19,7.5,0.511,0.242,0.6
P0147,Team_L,Defender,25,11.4,9.5,10.3,23.3,35,12,3.9,0,1,1,11.97,8.0,0.409,0.347,0.739
P0148,Team_G,Striker,23,17.8,5.5,13.6,32.3,27,13,4.03,0,2,0,26.56,12.6,0.37,0.316,0.568
P0149,Team_L,Defender,30,17.1,5.9,9.6,19.6,29,12,2.0,0,10,0,24.31,1.7,0.449,0.345,0.783
P0150,Team_A,Striker,59,3.8,7.5,8.1,15.7,29,0,3.8,0,3,1,7.36,4.3,0.45,0.439,0.535
P0151,Team_B,Forward,28,20.2,2.9,7.3,44.0,37,11,1.0,0,6,0,22.8,7.5,0.455,0.344,0.791
P0152,Team_I,Forward,62,10.8,7.5,1.9,29.5,20,14,7.05,1,5,0,16.29,1.1,0.318,0.383,0.847
P0153,Team_H,Guard,19,3.9,0.0,5.2,23.8,22,8,1.28,0,5,1,1.0,7.2,0.406,0.357,0.638
P0154,Team_C,Forward,33,9.5,3.0,3.9,35.9,26,8,3.91,1,5,1,6.79,5.4,0.507,0.288,0.823
P0155,Team_K,Center,35,27.0,1.5,5.1,32.0,26,9,0.5,0,3,0,35.77,2.9,0.533,0.33,0.825
P0156,Team_D,Defender,72,25.1,7.8,14.3,27.6,21,0,9.81,1,8,0,35.94,2.4,0.418,0.426,0.703
P0157,Team_L,Defender,25,0.0,0.6,5.6,25.1,20,7,0.83,0,9,0,1.0,7.4,0.467,0.348,0.853
P0158,Team_H,Forward,45,13.6,4.7,0.0,16.3,33,17,0.5,0,7,0,20.44,8.1,0.422,0.266,0.784
P0159,Team_L,Striker,51,9.1,8.2,5.8,26.9,21,17,2.48,0,4,1,17.79,4.1,0.45,0.319,0.696
P0160,Team_J,Striker,47,3.2,1.4,5.6,24.9,30,6,2.11,1,5,0,1.0,2.8,0.347,0.437,0.826
P0161,Team_L,Defender,43,21.8,5.3,4.0,36.7,29,13,6.01,1,8,0,27.41,7.8,0.377,0.343,0.95
P0162,Team_H,Striker,78,3.6,3.9,8.8,22.9,30,14,1.41,0,7,1,1.42,1.3,0.478,0.2,0.95
P0163,Team_F,Defender,11,39.8,3.5,3.1,39.0,37,16,3.59,1,3,0,57.97,6.6,0.421,0.289,0.634
P0164,Team_B,Guard,20,19.1,6.5,5.1,24.1,21,8,3.12,0,2,0,22.93,0.0,0.585,0.306,0.727
P0165,Team_D,Center,55,3.2,5.0,0.0,27.4,20,0,3.35,1,4,0,3.21,0.0,0.519,0.226,0.682
P0166,Team_H,Striker,23,4.6,8.3,5.8,20.1,30,4,3.33,1,6,1,13.65,3.7,0.377,0.369,0.652
P0167,Team_G,Defender,76,9.9,2.1,7.4,29.4,34,0,0.5,0,3,0,4.76,4.6,0.505,0.415,0.744
P0168,Team_C,Center,69,23.5,2.5,8.6,27.3,24,1,11.53,0,3,0,32.79,8.5,0.588,0.393,0.612
P0169,Team_H,Striker,19,18.2,3.0,5.7,23.5,31,6,1.02,0,4,1,22.98,4.4,0.483,0.338,0.59
P0170,Team_G,Forward,21,10.3,2.6,0.0,35.5,27,13,0.66,0,9,0,12.73,2.1,0.327,0.377,0.881
P0171,Team_J,Midfielder,46,20.0,7.0,4.6,8.5,27,0,1.41,0,3,1,29.6,2.9,0.443,0.403,0.73
P0172,Team_D,Center,33,0.0,6.2,3.0,33.1,25,9,10.1,1,5,0,1.0,7.5,0.525,0.363,0.95
P0173,Team_B,Midfielder,10,20.6,0.0,1.2,28.4,29,8,2.4,0,3,0,19.7,2.4,0.386,0.303,0.635
P0174,Team_K,Center,34,0.0,5.7,9.1,20.8,28,2,0.91,0,5,0,1.0,3.4,0.443,0.315,0.586
P0175,Team_B,Striker,48,18.7,5.9,6.6,22.2,25,11,0.5,0,9,1,28.19,7.7,0.476,0.345,0.817
P0176,Team_A,Guard,41,16.6,8.0,4.8,19.1,37,2,7.45,0,6,1,20.58,3.1,0.374,0.273,0.95
P0177,Team_K,Defender,55,2.6,5.1,2.0,24.8,29,17,0.63,0,5,0,1.0,5.3,0.548,0.327,0.766
P0178,Team_G,Guard,71,13.9,2.5,5.5,20.9,28,0,13.09,1,7,0,11.44,2.3,0.4,0.443,0.83
P0179,Team_J,Center,57,14.9,2.5,7.1,6.5,26,0,2.84,0,6,0,14.9,0.9,0.5,0.206,0.672
P0180,Team_F,Guard,25,3.3,4.9,4.2,39.3,29,7,4.11,0,11,0,1.0,0.8,0.325,0.308,0.67
P0181,Team_A,Guard,30,23.6,6.1,9.7,9.3,28,14,2.32,0,2,0,36.96,0.0,0.443,0.302,0.5
P0182,Team_D,Guard,52,12.9,8.1,9.7,20.9,37,5,2.1,0,2,1,19.01,11.2,0.409,0.352,0.948
P0183,Team_F,Guard,74,9.9,4.9,7.9,33.1,26,17,1.97,0,8,0,12.23,6.3,0.534,0.361,0.859
P0184,Team_G,Guard,23,14.5,4.2,6.2,19.3,34,15,5.93,0,7,0,17.72,7.4,0.399,0.328,0.716
P0185,Team_J,Midfielder,64,18.0,5.3,2.3,48.0,29,0,4.04,0,4,0,14.61,2.1,0.466,0.26,0.878
P0186,Team_D,Defender,58,2.2,7.5,2.8,17.2,37,12,3.24,0,3,0,1.0,12.5,0.51,0.37,0.801
P0187,Team_K,Forward,46,22.5,3.7,10.4,31.6,37,11,1.42,0,6,0,22.28,7.1,0.443,0.358,0.739
P0188,Team_J,Defender,19,15.6,5.1,15.0,47.6,26,9,0.88,1,5,1,18.8,6.0,0.399,0.413,0.792
P0189,Team_G,Guard,64,11.3,3.2,0.0,30.6,23,9,0.93,0,5,1,9.25,8.8,0.54,0.301,0.573
P0190,Team_K,Striker,57,17.5,7.1,10.4,38.4,33,14,2.78,0,3,0,16.21,9.0,0.471,0.341,0.681
P0191,Team_F,Striker,36,13.4,7.5,7.8,10.7,25,14,3.6,1,8,0,10.52,1.0,0.307,0.251,0.709
P0192,Team_L,Defender,71,11.5,7.3,8.0,33.0,31,5,2.48,0,7,1,19.41,1.4,0.342,0.473,0.681
P0193,Team_K,Striker,57,14.3,3.2,8.3,40.6,20,6,4.89,0,4,0,15.26,5.6,0.388,0.346,0.71
P0194,Team_C,Forward,51,12.2,6.7,5.2,32.0,24,2,9.1,0,3,1,12.49,11.1,0.576,0.358,0.69
P0195,Team_A,Striker,51,7.8,10.9,5.1,28.6,28,8,2.86,1,8,0,22.1,10.5,0.405,0.436,0.95
P0196,Team_A,Striker,24,27.6,7.5,9.6,30.7,26,10,1.14,0,5,0,45.09,3.1,0.552,0.443,0.5
P0197,Team_F,Striker,21,6.2,1.9,6.5,17.2,34,1,4.25,0,5,0,1.28,3.2,0.468,0.395,0.874
P0198,Team_D,Guard,35,11.4,4.5,2.5,31.4,28,3,3.49,0,7,0,12.15,6.8,0.391,0.323,0.683
P0199,Team_I,Defender,11,6.7,3.4,5.5,20.4,30,10,1.47,0,7,1,7.86,5.6,0.591,0.301,0.859
P0200,Team_J,Midfielder,18,0.0,2.8,10.8,30.6,32,15,9.2,1,5,1,1.0,0.0,0.3,0.311,0.702
P0201,Team_H,Defender,53,0.0,5.9,8.6,20.2,20,3,1.57,1,8,0,1.0,7.1,0.547,0.352,0.765
P0202,Team_F,Guard,32,10.8,8.3,1.0,18.5,30,10,1.88,1,5,1,6.65,3.5,0.389,0.44,0.733
P0203,Team_E,Center,39,11.3,7.7,3.0,39.4,32,14,2.13,0,4,0,13.88,3.7,0.377,0.303,0.671
P0204,Team_E,Midfielder,30,0.0,0.9,2.3,38.4,22,0,0.82,0,10,0,1.0,9.8,0.479,0.339,0.88
P0205,Team_J,Guard,36,9.9,4.8,4.6,13.8,21,2,4.1,0,3,0,18.94,11.6,0.406,0.292,0.706
P0206,Team_L,Center,68,0.0,3.2,1.7,21.2,29,9,6.73,0,1,1,1.0,3.3,0.456,0.43,0.95
P0207,Team_F,Forward,70,25.7,1.7,8.6,33.9,34,0,0.96,1,4,0,27.25,5.5,0.41,0.259,0.838
P0208,Team_C,Guard,49,13.5,4.3,1.4,38.6,23,9,2.6,1,5,1,15.22,1.8,0.454,0.307,0.729
P0209,Team_G,Guard,69,11.4,6.6,6.1,18.5,21,3,0.57,0,9,0,25.95,1.9,0.507,0.262,0.708
P0210,Team_H,Guard,19,35.4,8.1,6.2,41.9,21,6,1.42,0,5,0,54.12,5.2,0.3,0.233,0.778
P0211,Team_E,Striker,25,14.6,1.0,1.1,21.1,24,13,0.5,0,4,0,13.72,5.7,0.522,0.317,0.63
P0212,Team_D,Center,55,6.9,8.4,5.5,19.7,34,5,0.5,0,5,0,15.55,2.2,0.357,0.321,0.736
P0213,Team_K,Midfielder,66,0.0,3.9,18.4,15.1,33,17,10.03,0,9,0,1.0,7.0,0.403,0.305,0.865
P0214,Team_I,Center,64,11.3,1.6,10.0,35.8,21,5,0.74,0,4,1,15.21,0.5,0.405,0.465,0.881
P0215,Team_G,Center,59,13.7,2.2,8.4,26.0,29,16,0.5,0,1,0,9.99,5.8,0.459,0.265,0.589
P0216,Team_G,Guard,52,7.6,6.7,14.3,36.3,35,10,2.3,0,2,0,3.93,4.1,0.423,0.285,0.735
P0217,Team_L,Guard,57,5.3,5.8,1.6,18.2,31,12,0.5,0,9,0,1.06,5.3,0.65,0.383,0.645
P0218,Team_C,Center,74,20.3,1.4,12.4,22.2,32,15,1.2,0,6,0,29.18,2.8,0.395,0.455,0.836
P0219,Team_K,Guard,50,0.4,4.8,15.4,14.0,27,17,6.84,1,7,0,1.0,9.0,0.467,0.373,0.769
P0220,Team_F,Striker,58,8.6,3.0,1.3,32.6,26,6,0.5,1,6,0,3.1,0.9,0.572,0.377,0.54
P0221,Team_I,Striker,73,10.9,0.0,3.5,35.0,33,1,0.5,0,2,1,15.36,0.6,0.48,0.328,0.719
P0222,Team_D,Center,56,15.7,1.7,3.3,26.7,24,0,3.18,1,5,0,25.96,8.7,0.355,0.431,0.852
P0223,Team_C,Defender,29,15.6,5.9,8.4,29.1,32,11,0.5,0,4,1,12.77,8.1,0.3,0.424,0.691
P0224,Team_E,Striker,58,16.0,3.9,1.2,35.8,36,14,1.5,1,6,0,5.7,2.1,0.497,0.351,0.77
P0225,Team_E,Guard,49,3.0,4.4,6.6,36.9,24,11,5.6,1,6,0,2.78,1.4,0.448,0.312,0.557
P0226,Team_J,Forward,63,0.8,3.7,2.3,35.8,34,8,1.04,0,6,0,1.0,1.8,0.511,0.434,0.663
P0227,Team_B,Center,10,8.8,2.7,7.5,32.5,36,8,1.72,1,5,1,1.0,4.6,0.396,0.374,0.843
P0228,Team_F,Defender,56,12.5,0.0,6.6,15.2,34,14,6.51,0,3,0,4.2,0.8,0.457,0.415,0.915
P0229,Team_K,Midfielder,77,15.0,3.6,6.0,30.2,31,8,12.18,0,4,0,20.54,4.0,0.408,0.279,0.771
P0230,Team_C,Midfielder,63,22.7,1.1,5.6,27.3,34,8,3.42,0,5,1,18.23,5.8,0.509,0.406,0.934
P0231,Team_I,Defender,21,22.5,3.6,0.0,25.6,23,2,0.84,1,3,0,30.06,3.1,0.552,0.381,0.67
P0232,Team_D,Midfielder,42,12.7,4.4,11.9,27.2,23,17,3.22,0,6,1,6.01,3.8,0.486,0.391,0.617
P0233,Team_D,Defender,13,14.2,2.9,3.7,35.3,32,13,0.78,0,6,0,11.01,0.0,0.404,0.359,0.95
P0234,Team_I,Guard,40,5.8,5.0,9.8,29.0,24,1,6.15,0,4,0,1.0,4.8,0.583,0.357,0.548
P0235,Team_E,Midfielder,14,0.0,0.3,0.0,38.0,28,10,0.5,1,4,0,1.0,5.7,0.497,0.372,0.78
P0236,Team_L,Center,74,14.7,7.9,9.9,21.7,22,11,1.17,1,10,0,10.63,0.6,0.423,0.414,0.832
P0237,Team_G,Guard,55,22.7,0.0,4.2,25.5,23,9,0.5,0,5,1,31.12,0.1,0.512,0.341,0.779
P0238,Team_D,Guard,77,19.0,0.0,2.6,27.0,34,13,4.55,0,11,1,26.02,7.9,0.65,0.273,0.778
P0239,Team_C,Striker,63,26.4,1.6,3.2,11.5,26,3,0.5,1,6,0,32.77,0.0,0.402,0.401,0.781
P0240,Team_E,Guard,39,3.9,4.0,11.9,25.7,35,15,12.23,0,10,0,2.19,2.0,0.523,0.41,0.75
P0241,Team_G,Center,74,6.4,4.3,8.4,34.9,24,14,4.06,0,3,0,8.47,5.9,0.468,0.486,0.742
P0242,Team_I,Center,19,15.0,6.0,10.1,6.7,35,4,2.07,0,3,0,25.02,8.2,0.483,0.381,0.748
P0243,Team_I,Defender,73,6.4,15.0,3.6,33.0,28,13,0.5,0,7,0,12.32,6.3,0.396,0.356,0.912
P0244,Team_F,Defender,60,0.0,2.2,6.6,28.9,30,13,0.57,0,6,0,1.0,15.0,0.503,0.333,0.712
P0245,Team_K,Center,60,13.7,4.0,2.0,17.8,23,3,3.94,1,6,0,9.82,3.7,0.582,0.265,0.904
P0246,Team_D,Striker,63,18.2,4.0,5.5,45.0,24,12,1.34,1,5,0,16.64,3.0,0.516,0.474,0.779
P0247,Team_J,Guard,17,20.5,3.4,0.0,29.7,34,9,2.75,0,3,1,16.45,2.4,0.317,0.41,0.69
P0248,Team_H,Guard,73,18.1,4.6,0.0,17.2,31,0,1.16,1,8,1,21.08,1.0,0.438,0.497,0.76
P0249,Team_E,Forward,81,12.8,1.4,7.3,21.9,33,9,4.7,0,5,0,18.62,7.9,0.43,0.415,0.653
P0250,Team_D,Midfielder,15,13.4,6.9,6.3,8.7,35,15,3.31,0,5,0,15.89,1.8,0.384,0.37,0.722
P0251,Team_L,Defender,60,14.4,8.5,4.8,25.3,25,13,8.92,0,5,0,25.18,12.0,0.409,0.352,0.904
P0252,Team_C,Center,24,9.3,1.9,3.2,41.8,22,14,2.35,1,9,0,14.24,0.0,0.503,0.289,0.737
P0253,Team_K,Defender,44,7.4,8.1,9.7,30.1,29,16,0.5,0,4,1,10.07,1.0,0.328,0.36,0.616
P0254,Team_G,Guard,20,9.2,2.8,7.5,19.5,30,9,1.65,1,2,1,4.94,7.0,0.417,0.418,0.696
P0255,Team_E,Forward,19,12.8,8.5,6.1,20.1,26,13,2.6,1,2,1,21.64,4.5,0.451,0.411,0.9
P0256,Team_J,Midfielder,51,19.4,9.1,4.9,27.8,27,6,1.63,0,5,0,24.38,5.7,0.395,0.275,0.692
P0257,Team_C,Center,56,15.2,5.3,8.1,28.8,25,2,4.14,0,6,1,19.89,4.7,0.472,0.347,0.915
P0258,Team_A,Defender,60,14.8,9.3,2.8,26.9,21,5,2.22,0,4,0,18.57,13.1,0.331,0.376,0.865
P0259,Team_J,Defender,12,15.8,4.1,7.3,27.7,30,9,2.65,0,7,0,10.29,0.3,0.552,0.394,0.783
P0260,Team_L,Guard,77,13.3,3.3,0.0,30.6,24,14,3.53,0,4,1,13.3,2.0,0.5,0.2,0.867
P0261,Team_B,Midfielder,16,12.5,3.1,0.0,30.8,24,17,0.5,0,2,1,16.54,2.6,0.501,0.368,0.779
P0262,Team_G,Forward,13,23.0,3.0,5.9,33.6,27,7,6.61,1,4,1,30.01,8.4,0.461,0.22,0.641
P0263,Team_D,Center,72,24.2,8.6,7.5,21.8,32,11,3.08,0,3,1,37.7,2.5,0.43,0.343,0.67
P0264,Team_C,Forward,70,11.7,0.9,4.8,16.6,37,16,0.59,0,1,0,7.32,5.3,0.407,0.305,0.614
P0265,Team_K,Striker,35,5.2,2.6,9.5,18.5,36,15,8.32,0,10,0,1.29,3.7,0.388,0.275,0.622
P0266,Team_K,Center,76,17.5,1.7,4.6,14.6,27,8,5.49,0,5,0,18.27,4.7,0.606,0.374,0.604
P0267,Team_I,Forward,50,19.5,7.7,10.4,28.8,23,3,0.5,0,6,1,31.76,10.1,0.407,0.409,0.654
P0268,Team_E,Defender,33,26.5,4.5,7.3,34.3,26,5,10.67,0,2,0,40.61,1.4,0.453,0.35,0.95
P0269,Team_C,Midfielder,45,12.6,3.2,9.6,5.0,22,13,0.5,0,5,0,18.71,6.9,0.428,0.31,0.709
P0270,Team_B,Midfielder,60,11.4,2.3,6.4,25.2,23,14,5.87,1,5,0,16.42,2.2,0.468,0.268,0.824
P0271,Team_E,Midfielder,80,4.7,3.3,9.1,28.9,23,6,2.07,0,4,1,8.33,2.9,0.335,0.41,0.703
P0272,Team_G,Defender,56,6.2,2.8,4.6,44.9,37,7,0.5,0,5,0,6.45,8.2,0.394,0.388,0.773
P0273,Team_K,Guard,43,7.8,5.3,4.9,7.2,24,1,0.5,0,8,0,7.18,11.6,0.411,0.288,0.758
P0274,Team_L,Forward,49,5.8,2.4,4.0,5.0,36,3,1.17,0,1,0,1.0,8.1,0.63,0.273,0.661
P0275,Team_K,Guard,65,0.0,0.8,4.4,15.1,27,10,1.74,0,7,0,1.0,8.4,0.509,0.369,0.754
P0276,Team_H,Defender,38,10.5,2.8,9.5,25.1,37,2,0.5,0,6,1,3.86,13.8,0.598,0.308,0.718
P0277,Team_J,Midfielder,62,21.1,7.9,2.5,5.0,31,12,2.51,0,5,0,31.83,5.3,0.318,0.298,0.747
P0278,Team_F,Defender,65,16.2,7.1,4.4,26.3,28,5,5.88,0,10,0,22.61,5.7,0.38,0.265,0.68
P0279,Team_L,Guard,28,1.0,2.5,7.5,39.5,36,14,0.5,0,6,1,1.0,8.6,0.478,0.39,0.666
P0280,Team_H,Midfielder,36,20.2,5.5,3.8,5.0,26,12,4.89,0,7,0,13.34,6.8,0.353,0.345,0.697
P0281,Team_I,Center,57,0.0,3.6,5.9,14.4,37,5,1.63,0,7,0,1.0,0.2,0.489,0.377,0.841
P0282,Team_J,Guard,72,20.9,8.7,4.8,19.5,26,7,1.4,0,1,0,25.47,7.6,0.381,0.307,0.867
P0283,Team_K,Forward,33,23.9,4.3,0.0,22.5,27,13,9.32,0,9,0,34.26,0.9,0.464,0.427,0.709
P0284,Team_E,Striker,76,4.7,0.0,11.9,27.7,31,4,5.17,0,7,1,4.97,1.1,0.348,0.381,0.756
P0285,Team_K,Center,54,0.7,7.3,8.6,13.3,33,5,9.57,0,11,0,1.0,4.5,0.412,0.367,0.72
P0286,Team_D,Striker,60,21.7,0.9,3.3,31.2,24,4,2.31,0,3,0,22.39,5.0,0.347,0.365,0.95
P0287,Team_H,Center,57,8.5,12.8,6.8,5.0,25,0,5.18,0,3,1,14.65,10.3,0.472,0.404,0.678
P0288,Team_D,Defender,14,2.3,6.3,4.1,16.5,30,5,3.19,0,4,0,1.0,0.0,0.583,0.392,0.551
P0289,Team_L,Forward,32,29.5,5.7,0.9,9.3,24,15,2.05,1,3,1,47.11,11.7,0.503,0.427,0.721
P0290,Team_D,Striker,57,21.7,0.0,8.6,20.0,20,11,1.55,0,6,0,24.84,3.0,0.488,0.329,0.755
P0291,Team_A,Center,37,21.8,6.1,3.8,40.1,20,1,0.54,1,6,0,31.24,8.9,0.587,0.334,0.664
P0292,Team_H,Guard,45,14.2,6.0,10.1,22.9,30,14,8.73,0,6,0,12.02,5.4,0.459,0.343,0.757
P0293,Team_C,Midfielder,74,13.3,5.8,7.8,13.9,36,11,3.31,0,4,1,14.99,3.4,0.35,0.362,0.857
P0294,Team_E,Midfielder,21,14.2,3.6,9.2,22.4,28,6,3.4,0,1,0,14.94,3.6,0.45,0.376,0.765
P0295,Team_H,Forward,31,10.3,5.4,6.2,20.2,34,3,5.28,0,7,0,20.38,12.1,0.531,0.229,0.702
P0296,Team_G,Striker,74,8.8,7.7,1.6,18.7,23,17,1.49,0,8,0,7.84,10.1,0.472,0.338,0.655
P0297,Team_F,Midfielder,57,11.6,2.7,7.2,40.0,26,5,0.56,0,6,0,11.8,2.7,0.41,0.308,0.789
P0298,Team_K,Defender,12,26.9,5.4,8.8,34.7,21,11,4.52,0,8,0,30.33,4.1,0.318,0.329,0.637
P0299,Team_C,Midfielder,21,12.4,3.3,6.3,24.9,32,7,11.7,0,7,1,11.14,3.0,0.586,0.373,0.603
P0300,Team_L,Defender,61,31.3,4.4,3.0,20.2,23,14,3.94,1,4,0,51.91,8.6,0.501,0.331,0.89
P0301,Team_J,Striker,64,26.3,0.0,4.7,29.4,22,14,1.46,0,2,1,36.04,4.6,0.629,0.423,0.749
P0302,Team_K,Defender,45,21.6,5.3,4.6,24.7,27,1,3.21,0,7,0,31.96,3.2,0.469,0.321,0.762
P0303,Team_E,Striker,80,3.2,3.2,5.1,23.8,30,10,7.41,0,5,1,1.0,9.3,0.513,0.36,0.578
P0304,Team_G,Striker,61,16.8,3.3,6.8,26.2,22,2,1.12,0,2,0,23.4,6.8,0.428,0.205,0.836
P0305,Team_F,Defender,15,12.9,4.1,6.4,48.0,20,13,3.79,0,7,0,8.51,4.8,0.519,0.347,0.802
P0306,Team_F,Forward,69,24.5,3.3,6.8,21.8,26,16,0.5,0,0,0,35.45,3.3,0.449,0.377,0.811
P0307,Team_I,Striker,55,14.1,2.9,7.9,29.2,34,5,0.5,0,7,0,19.63,9.2,0.387,0.285,0.724
P0308,Team_D,Defender,66,12.0,5.3,1.3,34.9,30,7,5.09,0,2,1,13.52,0.6,0.431,0.314,0.896
P0309,Team_K,Forward,12,11.5,8.8,0.0,24.2,28,16,2.72,0,5,1,7.55,5.1,0.474,0.347,0.742
P0310,Team_G,Defender,80,20.2,1.1,4.9,14.9,30,10,3.87,0,2,0,20.29,9.5,0.31,0.332,0.849
P0311,Team_G,Striker,72,24.3,6.7,1.5,33.6,33,13,4.92,0,5,0,38.06,8.3,0.465,0.331,0.767
P0312,Team_I,Forward,70,10.0,3.8,8.9,22.7,23,7,0.5,1,4,0,6.9,0.0,0.445,0.285,0.675
P0313,Team_K,Defender,78,8.1,3.6,6.9,46.0,32,2,1.56,0,2,1,4.33,8.8,0.615,0.297,0.95
P0314,Team_K,Guard,72,10.0,8.2,12.2,23.9,25,10,1.65,0,4,0,10.39,8.6,0.472,0.384,0.747
P0315,Team_K,Center,34,3.7,5.8,5.2,19.3,23,17,1.66,0,7,1,1.0,11.2,0.521,0.308,0.769
P0316,Team_E,Forward,44,17.7,7.7,7.5,28.0,31,2,3.13,0,7,0,18.8,8.4,0.561,0.386,0.693
P0317,Team_I,Guard,38,20.0,1.9,1.5,32.6,26,8,1.65,0,2,0,34.56,0.0,0.514,0.322,0.706
P0318,Team_C,Center,59,17.2,7.8,11.8,26.5,24,9,0.5,0,7,1,18.44,5.7,0.437,0.385,0.553
P0319,Team_A,Forward,10,14.3,3.9,0.0,22.4,36,13,1.88,1,2,0,10.84,3.7,0.412,0.428,0.659
P0320,Team_B,Center,21,3.3,7.7,6.6,28.4,22,7,4.42,1,5,0,3.06,11.0,0.301,0.325,0.796
P0321,Team_L,Forward,67,19.6,4.2,3.9,19.1,32,12,1.25,0,11,0,29.31,3.1,0.394,0.359,0.866
P0322,Team_K,Defender,37,9.9,3.3,1.9,14.9,22,11,1.21,0,6,0,8.49,4.7,0.598,0.37,0.877
P0323,Team_I,Center,20,19.1,4.0,8.6,13.7,29,1,0.5,0,5,0,21.2,12.9,0.508,0.354,0.95
P0324,Team_D,Midfielder,41,17.2,1.7,4.5,22.4,24,1,14.04,0,8,0,25.14,7.5,0.525,0.379,0.67
P0325,Team_L,Striker,45,16.6,0.0,6.9,41.0,25,6,1.78,0,4,0,18.75,0.0,0.452,0.302,0.782
P0326,Team_H,Midfielder,60,20.0,3.0,6.4,27.3,28,13,0.5,0,4,0,26.4,5.5,0.348,0.347,0.755
P0327,Team_E,Midfielder,42,14.1,2.8,4.9,12.0,24,12,0.5,0,5,0,14.16,1.6,0.36,0.348,0.718
P0328,Team_F,Striker,18,8.9,6.3,2.5,5.2,28,17,6.49,0,7,0,7.22,8.0,0.49,0.3,0.85
P0329,Team_D,Guard,24,10.4,7.3,8.4,9.5,34,7,5.66,0,3,0,12.61,9.0,0.43,0.443,0.95
P0330,Team_I,Center,54,8.6,4.0,2.1,27.7,28,0,1.51,0,4,1,11.94,3.0,0.486,0.38,0.629
P0331,Team_L,Midfielder,55,16.0,2.5,9.7,18.3,23,12,1.12,1,3,0,20.63,13.4,0.495,0.408,0.594
P0332,Team_J,Defender,34,8.8,0.0,5.7,5.0,21,1,5.64,0,5,0,1.0,5.3,0.439,0.416,0.66
P0333,Team_H,Guard,80,12.9,5.2,2.2,41.7,29,9,2.29,0,4,0,12.06,6.9,0.411,0.33,0.629
P0334,Team_J,Guard,68,25.1,3.0,7.9,11.6,24,11,1.67,0,7,1,30.48,2.2,0.526,0.333,0.727
P0335,Team_F,Defender,17,13.4,4.2,4.0,27.0,27,17,2.11,0,4,0,13.69,2.9,0.3,0.355,0.689
P0336,Team_C,Center,42,11.7,2.1,4.1,41.8,33,5,2.12,0,5,0,15.38,6.7,0.4,0.374,0.788
P0337,Team_A,Forward,17,6.4,1.2,4.0,18.5,21,2,0.9,0,6,0,2.16,0.2,0.346,0.409,0.531
P0338,Team_D,Forward,77,10.9,4.0,8.9,6.7,29,14,8.11,0,7,0,4.58,1.9,0.529,0.33,0.756
P0339,Team_F,Guard,26,7.0,1.9,8.9,16.5,34,10,0.5,1,7,0,8.79,11.7,0.5,0.386,0.777
P0340,Team_A,Defender,14,22.8,4.0,3.9,25.9,32,17,2.33,1,5,0,20.97,9.7,0.523,0.31,0.744
P0341,Team_C,Center,33,21.6,1.7,6.6,8.4,34,13,4.18,0,4,0,27.82,2.8,0.33,0.35,0.723
P0342,Team_K,Midfielder,38,14.2,5.2,0.9,9.6,33,10,3.62,1,4,0,10.54,3.0,0.442,0.2,0.797
P0343,Team_G,Guard,27,0.0,2.3,1.4,21.7,28,16,4.46,0,6,0,1.0,8.7,0.516,0.366,0.675
P0344,Team_B,Midfielder,53,8.4,0.9,0.0,22.6,36,6,7.0,0,2,0,1.0,10.9,0.427,0.321,0.797
P0345,Team_L,Forward,48,7.9,1.1,0.0,27.2,22,3,0.57,1,0,0,6.6,5.9,0.343,0.351,0.75
P0346,Team_H,Defender,74,5.3,8.6,0.0,21.1,24,14,14.26,0,8,0,1.0,1.7,0.362,0.301,0.854
P0347,Team_C,Center,15,2.9,6.3,1.7,23.9,22,0,1.04,0,2,1,1.0,4.3,0.45,0.366,0.66
P0348,Team_F,Midfielder,32,10.3,5.4,7.5,28.0,24,7,0.5,1,5,0,11.48,0.5,0.46,0.419,0.783
P0349,Team_C,Defender,29,4.6,2.1,3.8,22.7,29,8,1.4,1,1,1,1.0,12.3,0.439,0.201,0.834
P0350,Team_F,Center,48,17.0,4.4,13.0,18.2,22,8,12.74,1,3,0,22.62,6.0,0.449,0.348,0.95
P0351,Team_D,Center,74,14.3,2.2,9.7,23.1,21,9,1.64,0,5,0,18.39,1.2,0.43,0.305,0.592
P0352,Team_J,Guard,42,7.9,7.6,7.0,11.7,23,16,0.5,0,8,0,5.01,6.4,0.434,0.298,0.859
P0353,Team_F,Midfielder,39,26.8,5.9,0.0,28.8,29,3,1.11,0,1,1,39.17,9.3,0.39,0.365,0.737
P0354,Team_B,Center,16,8.3,7.8,0.0,30.1,34,12,0.52,1,3,1,1.0,6.5,0.3,0.4,0.758
P0355,Team_J,Defender,10,15.9,0.0,0.4,32.2,23,4,3.54,1,4,1,19.22,3.2,0.472,0.298,0.763
P0356,Team_B,Defender,28,24.2,6.1,0.0,41.2,35,4,0.5,0,3,0,21.65,7.5,0.426,0.415,0.752
P0357,Team_L,Guard,20,31.7,6.2,10.8,34.1,31,4,1.83,0,5,0,44.04,4.9,0.526,0.335,0.653
P0358,Team_E,Guard,44,8.2,0.0,2.8,39.0,23,1,8.22,0,9,0,2.6,7.8,0.401,0.384,0.713
P0359,Team_B,Striker,29,13.4,7.1,5.9,21.3,29,6,4.92,0,3,0,10.22,3.0,0.407,0.449,0.946
P0360,Team_C,Striker,53,12.5,0.0,2.5,22.5,21,17,0.7,0,2,0,17.34,6.4,0.512,0.298,0.528
P0361,Team_H,Striker,36,13.6,4.3,9.0,5.0,25,7,1.19,0,8,0,10.57,4.0,0.65,0.374,0.883
P0362,Team_J,Striker,16,0.0,6.2,5.6,20.9,20,11,3.1,0,8,0,1.0,8.8,0.515,0.347,0.705
P0363,Team_I,Striker,72,20.5,11.0,10.2,45.8,32,10,0.76,0,6,1,37.06,7.0,0.429,0.386,0.708
P0364,Team_I,Striker,27,9.7,4.3,5.4,25.2,31,16,0.5,0,4,1,11.64,7.9,0.602,0.304,0.732
P0365,Team_D,Guard,52,10.1,0.0,4.3,32.3,32,17,7.81,1,7,0,12.1,7.1,0.326,0.24,0.54
P0366,Team_K,Forward,25,18.2,4.0,7.9,16.1,28,5,7.12,0,1,0,20.64,5.5,0.426,0.295,0.906
P0367,Team_E,Defender,60,25.2,2.5,7.3,25.4,33,17,9.55,0,5,1,30.73,11.3,0.495,0.288,0.84
P0368,Team_B,Center,57,10.7,3.9,15.9,23.4,37,2,6.91,1,1,1,1.01,7.2,0.446,0.371,0.771
P0369,Team_D,Center,35,13.1,3.2,4.6,48.0,31,13,2.12,0,5,0,13.89,0.0,0.523,0.226,0.701
P0370,Team_L,Center,37,12.2,6.8,7.7,6.1,36,1,0.5,0,5,0,14.39,0.9,0.416,0.467,0.632
P0371,Team_I,Guard,68,0.0,13.2,4.2,13.8,31,16,1.08,0,5,1,6.63,6.7,0.419,0.415,0.71
P0372,Team_C,Center,79,0.0,7.8,8.2,40.5,35,7,2.6,0,5,0,1.0,9.3,0.473,0.331,0.95
P0373,Team_J,Guard,13,28.4,1.9,2.1,30.3,25,5,1.53,0,6,0,32.67,5.6,0.423,0.287,0.697
P0374,Team_J,Defender,23,23.8,0.4,0.5,27.3,32,3,2.92,0,6,1,33.46,0.0,0.328,0.388,0.763
P0375,Team_A,Striker,30,13.8,4.7,8.7,43.1,29,15,0.73,0,3,0,20.21,1.7,0.477,0.352,0.643
P0376,Team_B,Guard,18,0.0,2.0,5.9,29.4,25,4,0.73,0,5,0,1.0,4.5,0.599,0.405,0.792
P0377,Team_K,Midfielder,69,12.3,0.7,10.2,23.7,33,14,0.51,0,9,0,4.94,2.9,0.389,0.355,0.724
P0378,Team_B,Forward,77,7.0,9.0,8.0,22.0,35,12,1.67,0,3,0,7.95,3.7,0.458,0.367,0.766
P0379,Team_F,Midfielder,60,13.8,5.8,10.7,5.0,21,6,0.5,0,5,0,11.59,10.4,0.48,0.356,0.784
P0380,Team_F,Forward,56,17.7,3.3,11.3,12.8,21,3,2.25,0,6,0,29.31,0.4,0.595,0.278,0.881
P0381,Team_D,Forward,36,9.9,9.1,10.4,13.4,31,3,7.84,0,3,0,17.76,4.4,0.424,0.31,0.67
P0382,Team_I,Midfielder,73,13.5,0.1,6.8,29.4,27,9,10.67,0,6,1,6.52,13.8,0.466,0.378,0.782
P0383,Team_E,Defender,25,20.6,3.6,12.0,24.6,34,17,0.8,0,1,0,18.66,7.4,0.463,0.401,0.89
P0384,Team_L,Midfielder,65,15.4,0.0,5.5,15.9,27,7,1.09,1,0,1,13.77,1.9,0.469,0.393,0.733
P0385,Team_F,Midfielder,61,13.6,6.8,0.0,32.2,30,15,0.51,0,5,0,16.41,10.5,0.497,0.414,0.902
P0386,Team_G,Midfielder,49,21.0,3.6,7.6,25.5,27,14,6.41,0,4,1,17.16,6.2,0.488,0.389,0.747
P0387,Team_H,Striker,68,4.7,3.6,7.0,5.0,28,13,2.63,0,1,0,1.0,2.7,0.562,0.338,0.699
P0388,Team_A,Defender,62,14.6,2.3,2.5,6.3,32,8,2.22,0,9,0,15.81,2.4,0.3,0.358,0.861
P0389,Team_C,Midfielder,59,6.9,4.6,0.0,22.0,34,4,3.06,0,4,0,9.13,1.9,0.545,0.299,0.809
P0390,Team_F,Guard,52,3.7,8.3,0.0,38.4,25,10,1.23,0,5,1,3.63,6.3,0.485,0.296,0.648
P0391,Team_I,Striker,74,8.8,5.4,7.8,30.6,21,1,0.56,1,7,1,16.45,0.0,0.479,0.437,0.854
P0392,Team_L,Midfielder,71,26.2,3.9,4.7,24.6,36,17,4.31,0,11,0,22.22,2.6,0.486,0.371,0.881
P0393,Team_G,Striker,73,10.4,8.7,6.9,12.7,33,14,2.05,0,9,0,6.44,0.0,0.508,0.357,0.698
P0394,Team_C,Defender,41,17.0,2.1,6.6,10.5,26,2,0.59,1,6,0,20.5,16.2,0.535,0.238,0.5
P0395,Team_H,Guard,39,8.8,6.7,0.0,25.2,35,17,4.25,0,8,0,5.01,9.4,0.365,0.362,0.717
P0396,Team_L,Forward,40,16.8,7.7,8.1,34.5,31,17,3.18,0,7,0,24.95,9.9,0.431,0.384,0.776
P0397,Team_C,Forward,80,1.5,0.0,1.0,6.2,24,11,3.05,0,6,0,1.0,3.5,0.386,0.301,0.733
P0398,Team_F,Striker,60,1.4,0.4,5.5,41.3,26,3,3.46,0,4,1,1.0,8.3,0.4,0.344,0.833
P0399,Team_L,Guard,71,22.6,1.5,6.8,16.9,30,14,3.8,1,8,1,30.24,4.8,0.433,0.294,0.694
P0400,Team_I,Striker,41,7.8,1.4,0.6,21.5,26,14,0.5,0,2,1,14.21,2.9,0.558,0.315,0.58
P0401,Team_F,Guard,11,17.1,8.5,3.9,28.5,35,6,1.71,1,2,1,23.43,12.8,0.423,0.399,0.724
P0402,Team_I,Forward,36,18.7,8.0,7.2,14.8,20,14,2.35,1,4,0,29.31,10.0,0.381,0.39,0.57
P0403,Team_C,Defender,55,9.1,8.0,5.4,15.0,31,14,3.3,1,8,0,7.17,11.8,0.581,0.458,0.759
P0404,Team_L,Striker,59,13.4,0.1,10.1,20.8,27,2,2.55,0,1,1,8.86,3.7,0.521,0.348,0.788
P0405,Team_I,Midfielder,39,15.5,6.1,2.8,14.1,37,14,12.56,1,4,0,16.99,8.6,0.3,0.31,0.764
P0406,Team_G,Defender,71,15.1,3.5,6.5,40.7,23,5,2.79,0,3,0,16.98,12.0,0.481,0.317,0.834
P0407,Team_F,Defender,20,16.0,4.5,3.6,37.0,36,13,2.07,1,7,0,25.71,4.6,0.49,0.403,0.732
P0408,Team_F,Center,72,18.9,2.3,5.7,26.1,31,1,4.73,0,5,0,24.97,7.9,0.461,0.328,0.667
P0409,Team_E,Forward,78,16.6,2.7,8.7,27.2,25,9,2.16,0,3,1,15.23,4.3,0.422,0.328,0.707
P0410,Team_C,Striker,11,14.2,0.0,6.9,43.6,24,8,2.84,0,5,0,21.78,6.6,0.426,0.394,0.814
P0411,Team_L,Defender,52,5.6,5.3,0.5,30.9,36,11,1.18,0,6,0,2.81,7.0,0.338,0.26,0.615
P0412,Team_H,Center,55,18.2,1.8,8.3,22.7,32,11,3.52,0,2,1,13.2,5.8,0.455,0.33,0.788
P0413,Team_L,Defender,36,11.8,4.7,2.3,29.0,21,16,2.85,1,1,0,10.18,4.5,0.536,0.32,0.767
P0414,Team_J,Forward,27,17.9,0.0,5.3,10.6,20,3,1.56,0,2,0,22.08,4.3,0.527,0.353,0.731
P0415,Team_C,Defender,42,8.6,0.0,7.1,27.3,34,14,1.21,0,4,1,14.89,0.8,0.442,0.333,0.72
P0416,Team_K,Forward,62,0.0,3.9,15.7,7.8,23,3,2.47,0,7,1,2.89,5.9,0.465,0.27,0.78
P0417,Team_C,Center,48,22.7,4.9,8.7,24.9,22,11,4.29,0,3,1,31.21,14.1,0.366,0.32,0.706
P0418,Team_H,Defender,19,0.0,4.5,2.2,22.3,27,6,2.62,0,7,0,1.0,3.9,0.621,0.34,0.886
P0419,Team_J,Forward,57,14.6,1.8,0.0,18.1,24,5,1.08,0,4,1,2.92,2.2,0.539,0.361,0.819
P0420,Team_J,Center,55,13.1,4.3,8.7,14.0,22,5,0.69,0,6,0,15.53,7.7,0.349,0.2,0.707
P0421,Team_C,Guard,39,6.2,7.7,1.2,23.5,27,1,2.33,1,2,1,6.25,3.0,0.463,0.268,0.805
P0422,Team_G,Center,68,13.8,6.9,5.7,18.1,29,4,2.97,0,3,1,11.37,0.0,0.505,0.343,0.673
P0423,Team_F,Striker,72,14.7,4.0,0.0,24.4,32,14,9.21,0,6,1,15.33,7.6,0.449,0.489,0.898
P0424,Team_C,Guard,52,16.1,0.0,8.4,12.8,30,8,2.16,1,4,0,14.75,4.7,0.363,0.363,0.767
P0425,Team_C,Striker,29,14.0,4.2,18.5,13.4,27,3,2.65,0,5,1,9.7,4.6,0.488,0.333,0.659
P0426,Team_H,Defender,18,7.2,4.0,6.9,8.4,34,11,1.02,0,3,0,5.51,3.0,0.387,0.325,0.778
P0427,Team_B,Striker,71,7.7,5.2,0.0,19.3,22,11,2.76,0,3,1,8.46,2.4,0.501,0.3,0.95
P0428,Team_G,Midfielder,18,25.8,8.9,9.6,27.1,27,17,2.73,0,7,0,36.17,0.0,0.493,0.347,0.719
P0429,Team_K,Center,14,5.4,4.8,9.4,20.1,35,9,5.97,0,4,1,7.03,9.7,0.523,0.302,0.732
P0430,Team_K,Midfielder,17,0.0,9.2,0.3,41.0,35,3,5.19,0,10,1,1.0,3.5,0.616,0.406,0.657
P0431,Team_H,Defender,15,19.4,5.8,15.1,17.2,25,1,1.24,0,2,0,26.4,0.9,0.498,0.286,0.753
P0432,Team_K,Guard,74,0.0,3.7,4.8,36.9,29,3,0.5,0,3,0,1.0,7.2,0.58,0.281,0.817
P0433,Team_L,Center,69,19.7,6.0,4.6,13.0,25,4,1.41,0,3,1,32.97,11.0,0.473,0.405,0.625
P0434,Team_A,Midfielder,57,21.1,0.9,4.6,16.2,27,4,3.88,0,6,0,31.0,11.3,0.386,0.385,0.706
P0435,Team_D,Guard,27,11.7,8.7,8.4,9.3,37,2,3.66,0,9,0,14.1,4.2,0.416,0.33,0.625
P0436,Team_B,Defender,54,12.3,7.0,5.9,42.3,36,2,0.61,1,5,0,14.8,9.3,0.532,0.328,0.749
P0437,Team_F,Striker,73,2.2,2.6,8.9,40.9,22,2,7.73,0,3,0,1.0,2.3,0.464,0.399,0.838
P0438,Team_E,Striker,73,9.7,4.2,6.9,20.3,23,2,0.75,1,6,1,3.85,10.3,0.437,0.413,0.668
P0439,Team_C,Forward,15,7.5,6.7,3.6,6.9,35,0,0.5,0,5,0,4.83,5.4,0.456,0.406,0.564
P0440,Team_F,Center,71,10.0,5.3,3.1,25.8,34,1,1.91,0,7,0,10.32,4.9,0.474,0.309,0.721
P0441,Team_D,Defender,77,4.0,5.0,13.9,29.0,37,12,6.49,0,7,0,1.0,6.7,0.332,0.236,0.635
P0442,Team_L,Defender,49,17.4,0.7,4.9,9.9,37,10,0.5,1,8,1,17.04,8.5,0.455,0.36,0.832
P0443,Team_J,Defender,33,7.4,8.6,4.3,11.6,37,0,7.68,0,3,1,14.48,0.0,0.497,0.265,0.829
P0444,Team_A,Forward,37,28.1,4.3,12.9,18.1,25,14,1.04,0,7,0,47.4,4.7,0.429,0.327,0.752
P0445,Team_I,Defender,31,3.6,2.6,9.1,16.8,28,3,0.51,0,5,0,1.0,3.0,0.603,0.29,0.735
P0446,Team_A,Striker,52,4.5,2.8,0.0,37.2,33,0,0.82,0,4,0,1.0,9.5,0.392,0.354,0.691
P0447,Team_F,Defender,53,6.3,7.1,7.8,22.8,32,5,0.5,1,5,1,8.78,4.8,0.384,0.372,0.878
P0448,Team_J,Defender,78,15.7,3.7,7.6,21.8,34,16,1.1,0,5,0,19.74,14.7,0.42,0.431,0.78
P0449,Team_K,Striker,75,13.5,6.9,8.8,39.0,23,14,3.43,0,6,1,22.51,9.4,0.51,0.36,0.871
P0450,Team_J,Defender,74,20.7,2.3,6.9,14.8,25,9,8.81,0,6,1,20.23,0.0,0.32,0.313,0.645
P0451,Team_D,Guard,78,3.2,2.1,10.1,24.4,27,7,1.57,0,5,0,1.0,6.7,0.35,0.393,0.685
P0452,Team_L,Forward,43,21.3,7.4,0.8,24.6,27,15,0.87,0,3,0,28.82,1.0,0.473,0.35,0.68
P0453,Team_E,Forward,50,10.6,8.9,4.6,37.0,29,9,0.7,0,9,0,12.07,7.6,0.567,0.317,0.669
P0454,Team_F,Midfielder,10,19.9,0.0,4.7,17.9,29,4,5.66,1,3,0,12.43,0.0,0.518,0.381,0.767
P0455,Team_D,Midfielder,71,13.3,5.1,5.5,31.9,36,10,1.39,0,4,0,9.32,4.6,0.526,0.424,0.698
P0456,Team_G,Striker,62,22.6,4.1,9.5,25.7,35,4,6.54,0,7,0,18.66,10.9,0.378,0.303,0.756
P0457,Team_D,Guard,57,4.1,2.9,3.8,29.5,26,6,1.23,1,5,0,1.09,2.9,0.423,0.36,0.8
P0458,Team_D,Center,42,22.0,7.0,4.5,17.1,34,16,14.33,0,5,1,24.45,3.1,0.459,0.354,0.623
P0459,Team_I,Center,31,19.1,8.3,3.8,22.5,29,9,0.5,0,5,0,26.75,3.9,0.554,0.341,0.798
P0460,Team_F,Midfielder,73,16.4,0.4,0.0,35.0,29,10,4.14,0,5,0,22.97,7.1,0.481,0.342,0.527
P0461,Team_K,Midfielder,21,8.8,7.5,7.8,24.7,20,12,2.98,1,7,0,13.04,7.6,0.476,0.343,0.742
P0462,Team_C,Defender,18,4.2,2.3,5.1,20.8,24,9,2.78,0,6,0,5.08,2.7,0.418,0.38,0.61
P0463,Team_E,Midfielder,78,0.0,4.7,6.6,30.6,29,10,1.14,0,8,0,1.0,6.3,0.508,0.355,0.846
P0464,Team_K,Guard,42,16.6,5.5,4.7,26.2,25,6,0.59,0,6,0,19.1,0.0,0.521,0.365,0.806
P0465,Team_H,Striker,76,16.8,7.6,9.1,47.7,36,8,1.42,0,7,1,19.86,7.2,0.564,0.338,0.805
P0466,Team_K,Striker,51,13.4,4.2,6.5,30.9,36,15,0.5,0,7,0,12.13,3.5,0.325,0.253,0.654
P0467,Team_J,Center,10,18.5,2.2,13.3,15.0,28,12,0.5,1,4,1,21.56,8.3,0.443,0.421,0.861
P0468,Team_J,Forward,46,6.3,1.5,0.0,19.1,36,11,0.86,1,3,0,3.29,0.0,0.525,0.384,0.865
P0469,Team_F,Defender,74,14.8,10.2,3.3,17.1,23,0,0.5,0,1,0,20.22,1.2,0.486,0.284,0.633
P0470,Team_J,Guard,68,17.2,4.0,5.7,21.6,20,11,5.0,0,3,0,18.87,7.7,0.456,0.247,0.899
P0471,Team_I,Guard,34,6.1,3.5,11.4,16.9,28,2,0.5,0,8,0,1.0,0.3,0.417,0.306,0.771
P0472,Team_J,Striker,12,13.8,1.7,8.7,27.1,28,17,1.66,0,4,0,13.07,2.1,0.337,0.474,0.766
P0473,Team_J,Midfielder,16,14.2,3.6,2.8,23.3,26,13,5.6,0,3,0,17.03,0.9,0.318,0.372,0.817
P0474,Team_D,Defender,27,0.9,0.0,1.5,16.1,29,9,10.55,1,1,0,1.0,7.6,0.462,0.45,0.865
P0475,Team_A,Forward,35,18.9,7.3,4.3,42.8,34,14,3.43,0,6,0,20.26,3.5,0.492,0.21,0.726
P0476,Team_C,Midfielder,69,18.8,8.3,6.1,36.3,32,10,2.99,0,3,0,26.17,0.0,0.488,0.288,0.657
P0477,Team_C,Guard,58,15.7,2.0,7.4,10.5,20,2,2.89,0,3,0,23.54,12.5,0.538,0.352,0.684
P0478,Team_B,Midfielder,69,27.0,2.3,6.5,18.2,25,8,3.62,0,7,0,36.01,5.8,0.468,0.314,0.695
P0479,Team_D,Defender,41,10.6,1.8,3.3,17.1,25,12,0.78,0,4,0,8.6,11.1,0.373,0.288,0.856
P0480,Team_J,Forward,77,10.4,5.1,4.8,18.2,32,9,1.47,0,5,0,18.89,2.4,0.362,0.369,0.722
P0481,Team_D,Defender,31,16.6,2.6,6.7,17.0,21,9,2.19,0,2,0,21.84,4.5,0.412,0.335,0.737
P0482,Team_J,Striker,54,3.5,1.0,4.2,25.5,36,15,0.73,1,6,1,1.0,8.6,0.519,0.251,0.769
P0483,Team_D,Guard,60,18.5,6.1,6.9,11.2,22,8,0.59,0,4,0,30.72,2.9,0.37,0.432,0.685
P0484,Team_C,Center,75,11.3,3.8,0.0,22.2,25,8,0.5,0,10,0,13.8,15.4,0.549,0.46,0.815
P0485,Team_J,Guard,33,9.1,8.2,8.1,24.9,36,10,2.51,0,3,1,16.07,7.5,0.338,0.403,0.569
P0486,Team_C,Striker,76,4.4,2.0,1.4,48.0,34,2,1.25,1,6,1,1.0,11.6,0.436,0.456,0.719
P0487,Team_I,Guard,63,18.2,0.8,9.4,25.5,35,1,3.94,1,2,1,19.42,14.1,0.377,0.268,0.749
P0488,Team_D,Striker,65,16.4,5.4,5.4,25.0,35,10,6.4,0,4,0,15.35,6.4,0.441,0.321,0.869
P0489,Team_I,Forward,49,9.5,5.1,8.3,23.7,25,17,4.6,0,3,1,5.42,5.2,0.389,0.409,0.8
P0490,Team_F,Forward,23,21.3,5.7,4.1,48.0,30,10,5.54,1,6,0,34.68,0.0,0.495,0.392,0.766
P0491,Team_G,Midfielder,31,15.7,4.2,3.5,9.0,29,7,11.68,0,10,1,21.04,5.0,0.37,0.283,0.712
P0492,Team_F,Forward,58,0.0,5.2,7.7,48.0,24,13,0.58,0,3,1,1.0,5.1,0.46,0.35,0.602
P0493,Team_G,Forward,22,0.0,5.4,9.2,36.7,37,17,1.28,0,8,1,1.0,3.9,0.477,0.229,0.807
P0494,Team_D,Center,61,18.2,3.1,2.6,30.6,25,11,0.5,0,5,0,30.9,10.8,0.568,0.452,0.667
P0495,Team_H,Striker,52,9.4,0.0,4.9,38.8,26,6,0.5,0,3,1,1.0,1.1,0.448,0.368,0.586
P0496,Team_I,Guard,41,3.4,5.1,4.0,21.0,31,13,3.36,0,6,1,1.0,4.1,0.393,0.416,0.791
P0497,Team_G,Midfielder,59,18.2,7.0,10.6,19.4,32,12,0.81,0,1,0,14.64,7.0,0.547,0.346,0.749
P0498,Team_E,Midfielder,25,1.1,3.7,0.0,29.5,20,6,0.5,0,6,0,2.75,5.1,0.435,0.384,0.618
P0499,Team_A,Forward,20,19.6,8.8,3.3,37.5,29,11,0.5,0,6,0,24.53,3.0,0.509,0.44,0.742
P0500,Team_G,Center,71,5.1,5.5,5.4,26.6,32,1,2.21,0,1,1,1.0,4.2,0.565,0.366,0.623
P0501,Team_H,Guard,33,21.0,3.8,3.9,25.5,23,8,1.6,0,6,0,27.78,3.7,0.493,0.28,0.8
P0502,Team_C,Striker,43,10.0,2.6,10.5,31.8,21,4,5.26,0,6,1,20.41,5.8,0.455,0.341,0.757
P0503,Team_H,Guard,51,19.6,2.5,1.1,25.9,24,6,0.5,1,3,1,19.68,4.8,0.367,0.276,0.832
P0504,Team_B,Striker,22,19.1,7.0,10.2,34.5,31,6,1.33,1,8,0,26.13,5.4,0.3,0.318,0.793
P0505,Team_E,Midfielder,54,20.1,5.9,7.7,23.1,35,2,1.42,0,5,0,14.25,0.0,0.539,0.343,0.658
P0506,Team_G,Striker,14,6.9,3.9,14.3,23.7,24,13,7.74,0,5,0,5.5,6.8,0.483,0.355,0.766
P0507,Team_A,Guard,75,2.2,1.0,5.3,48.0,27,13,1.51,1,2,1,1.0,5.6,0.477,0.345,0.648
P0508,Team_H,Forward,18,6.6,2.5,8.7,22.8,26,11,1.1,1,4,1,6.37,0.0,0.348,0.383,0.83
P0509,Team_D,Midfielder,75,8.7,5.9,3.5,15.8,31,8,11.1,0,2,0,11.14,10.2,0.395,0.283,0.7
P0510,Team_L,Guard,41,17.6,0.0,9.1,17.9,34,6,0.5,0,3,1,21.77,2.6,0.42,0.356,0.844
P0511,Team_E,Defender,74,21.4,8.9,4.0,17.5,26,8,0.5,0,8,0,34.23,1.6,0.342,0.432,0.825
P0512,Team_C,Midfielder,40,11.9,6.9,8.4,27.9,37,2,2.77,0,1,0,15.81,5.4,0.462,0.375,0.725
P0513,Team_L,Defender,44,8.7,7.6,1.7,22.0,30,3,0.67,0,5,0,11.34,3.0,0.394,0.41,0.892
P0514,Team_E,Striker,37,25.0,6.0,0.0,13.7,21,17,1.28,0,3,0,33.46,10.6,0.373,0.381,0.803
P0515,Team_I,Midfielder,79,9.4,7.5,8.9,24.3,34,9,0.5,0,4,0,14.51,5.2,0.332,0.351,0.709
P0516,Team_K,Forward,42,21.2,7.3,12.7,31.5,21,4,0.5,0,3,0,43.25,9.1,0.346,0.343,0.95
P0517,Team_K,Guard,72,11.2,1.2,0.0,14.4,29,15,1.05,0,6,1,7.43,1.9,0.467,0.233,0.95
P0518,Team_E,Center,46,24.7,8.3,3.0,24.4,23,11,1.48,1,7,0,32.71,1.8,0.447,0.308,0.621
P0519,Team_D,Striker,15,13.2,4.1,0.0,33.8,22,2,4.03,1,6,0,17.23,9.8,0.533,0.365,0.7
P0520,Team_K,Center,81,12.1,0.0,4.2,44.4,26,13,5.49,0,7,0,15.29,0.0,0.399,0.346,0.785
P0521,Team_D,Guard,20,11.0,11.9,7.3,15.4,34,15,0.5,1,10,1,21.84,1.1,0.473,0.328,0.653
P0522,Team_C,Defender,28,7.2,0.3,1.8,26.8,27,2,1.41,0,5,0,3.76,0.2,0.434,0.35,0.682
P0523,Team_K,Guard,73,16.2,6.1,6.4,36.7,27,16,0.63,0,4,0,20.37,6.4,0.47,0.443,0.709
P0524,Team_H,Center,30,7.4,0.0,0.4,33.4,36,17,1.34,1,5,1,5.52,6.3,0.36,0.39,0.743
P0525,Team_B,Center,32,13.0,8.5,4.7,29.5,28,14,3.07,0,0,0,18.26,7.1,0.511,0.323,0.782
P0526,Team_I,Defender,76,0.0,4.7,5.1,15.7,22,10,3.73,0,7,1,1.0,13.0,0.483,0.329,0.701
P0527,Team_D,Midfielder,24,19.9,6.8,7.0,5.2,25,9,4.22,0,2,0,24.4,0.0,0.382,0.321,0.788
P0528,Team_E,Striker,65,17.4,3.8,4.8,29.5,24,0,0.5,0,6,0,23.39,0.0,0.508,0.398,0.774
P0529,Team_L,Defender,12,23.0,2.8,10.0,31.2,22,7,1.02,0,7,0,29.36,2.2,0.361,0.354,0.674
P0530,Team_K,Midfielder,69,13.3,3.1,7.6,12.6,31,13,0.5,1,4,0,8.6,6.2,0.543,0.381,0.724
P0531,Team_E,Guard,15,22.2,9.0,7.8,31.4,20,5,0.5,0,5,1,31.28,8.9,0.484,0.2,0.536
P0532,Team_F,Defender,19,5.4,2.4,4.3,34.8,24,5,3.72,1,5,1,2.33,2.3,0.524,0.241,0.807
P0533,Team_L,Center,70,17.8,3.5,8.9,23.4,25,14,2.16,0,2,0,27.64,2.8,0.309,0.414,0.782
P0534,Team_I,Guard,11,14.5,1.0,7.8,26.0,27,1,2.38,0,5,0,14.19,4.5,0.507,0.298,0.683
P0535,Team_B,Striker,59,1.2,7.8,2.4,11.5,24,1,0.92,1,6,0,3.53,0.0,0.512,0.318,0.754
P0536,Team_I,Forward,14,16.9,7.4,5.4,23.1,27,3,0.59,0,10,1,32.53,2.6,0.417,0.34,0.852
P0537,Team_I,Midfielder,61,20.3,1.2,7.3,6.2,35,10,3.99,1,5,1,18.83,5.6,0.481,0.319,0.654
P0538,Team_E,Guard,40,9.1,6.1,7.4,31.5,35,11,1.05,1,7,0,1.0,5.7,0.483,0.255,0.761
P0539,Team_D,Defender,62,16.0,9.5,0.0,38.7,31,5,0.56,0,7,1,25.11,4.7,0.495,0.487,0.875
P0540,Team_C,Center,51,19.9,5.4,1.9,41.0,24,17,2.57,1,3,1,34.36,0.1,0.368,0.218,0.655
P0541,Team_J,Midfielder,20,8.9,0.4,6.8,36.1,26,1,2.51,0,3,1,7.35,16.2,0.417,0.326,0.705
P0542,Team_L,Midfielder,65,10.6,7.4,9.8,26.9,35,10,4.96,1,5,1,7.02,0.0,0.437,0.39,0.614
P0543,Team_E,Forward,62,0.0,2.4,8.0,10.7,31,4,3.36,0,7,1,1.0,4.6,0.522,0.332,0.525
P0544,Team_B,Midfielder,18,0.0,0.8,7.3,25.0,34,2,0.5,0,1,0,1.0,4.0,0.414,0.367,0.797
P0545,Team_C,Midfielder,20,16.1,1.7,11.2,12.8,31,4,0.76,0,4,0,23.49,6.7,0.612,0.2,0.798
P0546,Team_A,Striker,45,16.5,7.8,10.2,23.2,25,9,3.22,0,7,0,27.36,12.3,0.497,0.383,0.83
P0547,Team_I,Striker,74,9.9,4.7,7.4,7.9,25,13,0.5,0,4,0,6.29,2.9,0.548,0.296,0.765
P0548,Team_C,Defender,66,0.0,1.5,4.9,29.5,31,0,2.74,0,8,1,1.0,7.4,0.492,0.231,0.5
P0549,Team_G,Forward,12,6.3,0.0,7.1,34.6,30,13,6.78,0,8,0,1.69,6.5,0.462,0.279,0.851
P0550,Team_J,Striker,11,14.9,2.5,9.2,22.8,34,4,3.74,0,7,0,20.66,11.8,0.328,0.36,0.718
P0551,Team_G,Midfielder,53,19.9,1.0,2.1,30.0,35,15,1.58,0,9,0,22.49,0.0,0.407,0.353,0.799
P0552,Team_I,Midfielder,60,29.2,3.0,3.5,29.7,32,15,3.63,0,3,0,41.48,7.2,0.301,0.399,0.882
P0553,Team_H,Center,72,13.2,4.2,6.2,22.7,28,11,9.37,0,10,1,12.71,5.1,0.318,0.43,0.82
P0554,Team_C,Midfielder,20,10.0,0.5,11.5,34.5,26,14,10.67,0,1,0,12.72,9.1,0.527,0.385,0.689
P0555,Team_I,Guard,31,16.9,0.0,5.9,14.3,36,2,0.5,0,8,0,10.95,0.3,0.422,0.277,0.634
P0556,Team_G,Forward,64,16.9,1.7,2.9,29.1,20,16,5.73,0,5,0,27.71,1.5,0.435,0.378,0.649
P0557,Team_B,Striker,74,8.4,7.0,8.4,27.2,25,6,3.23,0,11,0,10.84,1.1,0.357,0.33,0.618
P0558,Team_A,Center,41,1.6,5.3,0.0,40.3,26,6,1.77,0,4,0,2.58,0.0,0.436,0.298,0.82
P0559,Team_L,Forward,64,23.1,5.2,2.2,35.8,35,8,6.81,0,8,0,25.78,6.6,0.468,0.428,0.644
P0560,Team_L,Striker,27,20.1,5.6,13.8,17.0,24,9,3.25,0,3,0,24.57,4.9,0.514,0.348,0.751
P0561,Team_J,Striker,11,20.3,5.6,12.1,42.5,24,14,5.31,0,10,0,33.8,10.9,0.411,0.361,0.95
P0562,Team_C,Center,52,26.1,5.2,8.6,29.3,34,9,1.79,0,4,1,28.34,7.7,0.433,0.407,0.774
P0563,Team_B,Midfielder,44,4.8,0.0,13.2,17.7,20,15,2.04,0,5,0,1.0,7.6,0.496,0.358,0.814
P0564,Team_B,Center,40,22.1,8.2,3.3,31.6,36,10,6.32,1,3,0,24.69,1.7,0.417,0.411,0.869
P0565,Team_K,Center,29,0.0,6.6,7.2,31.2,23,16,0.5,0,3,0,1.0,0.0,0.459,0.427,0.761
P0566,Team_H,Center,30,12.3,5.7,8.3,33.9,30,3,0.52,0,2,0,14.38,4.5,0.421,0.403,0.734
P0567,Team_H,Striker,17,0.0,6.3,5.1,27.2,32,13,1.0,0,4,0,1.0,0.0,0.548,0.321,0.701
P0568,Team_F,Center,16,18.9,0.0,4.8,42.5,22,0,9.03,0,8,1,13.67,2.3,0.531,0.451,0.759
P0569,Team_G,Forward,42,19.5,2.9,4.5,30.1,32,11,0.91,0,5,0,19.9,12.1,0.448,0.309,0.64
P0570,Team_E,Forward,37,11.0,9.8,5.3,14.9,33,4,2.32,0,4,0,16.97,0.0,0.444,0.354,0.632
P0571,Team_L,Striker,51,0.0,4.0,0.0,26.8,21,15,3.62,0,4,0,1.62,8.4,0.353,0.377,0.749
P0572,Team_F,Defender,81,6.5,0.0,1.3,42.6,26,5,0.59,0,3,1,1.0,2.6,0.403,0.425,0.754
P0573,Team_F,Center,56,8.1,3.9,2.7,11.4,33,11,3.98,1,1,0,16.5,0.0,0.3,0.313,0.627
P0574,Team_C,Center,21,3.6,0.0,11.0,37.8,31,3,6.66,0,6,1,1.0,0.0,0.554,0.284,0.775
P0575,Team_L,Defender,48,8.1,1.3,3.3,22.6,34,2,1.8,0,4,0,1.0,0.5,0.31,0.312,0.783
P0576,Team_J,Guard,61,18.7,3.1,3.7,42.7,35,0,0.5,0,4,0,19.01,6.2,0.454,0.28,0.806
P0577,Team_E,Forward,70,13.8,6.4,1.1,32.2,27,4,5.43,0,3,0,12.37,14.4,0.489,0.281,0.71
P0578,Team_I,Forward,50,15.6,0.0,9.8,34.0,23,15,0.64,0,5,0,11.8,0.1,0.3,0.43,0.866
P0579,Team_B,Defender,73,3.6,6.6,8.8,29.8,29,1,4.37,0,8,1,1.0,2.2,0.477,0.399,0.697
P0580,Team_G,Striker,41,11.4,3.1,3.7,38.3,20,12,4.9,0,6,1,11.81,9.3,0.607,0.447,0.849
P0581,Team_H,Center,16,1.2,8.4,0.0,16.1,25,9,1.53,0,3,1,1.0,10.4,0.412,0.277,0.622
